1	横浜国立大学	横浜国立大学学術情報リポジトリ	https://ynu.repo.nii.ac.jp	10.18880
2	横浜商科大学	横浜商科大学機関リポジトリ	https://ycc.repo.nii.ac.jp	10.15095
3	横浜市立大学	横浜市立大学学術機関リポジトリ	https://ycu.repo.nii.ac.jp	10.15015
4	安田女子大学	安田女子大学リポジトリ	https://yasuda-u.repo.nii.ac.jp	10.24613
5	山梨県立大学	山梨県立大学機関リポジトリ	https://www.i-repository.net/il/meta_pub/G0000632repository	10.60388
6	山梨学院大学	山梨学院リポジトリ	https://ygu.repo.nii.ac.jp	
7	山口大学	山口大学学術機関リポジトリYUNOCA	https://petit.lib.yamaguchi-u.ac.jp	10.60462
8	山口県立大学	山口県立大学学術機関リポジトリ	http://ypir.lib.yamaguchi-u.ac.jp/yp	
9	山口学芸大学	山口学芸大学・山口芸術短期大学リポジトリ	https://ypir.lib.yamaguchi-u.ac.jp/yg	
10	山形大学	山形大学学術機関リポジトリ	https://yamagata.repo.nii.ac.jp	10.15022
11	山形県立米沢栄養大学	山形県公立大学法人学術機関リポジトリ	https://yone.repo.nii.ac.jp	10.18927
12	山形県立保健医療大学	山形県立保健医療大学リポジトリ	https://yachts.repo.nii.ac.jp	10.20610
13	和洋女子大学	和洋女子大学学術リポジトリ	https://wayo.repo.nii.ac.jp	10.18909
15	和光大学	和光大学リポジトリ	https://wako.repo.nii.ac.jp	
16	育英館大学	稚内北星学園大学学術機関リポジトリ	https://wakhok.repo.nii.ac.jp	
18	羽陽学園短期大学	羽陽学園短期大学リポジトリ	https://uyo.repo.nii.ac.jp	10.15039
19	宇都宮大学	宇都宮大学 学術情報リポジトリ（UU-AIR）	https://uuair.repo.nii.ac.jp	10.24565
20	浦和大学	浦和大学リポジトリ	https://urawa.repo.nii.ac.jp	
23	富山大学	富山大学学術情報リポジトリ	https://toyama.repo.nii.ac.jp	10.15099
24	聖心女子大学	聖心女子大学学術リポジトリ	https://u-sacred-heart.repo.nii.ac.jp	
25	琉球大学	琉球大学学術リポジトリ	https://u-ryukyu.repo.nii.ac.jp	10.24564
28	新潟県立大学	新潟県立大学学術リポジトリ	https://unii.repo.nii.ac.jp	10.24740
29	長崎県立大学	長崎県立大学学術リポジトリ	https://sun.repo.nii.ac.jp	10.82659
31	流通科学大学	流通科学大学学術リポジトリ	https://ryuka.repo.nii.ac.jp	
32	高知県立大学	高知県立大学学術情報リポジトリ	https://u-kochi.repo.nii.ac.jp	10.82769
33	兵庫県立大学	兵庫県立大学学術情報リポジトリ	https://u-hyogo.repo.nii.ac.jp	
34	福井大学	福井大学リポジトリ	https://u-fukui.repo.nii.ac.jp	10.34463
35	東亜大学	東亜大学リポジトリ	https://ypir.lib.yamaguchi-u.ac.jp/ea	
36	会津大学	会津大学学術リポジトリ	https://u-aizu.repo.nii.ac.jp	10.15016
37	植草学園大学	植草学園リポジトリ	https://uekusa.repo.nii.ac.jp	10.20650
38	上田短期大学	上田短期大学リポジトリ	https://uedawjc.repo.nii.ac.jp	
39	宇部フロンティア大学	宇部フロンティア大学・宇部フロンティア大学短期大学部リポジトリ	https://ypir.lib.yamaguchi-u.ac.jp/uf	
40	敦賀市立看護大学	敦賀市立看護大学リポジトリ	https://tnu.repo.nii.ac.jp	10.57429
41	都留文科大学	都留文科大学学術機関リポジトリ　 トレイル	https://tsuru.repo.nii.ac.jp	10.34356
42	つくば国際大学	つくば国際大学・つくば国際短期大学機関リポジトリ	https://tiu-tijc.repo.nii.ac.jp	10.20843
44	豊橋技術科学大学	豊橋技術科学大学学術機関リポジトリ	https://repo.lib.tut.ac.jp	10.82609
45	豊橋創造大学	豊橋創造大学学術情報リポジトリ	https://sozo-air.repo.nii.ac.jp	
47	東洋学園大学	東洋学園大学機関リポジトリ	https://togaku.repo.nii.ac.jp	10.24547
48	東洋英和女学院大学	東洋英和女学院大学学術リポジトリ	https://toyoeiwa.repo.nii.ac.jp	
49	東洋文庫	東洋文庫リポジトリ	https://toyo-bunko.repo.nii.ac.jp	10.24739
50	富山県立大学	富山県立大学機関リポジトリ	https://pu-toyama.repo.nii.ac.jp	
51	富山短期大学	富山短期大学学術機関リポジトリ	https://toyama-c.repo.nii.ac.jp	
53	東京造形大学	東京造形大学学術機関リポジトリ	https://zokei.repo.nii.ac.jp	
54	東京女子体育大学	東京女子体育大学学術機関リポジトリ	https://twcpe.repo.nii.ac.jp	10.24554
55	東京女子医科大学	東京女子医科大学学術リポジトリ Twinkle	https://twinkle.repo.nii.ac.jp	10.20780
58	山陽小野田市立山口東京理科大学	山口東京理科大学リポジトリ	https://socu.repo.nii.ac.jp	10.69272
60	東京薬科大学	東京薬科大学学術リポジトリ	https://toyaku.repo.nii.ac.jp	10.15072
62	東京情報大学	東京情報大学学術リポジトリ	https://tuis.repo.nii.ac.jp	10.15029
67	東京聖栄大学	東京聖栄大学 リポジトリ	https://tsc.repo.nii.ac.jp	
68	東京工芸大学	東京工芸大学学術リポジトリ	https://kougei.repo.nii.ac.jp	
70	東京都立産業技術高等専門学校	東京都立産業技術高等専門学校リポジトリ	https://metro-cit.repo.nii.ac.jp	
71	東京医科大学	東京医科大学学術リポジトリ	https://tmu.repo.nii.ac.jp	
72	東京科学大学	東京科学大学機関リポジトリ	https://isct.repo.nii.ac.jp	
73	東京経済大学	東京経済大学学術機関リポジトリ	https://tku.repo.nii.ac.jp	10.82752
75	東京科学大学	東京科学大学リサーチリポジトリ(T2R2)	https://t2r2.star.titech.ac.jp	
77	東京歯科大学	東京歯科大学学術機関リポジトリ : IRUCAA@TDC	http://ir.tdc.ac.jp	10.15041
78	東京電機大学	ＴＤＵ学術リポジトリ	https://tdu.repo.nii.ac.jp	10.24543
79	東京音楽大学	東京音楽大学リポジトリ	https://tokyo-ondai.repo.nii.ac.jp	
80	東京都市大学	東京都市大学学術リポジトリ	https://tcu-ar.repo.nii.ac.jp	10.82692
81	東京基督教大学	東京基督教大学機関リポジトリ	https://tcu.repo.nii.ac.jp	10.34581
82	東京有明医療大学	東京有明医療大学　学術リポジトリ	https://tau.repo.nii.ac.jp	10.20600
83	周南公立大学	周南公立大学リポジトリ	https://ypir.lib.yamaguchi-u.ac.jp/tu	
85	常葉大学	常葉大学・常葉大学短期大学部リポジトリ	https://tokoha-u.repo.nii.ac.jp	10.18894
86	常磐大学	常磐大学学術リポジトリ	https://tokiwa.repo.nii.ac.jp	
87	東海学園大学	東海学園大学学術情報リポジトリ	http://repository.tokaigakuen-u.ac.jp/dspace	
88	東海大学	東海大学学術情報リポジトリ	https://u-tokai.repo.nii.ac.jp	10.18995
89	東海学院大学	東海学院大学学術機関リポジトリ	https://tokaigakuin-u.repo.nii.ac.jp	10.24478
90	戸板女子短期大学	戸板女子短期大学学術機関リポジトリ	https://toita.repo.nii.ac.jp	10.20674
91	桐蔭横浜大学	桐蔭横浜大学学術情報リポジトリ	https://toin.repo.nii.ac.jp	10.50937
92	柴田学園大学	柴田学園大学学術情報リポジトリ	https://tojo.repo.nii.ac.jp	10.24623
93	東北公益文科大学	東北公益文科大学機関リポジトリ	https://koeki.repo.nii.ac.jp	10.15038
94	東北芸術工科大学	東北芸術工科大学リポジトリ	https://tuad.repo.nii.ac.jp	10.15030
96	東北医科薬科大学	東北医科薬科大学学術リポジトリ	https://tohoku-mpu.repo.nii.ac.jp	10.14997
97	東北工業大学	東北工業大学学術リポジトリ	https://tohtech.repo.nii.ac.jp	10.51048
99	東北福祉大学	東北福祉大学リポジトリ	https://tfulib.repo.nii.ac.jp	10.57314
100	東北文化学園大学	東北文化学園大学機関リポジトリ	https://tbgu.repo.nii.ac.jp	
101	東邦大学	東邦大学学術リポジトリ	https://toho.repo.nii.ac.jp	10.14994
102	桐朋学園大学	桐朋学園大学・桐朋学園芸術短期大学学術機関リポジトリ	https://tohomusic.repo.nii.ac.jp	10.69292
105	滋賀県立大学	滋賀県立大学学術情報機関リポジトリ	https://usp.repo.nii.ac.jp	10.24795
107	人間環境大学	人間環境大学リポジトリ	https://uhe.repo.nii.ac.jp	10.57458
109	会津大学短期大学部	会津大学短期大学部学術機関リポジトリ	https://jc.u-aizu.repo.nii.ac.jp	10.20645
110	放送大学	放送大学機関リポジトリ	https://ouj.repo.nii.ac.jp	
111	日本歯科大学	日本歯科大学学術機関リポジトリ	https://ndu-rep.repo.nii.ac.jp	10.14983
112	国立西洋美術館	国立西洋美術館出版物リポジトリ	https://nmwa.repo.nii.ac.jp	
113	東京慈恵会医科大学	東京慈恵会医科大学　学術リポジトリ	https://ir.jikei.ac.jp	10.24735
114	日本赤十字九州国際看護大学	日本赤十字九州国際看護大学リポジトリ（仮称）	https://jrckicn.repo.nii.ac.jp	10.15019
115	日本赤十字広島看護大学	日本赤十字広島看護大学リポジトリ	https://jrchcn.repo.nii.ac.jp	10.24654
116	独立行政法人国際交流基金	国際交流基金リポジトリ	https://jpf.repo.nii.ac.jp	10.20649
117	鹿児島国際大学	鹿児島国際大学リポジトリ	https://iuk-repo.repo.nii.ac.jp	10.32123
118	情報・システム研究機構統計数理研究所	統計数理研究所学術研究リポジトリ	https://ismrepo.ism.ac.jp	10.18932
119	公益財団法人大原記念労働科学研究所	労研デジタルアーカイブ	https://www.isl.or.jp/darch	
120	総合研究大学院大学	総研大リポジトリ	https://ir.soken.ac.jp	
123	天使大学	天使大学リポジトリ	https://tenshi.repo.nii.ac.jp	
124	天理大学	天理大学学術情報リポジトリ	https://opac.tenri-u.ac.jp/repo/repository/metadata/?lang=0	
125	帝京科学大学	帝京科学大学学術リポジトリ	https://tust.repo.nii.ac.jp	10.18881
127	帝京平成大学	帝京平成大学リポジトリ	https://thu.repo.nii.ac.jp	10.69277
128	多摩大学	多摩大学学術情報リポジトリ Tama蔵	https://tama.repo.nii.ac.jp	10.15059
129	多摩美術大学	多摩美術大学　機関リポジトリ	https://tamabi.repo.nii.ac.jp	
131	高崎健康福祉大学	高崎健康福祉大学機関リポジトリ	https://takasaki-u.repo.nii.ac.jp	10.50973
132	高崎経済大学	高崎経済大学機関リポジトリ	https://tcue.repo.nii.ac.jp	10.20635
133	高千穂大学	高千穂大学学術リポジトリ	https://takachiho.repo.nii.ac.jp	
134	大正大学	大正大学 機関リポジトリ	https://tais.repo.nii.ac.jp	
135	鈴鹿大学	鈴鹿大学学術機関リポジトリ	https://suzuka.repo.nii.ac.jp	
136	鈴鹿医療科学大学	鈴鹿医療科学大学学術機関リポジトリ	https://sums.repo.nii.ac.jp	
137	公立諏訪東京理科大学	公立諏訪東京理科大学学術リポジトリ	https://sus.repo.nii.ac.jp	
139	椙山女学園大学	椙山女学園大学学術機関リポジトリ	https://lib.sugiyama-u.repo.nii.ac.jp	10.20557
140	杉野服飾大学	杉野服飾大学学術機関リポジトリ	https://sugino-fc.repo.nii.ac.jp	10.20562
143	崇城大学	崇城大学リポジトリ	https://sojo-u.repo.nii.ac.jp	10.14996
144	相愛大学	相愛大学学術情報リポジトリ	https://soai.repo.nii.ac.jp	
145	淑徳大学	淑徳大学学術機関リポジトリ	https://shukutoku.repo.nii.ac.jp	10.20779
146	就実大学	就実学術成果リポジトリ	https://shujitsu.repo.nii.ac.jp	10.24771
148	昭和音楽大学	昭和音楽大学機関リポジトリ	https://opac.tosei-showa-music.ac.jp/webopac/cattab.do?tab_num=3&search_mode=detail	
149	昭和医科大学	昭和医科大学学術業績リポジトリ	https://showa.repo.nii.ac.jp	
150	昭和薬科大学	昭和薬科大学リポジトリ	https://shoyaku.repo.nii.ac.jp	
151	湘南医療大学	湘南医療大学リポジトリ	https://shonan-ums.repo.nii.ac.jp	10.24653
152	湘南工科大学	湘南工科大学学術リポジトリ	https://shonan-it.repo.nii.ac.jp	
153	尚絅学院大学	尚絅学院大学リポジトリ	https://shokei.repo.nii.ac.jp	10.24511
154	湘北短期大学	湘北短期大学リポジトリ	https://shohoku.repo.nii.ac.jp	
155	尚美学園大学	尚美学園大学学術情報リポジトリ	https://shobi-u.repo.nii.ac.jp	10.57486
156	静岡文化芸術大学	静岡文化芸術大学学術リポジトリ	https://suac.repo.nii.ac.jp	10.69182
158	静岡産業大学	静岡産業大学学術機関リポジトリ	https://shizusan.repo.nii.ac.jp	
159	四天王寺大学	四天王寺大学リポジトリ	https://shitennojiuniversity.repo.nii.ac.jp	10.20639
160	至誠館大学	至誠館大学リポジトリ	https://ypir.lib.yamaguchi-u.ac.jp/fb	
161	白百合女子大学	白百合女子大学学術機関リポジトリ	https://shirayuri-u.repo.nii.ac.jp	10.24510
162	白梅学園大学	白梅学園大学・短期大学 学術リポジトリ	https://shiraume.repo.nii.ac.jp	10.69392
164	信州豊南短期大学	信州豊南短期大学リポジトリ	https://honan.repo.nii.ac.jp	
165	下関短期大学	下関短期大学リポジトリ	http://ypir.lib.yamaguchi-u.ac.jp/sj	
166	下関市立大学	下関市立大学リポジトリ	https://ypir.lib.yamaguchi-u.ac.jp/sc	
167	島根大学	島根大学学術情報リポジトリ	https://ir.lib.shimane-u.ac.jp/ja	10.24568
168	四国大学	四国大学機関リポジトリ	https://shikoku-u.repo.nii.ac.jp	10.20559
169	四條畷学園大学	四條畷学園大学・四條畷学園短期大学 学術機関リポジトリ	https://shijonawate-gakuen.repo.nii.ac.jp	10.15110
170	志學館大学	志學館大学 リポジトリ	https://shigakukan.repo.nii.ac.jp	10.18955
173	滋賀短期大学	滋賀短期大学学術情報リポジトリ	https://shigatan.repo.nii.ac.jp	
174	芝浦工業大学	芝浦工業大学　学術リポジトリ	https://shibaura.repo.nii.ac.jp	
176	洗足学園音楽大学	洗足学園音楽大学・洗足こども短期大学リポジトリ	https://senzoku.repo.nii.ac.jp	10.20609
178	千里金蘭大学	千里金蘭大学学術リポジトリ	https://kinran.repo.nii.ac.jp	10.15075
179	仙台大学	仙台大学機関リポジトリ	https://sendai-u.repo.nii.ac.jp	
181	聖泉大学	聖泉大学学術機関リポジトリ	https://seisen-u.repo.nii.ac.jp	10.34359
183	清泉大学	清泉大学機関リポジトリ	https://seisen-jc.repo.nii.ac.jp	
184	星槎大学	星槎大学 機関リポジトリ	https://seisa.repo.nii.ac.jp	
185	聖隷クリストファー大学	聖隷クリストファー大学学術情報リポジトリ	https://seirei-univ.repo.nii.ac.jp	10.15008
186	西南女学院大学	西南女学院大学学術機関リポジトリ	https://seinan-jo.repo.nii.ac.jp	10.20734
190	聖学院大学	聖学院学術情報発信システム　SERVE	https://serve.repo.nii.ac.jp	10.15052
192	札幌医科大学	札幌医科大学学術機関リポジトリ	https://sapmed.repo.nii.ac.jp	10.15114
193	札幌学院大学	札幌学院大学学術機関リポジトリ	https://sgul.repo.nii.ac.jp	
194	札幌市立大学	札幌市立大学学術機関リポジトリ	https://scu.repo.nii.ac.jp	10.15025
195	佐野日本大学短期大学	佐野日本大学短期大学学術リポジトリ	https://sanotan.repo.nii.ac.jp	10.15109
196	作新学院大学	作新学院大学学術機関リポジトリ	https://sakushin-u.repo.nii.ac.jp	10.18925
197	佐久大学	佐久大学機関リポジトリ	https://saku.repo.nii.ac.jp	
198	埼玉女子短期大学	埼玉女子短期大学学術情報リポジトリ	https://saijo.repo.nii.ac.jp	10.15115
200	埼玉東萌短期大学	埼玉東萌短期大学学術機関リポジトリ	https://saitamatoho.repo.nii.ac.jp	10.20782
201	埼玉県立大学	埼玉県立大学機関リポジトリ	https://spu.repo.nii.ac.jp	10.24560
203	埼玉工業大学	埼玉工業大学機関リポジトリ	https://sit.repo.nii.ac.jp	
204	埼玉学園大学	埼玉学園大学・川口短期大学機関リポジトリ	https://saigaku.repo.nii.ac.jp	10.15037
205	相模女子大学	相模女子大学リポジトリ	https://www-uf01.ufinity.jp/sagami_wu	
207	流通経済大学	流通経済大学学術情報リポジトリ	https://rku.repo.nii.ac.jp	10.20573
208	龍谷大学	龍谷大学学術機関リポジトリ　R-SHIP	https://opac.ryukoku.ac.jp/?action=pages_view_main&active_action=v3search_view_main_init&block_id=296&tab_num=5	10.50873
209	SBC東京医療大学	SBC東京医療大学学術機関リポジトリ	https://ryotokuji-u.repo.nii.ac.jp	10.18933
215	酪農学園大学	酪農学園大学学術研究コレクション	https://rakuno.repo.nii.ac.jp	10.24513
219	追手門学院大学	追手門学院大学機関リポジトリ	https://www.i-repository.net/il/meta_pub/G0000145OTEMON	10.69274
223	大島商船高等専門学校	大島商船高等専門学校リポジトリ	http://ypir.lib.yamaguchi-u.ac.jp/on	
224	大阪観光大学	大阪観光大学学術リポジトリ	https://tourism.repo.nii.ac.jp	10.20670
225	大阪医科薬科大学	大阪医科薬科大学リポジトリ	https://ompu.repo.nii.ac.jp	10.57371
226	大阪経済大学	大阪経済大学機関リポジトリ	https://www.i-repository.net/il/meta_pub/G0000031Repository	
227	大阪商業大学	大阪商業大学学術情報リポジトリ	https://ouc.repo.nii.ac.jp	
228	大阪大学	大阪大学学術情報庫　桜華	https://ir.library.osaka-u.ac.jp	10.18910
230	大阪産業大学	大阪産業大学リポジトリ	https://osu.repo.nii.ac.jp	10.60447
231	大阪公立大学	大阪公立大学　学術機関リポジトリ	https://omu.repo.nii.ac.jp	10.24729
232	大阪大谷大学	大阪大谷大学機関リポジトリ	https://osaka-ohtani.repo.nii.ac.jp	
235	大阪女学院大学	大阪女学院　学術機関リポジトリ	https://join3.wilmina.ac.jp/repo/repository/wilmina	
236	大阪工業大学	大阪工業大学学術機関リポジトリ	https://oit.repo.nii.ac.jp	10.15046
237	大阪学院大学	大阪学院大学学術機関リポジトリ	https://ogu.repo.nii.ac.jp	10.24730
238	大阪電気通信大学	大阪電気通信大学学術リポジトリ	https://oecu.repo.nii.ac.jp	10.57427
239	大阪歯科大学	大阪歯科大学学術リポジトリ	https://osaka-dent.repo.nii.ac.jp	10.15101
240	大阪公立大学	大阪市立大学学術機関リポジトリ	https://ocu-omu.repo.nii.ac.jp	10.24544
241	大阪千代田短期大学	大阪千代田短期大学リポジトリ	https://chiyoda.repo.nii.ac.jp	
242	大阪青山大学	大阪青山大学学術情報リポジトリ	https://osaka-aoyama.repo.nii.ac.jp	
243	尾道市立大学	尾道市立大学学術リポジトリ	https://onomichi-u.repo.nii.ac.jp	10.18899
244	沖縄大学	沖縄大学リポジトリ	https://okinawauniversity.repo.nii.ac.jp	10.34415
245	沖縄県立看護大学	沖縄県立看護大学リポジトリ	https://opcnr.repo.nii.ac.jp	10.50872
246	沖縄国際大学	沖縄国際大学学術成果リポジトリ	https://okiu1972.repo.nii.ac.jp	10.24741
247	沖縄科学技術大学院大学	OISTIR	https://oist.repo.nii.ac.jp	10.15102
248	沖縄キリスト教学院大学	沖縄キリスト教学院大学リポジトリ	https://ocuocjc.repo.nii.ac.jp	10.34579
249	岡崎大学	岡崎女子大学・岡崎女子短期大学機関リポジトリ	https://okazaki.repo.nii.ac.jp	10.18929
250	岡山理科大学	岡山理科大学学術リポジトリ	https://ous.repo.nii.ac.jp	10.34552
251	岡山大学	岡山大学学術成果リポジトリ	http://ousar.lib.okayama-u.ac.jp	10.1892610.48696
254	大分県立芸術文化短期大学	大分県立芸術文化短期大学リポジトリ	https://geitan.repo.nii.ac.jp	
255	奥羽大学	奥羽大学学術機関リポジトリ	https://ohu-lib.repo.nii.ac.jp	
256	桜花学園大学	桜花学園大学・名古屋短期大学情報リポジトリ	https://ohka.repo.nii.ac.jp	10.20735
257	お茶の水女子大学	お茶の水女子大学教育・研究成果コレクション “TeaPot”	https://teapot.lib.ocha.ac.jp	10.24567
259	ノートルダム清心女子大学	ノートルダム清心女子大学学術機関リポジトリ	https://ndsu.repo.nii.ac.jp	10.20839
260	二松学舎大学	二松学舎大学　学術情報リポジトリ	https://nishogakusha.repo.nii.ac.jp	
261	日本獣医生命科学大学	日本獣医生命科学大学学術リポジトリ	https://nvlu.repo.nii.ac.jp	
262	日本体育大学	日体大リポジトリ	https://nittaidai.repo.nii.ac.jp	10.69204
263	日本工業大学	日本工業大学学術情報リポジトリ	https://library.nit.ac.jp	
264	新見公立大学	新見公立大学学術リポジトリ	https://niimi-c.repo.nii.ac.jp	10.51074
265	新島学園短期大学	新島学園短期大学リポジトリ	https://niijima.repo.nii.ac.jp	10.50912
266	新潟リハビリテーション大学	新潟リハビリテーション大学リポジトリ	https://nur.repo.nii.ac.jp	10.32244
267	新潟経営大学	新潟経営大学・新潟中央短期大学学術リポジトリ	https://numcjc.repo.nii.ac.jp	10.34431
268	新潟国際情報大学	新潟国際情報大学機関リポジトリ	https://nuis.repo.nii.ac.jp	10.24615
269	新潟医療福祉大学	新潟総合学園・新潟総合学院機関リポジトリ	https://nsg.repo.nii.ac.jp	10.34383
271	新潟青陵大学	新潟青陵大学・新潟青陵大学短期大学部機関リポジトリ	https://n-seiryo.repo.nii.ac.jp	10.32147
272	新潟産業大学	新潟産業大学リポジトリ	https://nsu.repo.nii.ac.jp	10.34407
273	新潟工科大学	新潟工科大学リポジトリ	https://niit.repo.nii.ac.jp	10.34447
274	新潟県立看護大学	新潟県立看護大学リポジトリ	https://niconurs.repo.nii.ac.jp	10.15061
276	日本福祉大学	日本福祉大学機関リポジトリ	https://nfu.repo.nii.ac.jp	
277	名寄市立大学	名寄市立大学機関リポジトリ	https://nayoro.repo.nii.ac.jp	10.69254
283	大学改革支援・学位授与機構	大学改革支援・学位授与機構学術機関リポジトリ	https://niad.repo.nii.ac.jp	
284	国立研究開発法人量子科学技術研究開発機構	量子科学技術研究開発機構 学術機関リポジトリ	https://repo.qst.go.jp	10.20833
285	佐世保工業高等専門学校	佐世保工業高等専門学校学術機関リポジトリ	https://sasebo.repo.nii.ac.jp	
286	宇部工業高等専門学校	宇部工業高等専門学校リポジトリ	https://ypir.lib.yamaguchi-u.ac.jp/un	
287	津山工業高等専門学校	津山工業高等専門学校学術成果リポジトリ	https://tsuyama-nit.repo.nii.ac.jp	10.24772
288	独立行政法人国立高等専門学校機構 長野工業高等専門学校	長野工業高等専門学校リポジトリ	https://nagano-nct.repo.nii.ac.jp	
289	独立行政法人国立高等専門学校機構　北九州工業高等専門学校	北九州工業高等専門学校機関リポジトリ	https://kitakyushu.repo.nii.ac.jp	
290	秋田工業高等専門学校	秋田工業高等専門学校学術情報リポジトリ	https://akita.repo.nii.ac.jp	
292	国立極地研究所	Polar Data Journal	https://pdr.repo.nii.ac.jp	10.20575
293	人間文化研究機構国文学研究資料館	国文学研究資料館学術情報リポジトリ	https://kokubunken.repo.nii.ac.jp	10.24619
294	鹿屋体育大学	鹿屋体育大学学術情報リポジトリ	https://nifs-k.repo.nii.ac.jp	10.24618
295	人間文化研究機構国立国語研究所	国立国語研究所学術情報リポジトリ	https://repository.ninjal.ac.jp	10.15084
298	政策研究大学院大学	政策研究大学院大学学術機関リポジトリ	https://grips.repo.nii.ac.jp	10.24545
299	国立研究開発法人　水産研究・教育機構　水産大学校	水産大学校リポジトリ	https://ypir.lib.yamaguchi-u.ac.jp/fu	
300	防衛大学校	防衛大学校学術機関リポジトリ	http://nda-repository.nda.ac.jp	
301	農業・食品産業技術総合研究機構	農研機構機関リポジトリ	https://repository.naro.go.jp	10.24514
302	鳴門教育大学	鳴門教育大学学術研究コレクション	https://naruto.repo.nii.ac.jp	10.24727
306	奈良大学	奈良大学リポジトリ	https://nara-u.repo.nii.ac.jp	
307	奈良県立大学	奈良県立大学リポジトリ	https://narapu.repo.nii.ac.jp	10.18994
308	奈良文化財研究所	奈良文化財研究所リポジトリ	http://repository.nabunken.go.jp	
309	奈良文化財研究所	全国遺跡報告総覧	http://sitereports.nabunken.go.jp	10.24484
310	奈良県立医科大学	奈良県立医科大学機関リポジトリ GINMU	https://ginmu.repo.nii.ac.jp	10.15003
312	南山大学	南山大学機関リポジトリ	https://nanzan-u.repo.nii.ac.jp	10.15119
313	中村学園大学	中村学園大学学術リポジトリ	https://nakamura-u.repo.nii.ac.jp	
314	名古屋造形大学	名古屋造形大学機関リポジトリ	https://nzu.repo.nii.ac.jp	
315	名古屋葵大学	名古屋葵大学リポジトリ	https://nagoya-wu.repo.nii.ac.jp	
316	名古屋経済大学	名古屋経済大学機関リポジトリ	https://nue.repo.nii.ac.jp	10.15040
318	名古屋柳城女子大学	名古屋柳城女子大学・名古屋柳城短期大学リポジトリ	https://ryujo.repo.nii.ac.jp	10.20834
319	名古屋工業大学	名古屋工業大学学術機関リポジトリ	https://nitech.repo.nii.ac.jp	10.20602
320	名古屋学院大学	名古屋学院大学リポジトリ	https://ngu.repo.nii.ac.jp	10.15012
321	名古屋音楽大学	名古屋音楽大学リポジトリ	https://meion.repo.nii.ac.jp	10.18954
322	名古屋市立大学	名古屋市立大学学術機関リポジトリ	https://ncu.repo.nii.ac.jp	
323	鎮西学院大学	鎮西学院大学機関リポジトリ	https://wesleyan.repo.nii.ac.jp	10.15116
324	長崎外国語大学	長崎外大リポジトリ	https://nufs.repo.nii.ac.jp	
326	長崎短期大学	長崎短期大学学術機関リポジトリ	https://njc.repo.nii.ac.jp	10.24553
327	長崎国際大学	長崎国際大学学術機関リポジトリ	https://niu.repo.nii.ac.jp	10.51075
328	長崎総合科学大学	長崎総合科学大学機関リポジトリ	https://nias.repo.nii.ac.jp	
329	長岡技術科学大学	長岡技術科学大学学術情報リポジトリ	https://nagaokaut.repo.nii.ac.jp	10.24738
330	長岡大学	長岡大学リポジトリ	https://nagaoka-u.repo.nii.ac.jp	10.34464
331	長岡造形大学	長岡造形大学リポジトリ	https://nagaoka-id.repo.nii.ac.jp	10.34380
332	長野短期大学	長野女子短期大学リポジトリ	https://nagajo-junior-college.repo.nii.ac.jp	
333	長野大学	長野大学リポジトリ	https://nagano.repo.nii.ac.jp	
334	長野県立大学	長野県立大学リポジトリ	https://u-nagano.repo.nii.ac.jp	10.32288
335	長野県看護大学	長野県看護大学リポジトリ	https://ncn.repo.nii.ac.jp	
336	長浜バイオ大学	長浜バイオ大学リポジトリ	https://nbio.repo.nii.ac.jp	
337	武蔵野大学	武蔵野大学 学術機関リポジトリ	https://mu.repo.nii.ac.jp	10.18913
338	武蔵野音楽大学	武蔵野音楽大学学術リポジトリ	https://musashino-music.repo.nii.ac.jp	
339	武蔵丘短期大学	武蔵丘短期大学リポジトリ	https://musashigaoka.repo.nii.ac.jp	10.20563
340	武蔵大学	武蔵学園学術機関リポジトリ	https://repository-musashi.repo.nii.ac.jp	10.82766
343	盛岡大学	盛岡大学・盛岡大学短期大学部機関リポジトリ	https://morioka.repo.nii.ac.jp	10.20574
344	桃山学院大学	桃山学院大学学術機関リポジトリ	https://stars.repo.nii.ac.jp	
345	宮崎県立看護大学	宮崎県立看護大学リポジトリ	https://mpu.repo.nii.ac.jp	
346	宮崎公立大学	宮崎公立大学学術情報リポジトリ	https://miyazaki-mu.repo.nii.ac.jp	
347	宮崎国際大学	宮崎学園図書館学術リポジトリ	https://meilib.repo.nii.ac.jp	
348	宮城教育大学	宮城教育大学機関リポジトリ	https://mue.repo.nii.ac.jp	
349	公立大学法人宮城大学	公立大学法人宮城大学学術機関リポジトリ	https://myu.repo.nii.ac.jp	10.15085
350	宮城学院女子大学	宮城学院女子大学機関リポジトリ	https://mgu.repo.nii.ac.jp	10.20641
351	身延山大学	身延山大学　リポジトリ	https://minobu.repo.nii.ac.jp	10.15054
352	美作大学	美作大学・美作大学短期大学部リポジトリ	https://mimasaka.repo.nii.ac.jp	10.20781
354	三重県立看護大学	三重県立看護大学学術機関リポジトリ	https://mcn.repo.nii.ac.jp	10.15060
355	目白大学	目白大学リポジトリ	https://mejiro.repo.nii.ac.jp	10.20669
356	明星大学	明星大学学術機関リポジトリ	https://meisei.repo.nii.ac.jp	
357	明倫短期大学	明倫リポジトリ	https://meirin.repo.nii.ac.jp	10.34358
358	名桜大学	名桜大学リポジトリ	https://meio-u.repo.nii.ac.jp	10.34554
360	名城大学	名城大学学術機関リポジトリ	https://opac.meijo-u.ac.jp	
363	明治学院大学	明治学院大学　機関リポジトリ	https://meigaku.repo.nii.ac.jp	10.24620
364	松山大学	松山大学機関リポジトリ	https://matsuyama-u-r.repo.nii.ac.jp	
365	松本大学	松本大学機関リポジトリ	https://matsumoto-u.repo.nii.ac.jp	
366	松本短期大学	松本看護大学・松本短期大学リポジトリ	https://matsutan.repo.nii.ac.jp	
367	松本歯科大学	松本歯科大学リポジトリ	https://mdu.repo.nii.ac.jp	
368	共愛学園前橋国際大学	共愛学園前橋国際大学リポジトリ	https://kyoai.repo.nii.ac.jp	10.34443
369	郡山女子大学	郡山女子大学学術成果リポジトリ	https://LibKGC.repo.nii.ac.jp	
370	九州情報大学	九州情報大学学術機関リポジトリ	https://kiis.repo.nii.ac.jp	10.15051
371	九州看護福祉大学	九州看護福祉大学学術機関リポジトリ	https://kyukan.repo.nii.ac.jp	
372	九州医療科学大学	九州医療科学大学リポジトリ	https://phoenix.repo.nii.ac.jp	10.15069
373	九州大学	九州大学学術情報リポジトリ	https://www.lib.kyushu-u.ac.jp/papers	10.15017
374	九州産業大学	九州産業大学学術リポジトリ	https://kyusan-u.repo.nii.ac.jp	10.82606
375	九州ルーテル学院大学	九州ルーテルリポジトリ	https://klc.repo.nii.ac.jp	10.15005
376	九州共立大学	九州共立大学学術リポジトリ	https://kyukyo.repo.nii.ac.jp	10.15093
377	九州国際大学	九州国際大学学術成果リポジトリ	https://kiu.repo.nii.ac.jp	
379	京都女子大学	京都女子大学学術情報リポジトリ	http://repo.kyoto-wu.ac.jp	10.69181
380	京都外国語大学	京都外国語大学機関リポジトリ	https://kufs.repo.nii.ac.jp	
381	京都教育大学	京都教育大学学術情報リポジトリ	https://www-uf01.ufinity.jp/kyokyolib	
382	京都芸術大学	京都芸術大学 学術機関リポジトリ	https://kyoto-art.repo.nii.ac.jp	
384	京都橘大学	京都橘大学学術情報リポジトリ	https://tachibana.repo.nii.ac.jp	
386	京都府立医科大学	京都府立医科大学リポジトリ　橘井	https://kpu-m.repo.nii.ac.jp	
388	京都ノートルダム女子大学	京都ノートルダム女子大学学術リポジトリ	https://notredame.repo.nii.ac.jp	
389	京都光華大学	京都光華女子大学学術リポジトリ	https://koka.repo.nii.ac.jp	
390	京都工芸繊維大学	京都工芸繊維大学リポジトリ	https://kit.repo.nii.ac.jp	10.69342
392	京都市立芸術大学	京都市立芸術大学リポジトリ	https://kcua.repo.nii.ac.jp	10.15014
393	京都文教大学	京都文教大学学術機関リポジトリ	https://kbu.repo.nii.ac.jp	10.18951
394	共立女子大学	共立女子大学リポジトリ	https://kyoritsu.repo.nii.ac.jp	10.82750
395	杏林大学	杏林大学機関リポジトリ	https://library.kyorin-u.ac.jp	10.69455
396	共栄大学	共栄大学機関リポジトリ	https://kyoei.repo.nii.ac.jp	10.15067
398	久留米大学	久留米大学機関リポジトリ	https://kurume.repo.nii.ac.jp	10.24558
400	呉工業高等専門学校	呉工業高等専門学校学術リポジトリ	https://kure-kosen.repo.nii.ac.jp	
401	倉敷芸術科学大学	倉敷芸術科学大学学術情報リポジトリKUSARepo	https://kusa.repo.nii.ac.jp	
402	国立音楽大学	国立音楽大学リポジトリ	https://kunion.repo.nii.ac.jp	10.20675
404	熊本保健科学大学	熊本保健科学大学学術情報リポジトリ	https://khsu.repo.nii.ac.jp	
405	熊本学園大学	熊本学園大学　機関リポジトリ	https://kumagaku.repo.nii.ac.jp	
406	甲南女子大学	甲南女子大学学術情報リポジトリ	https://konan-wu.repo.nii.ac.jp	10.60175
407	甲南大学	甲南大学機関リポジトリ	https://konan-u.repo.nii.ac.jp	10.14990
409	駒沢女子大学	駒沢女子大学・駒沢女子短期大学 リポジトリ	https://komajo.repo.nii.ac.jp	10.18998
410	国士舘大学	国士舘大学　学術情報リポジトリ	https://kokushikan.repo.nii.ac.jp	10.18882
411	國學院大學	國學院大學学術情報リポジトリ	https://k-rain.repo.nii.ac.jp	10.57529
412	工学院大学	工学院大学機関リポジトリ	https://library-kogakuin.repo.nii.ac.jp	10.57377
413	皇學館大学	皇學館大学リポジトリ	https://kogakkan.repo.nii.ac.jp	10.20778
414	高知工科大学	高知工科大学学術情報リポジトリ	https://kutarr.kochi-tech.ac.jp	10.32149
416	高知リハビリテーション専門職大学	高知リハリポジトリ	https://kochireha.repo.nii.ac.jp	10.15028
417	神戸医療未来大学	神戸医療未来大学機関リポジトリ	https://kinwu.repo.nii.ac.jp	
419	神戸常盤大学	神戸常盤大学機関リポジトリ	https://kobe-tokiwa.repo.nii.ac.jp	10.20608
420	神戸松蔭大学	神戸松蔭大学学術機関リポジトリ　KARASHI-DANE	https://shoin.repo.nii.ac.jp	10.14946
421	神戸薬科大学	神戸薬科大学機関リポジトリ	https://kobeyakka.repo.nii.ac.jp	
422	神戸海星女子学院大学	神戸海星女子学院大学リポジトリ	https://kaisei.repo.nii.ac.jp	
423	神戸芸術工科大学	神戸芸術工科大学学術リポジトリ	https://kobe-du.repo.nii.ac.jp	
424	神戸女学院大学	神戸女学院大学機関リポジトリ	https://kobe-c.repo.nii.ac.jp	10.18878
426	神戸市看護大学	神戸市看護大学リポジトリ	https://kobe-ccn.repo.nii.ac.jp	
430	畿央大学	畿央大学機関リポジトリ	https://kio.repo.nii.ac.jp	10.24482
431	近畿病院図書室協議会	近畿病院図書室協議会共同リポジトリ	http://kintore.hosplib.info	
432	金城学院大学	金城学院大学リポジトリ	https://kinjo.repo.nii.ac.jp	10.69275
434	吉備国際大学	吉備国際大学学術機関リポジトリ	https://kiui.repo.nii.ac.jp	10.57431
435	敬和学園大学	敬和学園大学機関リポジトリ	https://keiwa.repo.nii.ac.jp	
436	恵泉女学園大学	恵泉女学園大学リポジトリ	https://keisen.repo.nii.ac.jp	
437	慶應義塾大学	慶應義塾大学学術情報リポジトリ	https://koara.lib.keio.ac.jp	10.14991
438	川崎医療福祉大学	川崎医療福祉大学学術機関リポジトリ	https://kwmw.repo.nii.ac.jp	10.15112
439	川崎医科大学	川崎医科大学学術機関リポジトリ	https://kwmed.repo.nii.ac.jp	10.15111
440	川崎医療短期大学	川崎医療短期大学学術機関リポジトリ	https://kwtan.repo.nii.ac.jp	10.18928
441	川崎市立看護大学	川崎市立看護短期大学　機関リポジトリ	https://kawa-ccon.repo.nii.ac.jp	10.15071
442	関東学院大学	関東学院大学機関リポジトリ	https://kguopac.kanto-gakuin.ac.jp/webopac/ufirdi.do?ufi_target=ctlsrh	
443	関西福祉科学大学	関西福祉科学大学リポジトリ	https://fuksi-kagk-u.repo.nii.ac.jp	10.24614
444	関西福祉大学	関西福祉大学リポジトリ	https://kusw.repo.nii.ac.jp	
445	関西国際大学	KUISs-MAPS	https://kuins.repo.nii.ac.jp	
448	神田外語大学	神田外語大学学術情報リポジトリ　asKUIS	https://kuis.repo.nii.ac.jp	10.69236
450	金沢工業大学	金沢工業大学・国際高等専門学校 機関リポジトリ	https://kitir.kanazawa-it.ac.jp/infolib/meta_pub/G0000002repository	10.24483
451	金沢美術工芸大学	金沢美術工芸大学学術リポジトリ	https://kanazawa-bidai.repo.nii.ac.jp	10.15103
452	神奈川県立保健福祉大学	神奈川県立保健福祉大学機関リポジトリ	https://kuhs.repo.nii.ac.jp	10.15042
454	神奈川工科大学	神奈川工科大学学術情報リポジトリ	https://kait.repo.nii.ac.jp	10.34411
455	神奈川歯科大学	神奈川歯科大学リポジトリ	https://kdu.repo.nii.ac.jp	10.18924
456	鎌倉女子大学	鎌倉女子大学機関リポジトリ	https://kamakura-wu.repo.nii.ac.jp	10.18990
457	鹿児島女子短期大学	鹿児島女子短期大学リポジトリ	https://kwjc.repo.nii.ac.jp	
458	鹿児島大学	鹿児島大学リポジトリ	https://ir.kagoshima-u.ac.jp	10.24731
459	鹿児島県立短期大学	鹿児島県立短期大学リポジトリ	https://k-kentan.repo.nii.ac.jp	
460	鹿児島純心大学	鹿児島純心大学学術情報リポジトリ	https://kjunshin.repo.nii.ac.jp	
461	鹿児島純心女子短期大学	鹿児島純心女子短期大学リポジトリ	https://k-junshin.repo.nii.ac.jp	
463	香川県立保健医療大学	香川県立保健医療大学リポジトリ	https://kagawa-puhs.repo.nii.ac.jp	10.50850
464	日本栄養大学	日本栄養大学機関リポジトリ	https://www.i-repository.net/il/meta_pub/G0000155repository	
465	嘉悦大学	嘉悦大学学術リポジトリ	https://kaetsu.repo.nii.ac.jp	
466	順天堂大学	順天堂大学学術情報リポジトリ	https://jair.repo.nii.ac.jp	10.60312
467	純真学園大学	純真学園大学・純真短期大学機関リポジトリ	https://junshin.repo.nii.ac.jp	10.18897
468	十文字学園女子大学	十文字学園女子大学学術機関リポジトリ	https://jumonji-u.repo.nii.ac.jp	10.20564
469	城西大学	JURA　城西大学機関リポジトリ	https://libir.josai.ac.jp/il/meta_pub/G0000284repository	10.20566
470	城西国際大学	城西国際大学学術情報リポジトリ	https://jiu.repo.nii.ac.jp	10.60284
471	上越教育大学	上越教育大学リポジトリ	https://juen.repo.nii.ac.jp	10.69205
472	上武大学	上武大学リポジトリ	https://jobu.repo.nii.ac.jp	10.60168
474	仁愛女子短期大学	福井県地域共同リポジトリ	https://karin.flib.u-fukui.ac.jp/?page_id=110	
475	仁愛大学	仁愛大学・仁愛女子短期大学リポジトリ	https://jin-ai.repo.nii.ac.jp	10.57426
476	自治医科大学	自治医科大学機関リポジトリ	https://jichi-ir.repo.nii.ac.jp	
477	独立行政法人国際協力機構	JICA RI リポジトリ	https://jicari.repo.nii.ac.jp	10.18884
478	日本赤十字豊田看護大学	日本赤十字豊田看護大学学術情報リポジトリ(HUMANITY)	https://rctoyota.repo.nii.ac.jp	
479	日本赤十字社	日本赤十字社	https://redcross.repo.nii.ac.jp	
480	日本赤十字北海道看護大学	日本赤十字北海道看護大学学術情報リポジトリ	https://rchokkaido-cn.repo.nii.ac.jp	10.24551
481	日本赤十字東北看護大学	日本赤十字東北看護大学リポジトリ	https://rcakita.repo.nii.ac.jp	10.20570
482	日本女子体育大学	日本女子体育大学機関リポジトリ	https://jwcpe.repo.nii.ac.jp	10.34349
484	日本経済大学	日本経済大学リポジトリ	https://jue.repo.nii.ac.jp	
485	ルーテル学院大学	ルーテルリポジトリ	https://luther.repo.nii.ac.jp	10.34479
486	日本社会事業大学	日本社会事業大学リポジトリ	https://jcsw.repo.nii.ac.jp	10.51072
487	海上保安大学校	海上保安大学校学術リポジトリ	https://jcga.repo.nii.ac.jp	10.15053
488	日本原子力研究開発機構	JOPSS:JAEA Originated Papers Searching System	https://jopss.jaea.go.jp	
489	海洋研究開発機構	JAMSTEC機関リポジトリ	https://jir.repo.nii.ac.jp	10.32131
490	海洋研究開発機構	地球シミュレータ研究成果リポジトリ	https://www.jamstec.go.jp/es-repository/portal/jp/index.html	
492	北陸先端科学技術大学院大学	JAIST学術研究成果リポジトリ	https://dspace.jaist.ac.jp/dspace/index.jsp?locale=ja	
495	岩手県立大学	岩手県立大学機関リポジトリ	https://iwate-pu.repo.nii.ac.jp	
496	岩手医科大学	岩手医科大学リポジトリ	https://iwatemed.repo.nii.ac.jp	
497	石川県立大学	石川県立大学学術情報リポジトリ	https://ishikawa-pu.repo.nii.ac.jp	
498	石川県立看護大学	石川県立看護大学学術リポジトリ	https://ipnu.repo.nii.ac.jp	
499	国際大学	国際大学リポジトリ	https://iuj.repo.nii.ac.jp	10.20647
500	国際医療福祉大学	国際医療福祉大学リポジトリ	https://iuhw.repo.nii.ac.jp	10.69203
502	環太平洋大学	環太平洋大学リポジトリ	https://ipu.repo.nii.ac.jp	10.24767
503	国際仏教学大学院大学	国際仏教学大学院大学学術成果コレクション	https://icabs.repo.nii.ac.jp	10.15056
505	国際武道大学	国際武道大学機関リポジトリ	https://budo-u.repo.nii.ac.jp	
506	日本貿易振興機構アジア経済研究所	日本貿易振興機構アジア経済研究所学術研究リポジトリ	https://ir.ide.go.jp	10.20561
508	育英大学	育英大学・育英短期大学リポジトリ	https://ikuei.repo.nii.ac.jp	10.50833
509	飯田短期大学	飯田短期大学リポジトリ	https://Iidawjc.repo.nii.ac.jp	
511	茨城キリスト教大学	ICリポジトリ	https://ic.repo.nii.ac.jp	
513	兵庫医科大学	兵庫医科大学機関リポジトリ	https://huhs.repo.nii.ac.jp	10.18912
514	星薬科大学	星薬科大学学術情報リポジトリ　Stella	https://stella.repo.nii.ac.jp	10.69316
515	こども教育宝仙大学	こども教育宝仙大学学術情報リポジトリ	https://hosen.repo.nii.ac.jp	
516	法政大学	法政大学学術機関リポジトリ	https://hosei.ecats-library.jp/da/repository/?lang=0	10.15002
517	北翔大学	北翔大学学術リポジトリ	https://hokusho.repo.nii.ac.jp	10.24794
519	北陸大学	北陸大学機関リポジトリ	https://Hokuriku.repo.nii.ac.jp	10.15066
520	北陸学院大学	北陸学院大学リポジトリ	https://hokurikugakuin.repo.nii.ac.jp	
521	北海道科学大学	北海道科学大学機関リポジトリ	https://hus.repo.nii.ac.jp	
523	北海道大学	北海道大学学術成果コレクション	https://eprints.lib.hokudai.ac.jp	10.14943
524	北海道武蔵女子短期大学	北海道武蔵女子大学・北海道武蔵女子短期大学リポジトリ	https://hmjc.repo.nii.ac.jp	10.20829
525	北海道文教大学	北海道文教大学機関リポジトリ	https://do-bunkyodai.repo.nii.ac.jp	10.18930
526	北海学園大学	北海学園学術リポジトリ	https://hokuga.repo.nii.ac.jp	10.82753
527	一橋大学	HERMES-IR（一橋大学機関リポジトリ）	https://hit-u.repo.nii.ac.jp	10.15057
528	広島経済大学	広島経済大学リポジトリ	https://hue.repo.nii.ac.jp	10.18996
529	広島大学	広島大学学術情報リポジトリ	https://hiroshima.repo.nii.ac.jp	10.15027
530	広島修道大学	広島修道大学学術リポジトリ	https://shudo-u.repo.nii.ac.jp	10.15097
531	広島女学院大学	広島女学院大学学術機関リポジトリ	https://hju.repo.nii.ac.jp	10.60170
532	広島国際大学	広島国際大学学術機関リポジトリ	https://hirokoku-u.repo.nii.ac.jp	10.60172
533	広島工業大学	広島工業大学学術リポジトリ	https://it-hiroshima.repo.nii.ac.jp	10.60173
534	広島都市学園大学	広島都市学園大学学術リポジトリ	https://hcu.repo.nii.ac.jp	10.18883
536	広島文教大学	広島文教大学学術リポジトリ	https://h-bunkyo.repo.nii.ac.jp	10.51095
537	広島文化学園大学	広島文化学園学術情報リポジトリ	https://hbg.repo.nii.ac.jp	10.60171
538	弘前医療福祉大学	弘前医療福祉大学・弘前医療福祉大学短期大学部リポジトリ	https://hirosakiuhw.repo.nii.ac.jp	10.24622
540	弘前学院大学	弘前学院大学学術情報リポジトリ	https://hirogaku-u.repo.nii.ac.jp	10.24652
541	姫路獨協大学	姫路獨協大学学術機関リポジトリ	https://hdu.repo.nii.ac.jp	10.24477
542	比治山大学	比治山大学学術リポジトリ	https://hijiyama-u.repo.nii.ac.jp	10.57456
543	平安女学院大学	平安女学院大学学術情報リポジトリ	https://st.agnes.repo.nii.ac.jp	10.20601
544	北海道医療大学	北海道医療大学学術リポジトリ	https://hsuh.repo.nii.ac.jp	
545	阪南大学	阪南大学学術機関リポジトリ	https://hannan-u.repo.nii.ac.jp	10.60331
546	花園大学	花園大学学術リポジトリ	https://hu.repo.nii.ac.jp	10.15074
547	浜松医科大学	浜松医科大学学術機関リポジトリ	https://hama-med.repo.nii.ac.jp	10.14984
548	白鴎大学	白鴎大学機関リポジトリ	https://hakuoh.repo.nii.ac.jp	10.20648
549	函館大学	函館大学学術情報リポジトリ	https://hakodate-u.repo.nii.ac.jp	10.18896
550	函館短期大学	函館短期大学学術情報リポジトリ	https://hakodate-jc.repo.nii.ac.jp	10.18911
551	八戸工業大学	八戸工業大学学術リポジトリ	https://hi-tech.repo.nii.ac.jp	10.32127
553	群馬県立女子大学	群馬県立女子大学学術機関リポジトリ	https://gpwu.repo.nii.ac.jp	10.50871
554	群馬県立県民健康科学大学	群馬県立県民健康科学大学学術機関リポジトリ	https://gchs.repo.nii.ac.jp	10.34533
555	群馬パース大学	群馬パース大学機関リポジトリ	https://paz.repo.nii.ac.jp	10.60267
556	岐阜女子大学	岐阜女子大学リポジトリ	https://gijodai.repo.nii.ac.jp	10.20565
557	岐阜薬科大学	岐阜薬科大学学術情報リポジトリ	https://gifu-pu.repo.nii.ac.jp	
558	岐阜協立大学	岐阜協立大学学術情報リポジトリ	http://gku-repository.gku.ac.jp	
559	岐阜県立看護大学	岐阜県立看護大学リポジトリ	https://gcnr.repo.nii.ac.jp	10.24481
560	岐阜市立女子短期大学	岐阜市立女子短期大学リポジトリ	https://gifu-cwc.repo.nii.ac.jp	10.24516
561	公立はこだて未来大学	公立はこだて未来大学リポジトリ	https://fun.repo.nii.ac.jp	10.15044
562	福山大学	福山大学学術情報リポジトリ	https://fukuyama-u.repo.nii.ac.jp	10.57482
563	福山市立大学	福山市立大学機関リポジトリ	https://fcu.repo.nii.ac.jp	10.15096
564	福島大学	福島大学学術機関リポジトリ	https://www.lib.fukushima-u.ac.jp/repo/repository/fukuro	
565	福島県立医科大学	福島県立医科大学学術成果リポジトリ	https://fmu.repo.nii.ac.jp	10.69255
567	福岡県立大学	福岡県立大学学術リポジトリ	https://fukuoka-pu.repo.nii.ac.jp	
568	福岡工業大学	福岡工業大学学術機関リポジトリ	https://fit.repo.nii.ac.jp	10.34557
569	福岡歯科大学	福岡歯科大学学術リポジトリ	https://fdc.repo.nii.ac.jp	
570	福井工業大学	福井工業大学学術情報リポジトリ	https://fut.repo.nii.ac.jp	10.57375
571	福井県立大学	福井県立大学学術機関リポジトリ	https://fpu.repo.nii.ac.jp	10.51001
572	福井医療大学	福井医療大学リポジトリ	https://fukui-hsu.repo.nii.ac.jp	10.57502
573	藤田医科大学	藤田医科大学学術情報リポジトリ	https://fujita-hu.repo.nii.ac.jp	
574	藤女子大学	藤女子大学機関リポジトリ	https://fujijoshi.repo.nii.ac.jp	10.15092
575	富士大学	富士大学学術研究コレクション	https://fuji.repo.nii.ac.jp	10.24566
578	江戸川大学	江戸川大学学術リポジトリ	https://edo.repo.nii.ac.jp	10.50831
582	獨協医科大学	獨協医科大学リポジトリ	https://dmu.repo.nii.ac.jp	
583	同朋大学	同朋大学機関リポジトリ	https://doho.repo.nii.ac.jp	10.15076
584	田園調布学園大学	田園調布学園大学学術機関リポジトリ	https://dcu.repo.nii.ac.jp	
585	大東文化大学	大東文化大学機関リポジトリ	http://opac.daito.ac.jp/portal/index.html	
586	第一薬科大学	第一薬科大学機関リポジトリ	https://daiichi-cps.repo.nii.ac.jp	
587	第一工科大学	第一工科大学リポジトリ	https://daiichi-koudai.repo.nii.ac.jp	
588	大同大学	大同大学学術情報リポジトリ	https://daido.repo.nii.ac.jp	
589	千葉工業大学	千葉工業大学学術リポジトリ	https://cit.repo.nii.ac.jp	
591	中央学院大学	中央学院大学学術機関リポジトリ	https://cgu.repo.nii.ac.jp	10.20571
592	中京学院大学	中京学院大学リポジトリ	https://chukyogakuin.repo.nii.ac.jp	10.20732
594	中国学園大学	中国学園リポジトリ	https://cur-ren.repo.nii.ac.jp	10.24770
595	中部大学	中部大学学術情報リポジトリ	https://elib.bliss.chubu.ac.jp/iwjs0030opc/cattab.do?locale=ja&tab_num=1	10.69431
596	中部学院大学	中部学院大学・中部学院大学短期大学部学術機関リポジトリ	https://chubu-gu.repo.nii.ac.jp	10.18923
597	公立千歳科学技術大学	公立千歳科学技術大学学術機関リポジトリ	https://cist.repo.nii.ac.jp	
598	千葉商科大学	千葉商科大学学術リポジトリ	https://cuc.repo.nii.ac.jp	10.15086
599	千葉大学	千葉大学学術成果リポジトリ	https://opac.ll.chiba-u.jp/da/curator/?lang=0	10.20776
600	千葉経済大学	千葉経済大学・千葉経済大学短期大学部機関リポジトリ	https://lib.cku.repo.nii.ac.jp	10.19001
601	千葉科学大学	千葉科学大学学術リポジトリ	https://cis.repo.nii.ac.jp	
602	人文学オープンデータ共同利用センター	人文学研究データリポジトリ	https://codh.repo.nii.ac.jp	10.20676
603	文教大学	文教大学学術機関リポジトリ	https://bunkyo.repo.nii.ac.jp	10.15034
604	文化学園大学	文化学園リポジトリ	https://bunka.repo.nii.ac.jp	
605	佛教大学	佛教大学論文目録リポジトリ BAKER	https://bird.bukkyo-u.ac.jp/baker	10.50927
607	別府大学	別府大学(地域連携プログラム)	http://bud.beppu-u.ac.jp	10.32290
608	別府大学	別府大学機関リポジトリ	https://beppu-u.repo.nii.ac.jp	10.32289
609	梅光学院大学	梅光学院大学リポジトリ	https://ypir.lib.yamaguchi-u.ac.jp/bg	
610	梅花女子大学	梅花女子大学機関リポジトリ	https://baika.repo.nii.ac.jp	10.20832
611	麻布大学	麻布大学学術情報リポジトリ	https://az.repo.nii.ac.jp	10.14944
612	跡見学園女子大学	跡見学園女子大学機関リポジトリ	https://atomi.repo.nii.ac.jp	10.24621
613	アジア成長研究所	AGIリポジトリ	https://agi.repo.nii.ac.jp	
614	亜細亜大学	亜細亜大学学術リポジトリ	https://asia-u.repo.nii.ac.jp	10.15089
615	足利大学	足利大学 足利短期大学 リポジトリ	https://ashitech.repo.nii.ac.jp	10.69371
616	旭川市立大学	旭川市立大学リポジトリ	https://aulib.repo.nii.ac.jp	10.20646
618	朝日大学	朝日大学機関リポジトリ	https://asahi-u.repo.nii.ac.jp	10.15090
619	青山学院大学	青山学院大学学術リポジトリ AURORA-IR	https://www.agulin.aoyama.ac.jp/search/aurorair	10.34321
620	青森県立保健大学	青森県立保健大学リポジトリ	https://auhw.repo.nii.ac.jp	10.24552
621	青森公立大学	青森公立大学学術リポジトリ	https://nebuta.repo.nii.ac.jp	
622	秋田公立美術大学	秋田公立美術大学リポジトリ	https://akibi.repo.nii.ac.jp	10.20726
624	秋田県立大学	秋田県立大学機関リポジトリ	https://akita-pu.repo.nii.ac.jp	10.15001
625	愛国学園大学	愛国学園大学学術機関リポジトリ	https://aikoku-u.repo.nii.ac.jp	10.20672
626	愛知県立芸術大学	愛知県立芸術大学リポジトリ	https://ai-arts.repo.nii.ac.jp	10.34476
627	愛知教育大学	愛知教育大学学術情報リポジトリ	https://aue.repo.nii.ac.jp	
628	愛知大学	愛知大学リポジトリ	https://aichiu.repo.nii.ac.jp	10.60446
629	愛知東邦大学	愛知東邦大学　機関リポジトリ	https://aichi-toho.repo.nii.ac.jp	10.20728
630	愛知淑徳大学	愛知淑徳大学 知のアーカイブリポジトリ ASKA-R	https://aska-r.repo.nii.ac.jp	
632	愛知みずほ大学	瀬木学園リポジトリ	https://mizuho.repo.nii.ac.jp	10.20644
633	愛知工業大学	愛知工業大学学術情報リポジトリ	http://repository.aitech.ac.jp/dspace	
634	愛知学泉大学	愛知学泉大学・愛知学泉短期大学リポジトリ	https://gakusen.repo.nii.ac.jp	
635	一般社団法人学術資源リポジトリ協議会	教育掛図資料リポジトリ	https://wallchart.repon.org	10.18877
636	静岡県立大学	静岡県立大学・短期大学部機関リポジトリ	https://u-shizuoka-ken.repo.nii.ac.jp	10.18900
637	名古屋産業大学	名古屋産業大学・名古屋経営短期大学リポジトリ	https://meisandai.repo.nii.ac.jp	10.14995
638	大阪総合保育大学	大阪総合保育大学・大阪城南女子短期大学リポジトリ	https://jonan.repo.nii.ac.jp	10.15043
639	名古屋外国語大学	名外大・名学芸大リポジトリ：竹の庫	https://nufs-nuas.repo.nii.ac.jp	10.15073
640	福岡女学院大学	福岡女学院学術機関リポジトリ	https://fukujo.repo.nii.ac.jp	10.60461
641	川村学園女子大学	川村学園女子大学機関リポジトリ	https://kgwu.repo.nii.ac.jp	10.20603
642	八戸学院大学	八戸学院学術情報リポジトリ	https://hachinohe-hachitan.repo.nii.ac.jp	10.69391
643	九州女子大学	九州女子大学・九州女子短期大学学術リポジトリ	https://kyujyo.repo.nii.ac.jp	
644	大阪国際大学	大阪国際大学・大阪国際大学短期大学部リポジトリ	https://oiu.repo.nii.ac.jp	
645	東北文教大学	東北文教大学・東北文教大学短期大学部学術機関リポジトリ	https://t-bunkyo.repo.nii.ac.jp	10.15058
646	東日本国際大学	東日本国際大学・いわき短期大学学術情報リポジトリ	https://shk.repo.nii.ac.jp	
647	敬愛大学	敬愛大学・敬愛短期大学学術リポジトリ	https://keiai.repo.nii.ac.jp	
648	高松大学	高松大学高松短期大学リポジトリ	https://takamatsu-u.repo.nii.ac.jp	
649	ものつくり大学	ものつくり大学リポジトリ	https://iot.repo.nii.ac.jp	10.20567
650	福知山公立大学	福知山公立大学学術機関リポジトリ	https://fukuchiyama.repo.nii.ac.jp	10.20671
651	大分県立看護科学大学	大分県立看護科学大学リポジトリ	https://oita-nhs.repo.nii.ac.jp	10.20727
652	岐阜聖徳学園大学	岐阜聖徳学園大学リポジトリ	https://shotoku.repo.nii.ac.jp	10.20831
653	森ノ宮医療大学	森ノ宮医療大学学術リポジトリ	https://morinomiya.repo.nii.ac.jp	10.20842
654	長崎純心大学	長崎純心大学学術情報リポジトリ	https://n-junshin.repo.nii.ac.jp	
655	三重短期大学	三重短期大学リポジトリ	https://mietan.repo.nii.ac.jp	10.20836
656	医療創生大学	医療創生大学学術機関リポジトリ	https://isu.repo.nii.ac.jp	
657	一般社団法人学術資源リポジトリ協議会	科学実験機器資料リポジトリ	https://sci-instrument.repon.org	10.18876
658	西九州大学	西九州大学・西九州大学短期大学部リポジトリ	https://nisikyu-u.repo.nii.ac.jp	10.20830
659	青森中央学院大学	青森中央学院大学・青森中央短期大学学術機関リポジトリ	https://acguacjc.repo.nii.ac.jp	10.24549
660	関西看護医療大学	関西看護医療大学KKIリポジトリ	https://kki.repo.nii.ac.jp	10.20638
661	国立情報学研究所 データセット共同利用研究開発センター	国立情報学研究所 DSCリファレンスポータル	https://dsc.repo.nii.ac.jp	10.32130
662	浜松学院大学	浜松学院大学リポジトリ	https://hamagaku.repo.nii.ac.jp	10.24559
664	大阪キリスト教短期大学	大阪キリスト教短期大学リポジトリ	https://occ.repo.nii.ac.jp	10.24768
665	鶴見大学	鶴見大学・短期大学部機関リポジトリ	https://tsurumi-u.repo.nii.ac.jp	10.24791
666	日本医科大学	日本医科大学 機関リポジトリ	https://nms.repo.nii.ac.jp	10.24788
667	事業構想大学院大学	学校法人 先端教育機構 機関リポジトリ	https://sentankyo.repo.nii.ac.jp	10.24790
668	静岡理工科大学	静岡理工科大学学術機関リポジトリ	https://sist.repo.nii.ac.jp	10.24657
671	筑紫女学園大学	筑紫女学園大学リポジトリ	https://chikushi-u.repo.nii.ac.jp	
672	国立研究開発法人防災科学技術研究所	防災科学技術研究所機関リポジトリ	https://nied-ir.bosai.go.jp	10.24732
673	滋賀文教短期大学	滋賀文教短期大学リポジトリ	https://s-bunkyo.repo.nii.ac.jp	10.32125
674	星城大学	星城大学リポジトリ	https://seijoh-u.repo.nii.ac.jp	
675	鳥取短期大学	鳥取看護大学・鳥取短期大学学術機関リポジトリ	https://cygnus.repo.nii.ac.jp	10.24793
676	福山平成大学	福山平成大学学術情報リポジトリ	https://fukuyamaheisei-u.repo.nii.ac.jp	10.32121
678	日本赤十字看護大学	日本赤十字看護大学学術情報リポジトリ	https://jrccn.repo.nii.ac.jp	
680	山梨県富士山科学研究所	富士山研リポジトリ	https://mfri.repo.nii.ac.jp	10.24769
681	藍野大学	藍野大学学術機関リポジトリ	https://aino.repo.nii.ac.jp	10.20774
682	長野保健医療大学	長野保健医療大学機関リポジトリ	https://nuhm.repo.nii.ac.jp	10.20841
683	桜の聖母短期大学	桜の聖母短期大学学術機関リポジトリ	https://sakuranoseibo.repo.nii.ac.jp	10.24796
684	富山市科学博物館	富山市科学博物館リポジトリ	https://tsm.repo.nii.ac.jp	10.60387
686	前橋工科大学	前橋工科大学機関リポジトリ	https://maebashi-it.repo.nii.ac.jp	10.34580
687	東京通信大学	東京通信大学リポジトリ	https://tou.repo.nii.ac.jp	10.34340
688	東京国立近代美術館	東京国立近代美術館リポジトリ	https://momat.repo.nii.ac.jp	10.32128
689	大和大学	大和大学リポジトリ	http://yamato-u.repo.nii.ac.jp	10.34341
690	札幌大谷大学	札幌大谷大学・札幌大谷大学短期大学部機関リポジトリ	https://s-otani.repo.nii.ac.jp	10.15098
691	神戸女子大学	神戸女子大学・神戸女子短期大学　学術機関リポジトリ	https://suica.repo.nii.ac.jp	
692	秋草学園短期大学	秋草学園短期大学リポジトリ	https://akitan.repo.nii.ac.jp	10.34350
693	八洲学園大学	やしまリポジトリ	https://yashima.repo.nii.ac.jp	10.34381
695	神戸教育短期大学	神戸教育短期大学リポジトリ	https://shukugawa.repo.nii.ac.jp	10.20840
696	ヤマザキ動物看護大学	ヤマザキ動物看護大学機関リポジトリ	https://yamazaki-u.repo.nii.ac.jp	10.34357
697	オープンアクセスリポジトリ推進協会	オープンアクセスリポジトリ推進協会	https://jpcoar.repo.nii.ac.jp	10.34477
698	福岡女子大学	福岡女子大学機関リポジトリ	https://fwu.repo.nii.ac.jp	10.20640
699	農林水産省 農林水産政策研究所	農林水産省 農林水産政策研究所 リポジトリ	https://primaff.repo.nii.ac.jp	10.34444
700	秀明大学	秀明大学リポジトリ	https://shumei-u.repo.nii.ac.jp	10.34378
701	京都薬科大学	京都薬科大学学術情報リポジトリ	https://kyoto-phu.repo.nii.ac.jp	10.34445
702	大阪経済法科大学	大阪経済法科大学学術情報リポジトリ	https://keiho.repo.nii.ac.jp	10.34480
703	姫路大学	姫路大学学術機関リポジトリ	https://himeji-u.repo.nii.ac.jp	10.34339
704	岡山商科大学	岡山商科大学機関リポジトリ	https://oka-shodai.repo.nii.ac.jp	10.34442
705	琉球大学	琉球・沖縄関係貴重資料デジタルアーカイブ	https://shimuchi.lib.u-ryukyu.ac.jp	10.24564
706	和泉大学	和泉大学リポジトリ	https://kawasakigakuen.repo.nii.ac.jp	10.69202
707	国立健康危機管理研究機構　国立看護大学校	国立看護大学校 学術機関リポジトリ	https://ncgmncn.repo.nii.ac.jp	10.34514
708	独立行政法人高齢・障害・求職者雇用支援機構職業能力開発総合大学校	職業能力開発総合大学校　学術情報リポジトリ	https://ptu.repo.nii.ac.jp	10.24728
709	関西医科大学	関西医科大学学術リポジトリ	https://kmu.repo.nii.ac.jp	10.34535
710	広島修道大学	広島修道大学デジタルアーカイブ	https://da.shudo-u.ac.jp	10.15097
711	国際ファッション専門職大学	国際ファッション専門職大学リポジトリ	https://piif.repo.nii.ac.jp	10.50820
712	聖路加国際大学	聖路加国際大学学術情報リポジトリ	https://luke.repo.nii.ac.jp	10.34414
713	愛知学院大学	愛知学院大学機関リポジトリ	https://agu.repo.nii.ac.jp	10.34513
714	東都大学	東都大学学術機関リポジトリ	https://tohto-u.repo.nii.ac.jp	10.50818
715	釧路公立大学	釧路公立大学機関リポジトリ	https://kushiro.repo.nii.ac.jp	10.34387
717	女子美術大学	女子美術大学機関リポジトリ	https://joshibi.repo.nii.ac.jp	10.50890
718	京都看護大学	京都看護大学学術リポジトリ	https://kyotokango.repo.nii.ac.jp	10.50887
719	仙台青葉学院短期大学	仙台青葉学院大学・仙台青葉学院短期大学機関リポジトリ	https://ssg.repo.nii.ac.jp	
721	大阪体育大学	大阪体育大学学術リポジトリ	https://ouhs.repo.nii.ac.jp	10.50830
722	大阪商業大学	JGSSデータダウンロードシステム	https://jgssdds.repo.nii.ac.jp	10.50888
723	一橋大学	一橋大学経済研究所データリポジトリ	https://d-repo.ier.hit-u.ac.jp	10.50914
725	慶應義塾大学	慶應義塾大学学術情報データ連携リポジトリ	https://data.lib.keio.ac.jp	10.50999
726	聖隷浜松病院	聖隷浜松病院リポジトリ	https://seirei-hosp.repo.nii.ac.jp	10.50911
727	東京都江戸東京博物館	東京都江戸東京博物館リポジトリ	https://edo-tokyo-museum.repo.nii.ac.jp	10.50852
728	日本映画大学	日本映画大学アカデミックコレクション	https://eiga.repo.nii.ac.jp	10.50851
730	デジタルハリウッド大学	デジタルハリウッド大学機関リポジトリ	https://dhu.repo.nii.ac.jp	10.34482
731	宮崎産業経営大学	宮崎産業経営大学リポジトリ	https://miyasankei-u.repo.nii.ac.jp	10.34427
732	福岡看護大学	福岡看護大学学術リポジトリ	https://fnc.repo.nii.ac.jp	
733	平成国際大学	平成国際大学リポジトリ	https://hiu.repo.nii.ac.jp	10.34578
734	羽衣国際大学	羽衣国際大学機関リポジトリ	https://hagoromo.repo.nii.ac.jp	10.51025
735	石橋財団アーティゾン美術館	石橋財団アーティゾン美術館リポジトリ	https://ifatz.repo.nii.ac.jp	10.50938
736	静岡県立農林環境専門職大学	静岡県立農林環境専門職大学リポジトリ	https://spua.repo.nii.ac.jp	10.50975
737	産業技術短期大学	産業技術短期大学リポジトリ	https://sangitan.repo.nii.ac.jp	10.51000
738	一宮研伸大学	一宮研伸大学リポジトリ	https://ikc.repo.nii.ac.jp	10.32124
739	高知学園大学	高知学園大学・高知学園短期大学学術機関リポジトリ	https://kochi-gu.repo.nii.ac.jp	10.34446
740	同志社大学	同志社大学デジタルコレクション	https://dgcl.doshisha.ac.jp/digital/collections	
741	地球環境戦略研究機関	地球環境戦略研究機関(IGES) 出版物リポジトリ	https://www.iges.or.jp/jp/pub	10.57405
742	東京国際工科専門職大学	東京国際工科専門職大学リポジトリ	https://iput-t.repo.nii.ac.jp	10.57403
743	新潟薬科大学	新潟薬科大学リポジトリ	https://nupals.repo.nii.ac.jp	10.69276
744	金沢医科大学	金沢医科大学機関リポジトリ	https://kanazawa-med.repo.nii.ac.jp	10.57457
745	国立研究開発法人理化学研究所	理研研究情報管理システム	https://dmsgrdm.riken.jp	10.60178
746	湘南鎌倉医療大学	湘南鎌倉医療大学学術情報リポジトリ	https://sku.repo.nii.ac.jp	10.57313
747	国立新美術館	国立新美術館リポジトリ	https://nact.repo.nii.ac.jp	10.57401
748	国立情報学研究所	国立情報学研究所読書バリアフリー資料メタデータ共有システム	https://a11y.pub.nii.ac.jp	
749	宝塚大学	宝塚大学　学術情報機関リポジトリ	https://takara-univ.repo.nii.ac.jp	10.57376
750	大阪成蹊大学	大阪成蹊大学・大阪成蹊短期大学学術情報リポジトリ	https://osaka-seikei.repo.nii.ac.jp	10.57425
751	長岡崇徳大学	長岡崇徳大学機関リポジトリ	https://sutoku.repo.nii.ac.jp	10.57428
752	横浜市立大学	横浜市立大学周年史デジタルアーカイブ	https://ycu-history.repo.nii.ac.jp	10.57370
753	九州大谷短期大学	九州大谷短期大学機関リポジトリ	https://kyushuotani.repo.nii.ac.jp	10.57481
754	芸術文化観光専門職大学	芸術文化観光専門職大学機関リポジトリ	https://at-hyogo.repo.nii.ac.jp	10.57430
755	せとうち観光専門職短期大学	せとうち観光リポジトリ	https://str.repo.nii.ac.jp	10.51114
756	香川短期大学	香川短期大学リポジトリ	https://kjc.repo.nii.ac.jp	
757	ユマニテク短期大学	ユマニテク短期大学学術リポジトリ	https://jc-humanitec.repo.nii.ac.jp	10.57402
758	産業医科大学	産業医科大学　機関リポジトリ	https://uoeh-u.repo.nii.ac.jp	10.57404
759	高崎商科大学	高崎商科大学リポジトリ	https://tuc.repo.nii.ac.jp	10.34555
760	大阪人間科学大学	大阪人間科学大学学術情報リポジトリ	https://ohs.repo.nii.ac.jp	10.60174
761	札幌国際大学	札幌国際大学学術情報リポジトリ	https://siu.repo.nii.ac.jp	10.57328
762	四日市看護医療大学	四日市看護医療大学学術機関リポジトリ	https://y-nm.repo.nii.ac.jp	10.57528
764	東京純心大学	東京純心大学学術機関リポジトリ	https://t-junshin.repo.nii.ac.jp	10.57503
765	森林研究・整備機構	森林研究・整備機構機関リポジトリ	https://repository.ffpri.go.jp	10.34534
766	物質・材料研究機構	Materials Data Repository	https://mdr.nims.go.jp	
767	東洋食品工業短期大学	東洋食品工業短期大学リポジトリ	https://toshoku.repo.nii.ac.jp	10.57407
769	東京家政学院大学	東京家政学院大学学術機関リポジトリ	https://kasei-gakuin.repo.nii.ac.jp	10.57349
770	東京交通短期大学	東京交通短期大学機関リポジトリ	https://toko.repo.nii.ac.jp	10.57484
772	大阪国際工科専門職大学	大阪国際工科専門職大学リポジトリ	https://iput-o.repo.nii.ac.jp	10.60177
773	国立重度知的障害者総合施設のぞみの園	国立のぞみの園リポジトリ	https://nozominosono.repo.nii.ac.jp	10.60206
774	兵庫大学	兵庫大学学術機関リポジトリ	https://hyogo-dai.repo.nii.ac.jp	10.60251
775	横浜創英大学	横浜創英大学機関リポジトリ	https://soei.repo.nii.ac.jp	10.60385
776	大阪信愛学院大学	大阪信愛学院大学リポジトリ	https://osaka-shinai.repo.nii.ac.jp	10.60250
777	立教大学	立教大学共生社会研究センター・リポジトリ	https://rcccs.repo.nii.ac.jp	10.60268
778	松山東雲女子大学	松山東雲女子大学・短期大学学術リポジトリ	https://shinonome.repo.nii.ac.jp	10.60389
780	情報科学芸術大学院大学	情報科学芸術大学院大学リポジトリ	https://iamas.repo.nii.ac.jp	10.60285
781	名古屋国際工科専門職大学	名古屋国際工科専門職大学リポジトリ	https://iput-n.repo.nii.ac.jp	
782	かなざわ食マネジメント専門職大学	紀要　かなざわ食マネジメント専門職大学	https://kanazawa-pu.repo.nii.ac.jp	10.60179
783	静岡社会健康医学大学院大学	静岡社会健康医学大学院大学機関リポジトリ	https://s-sph.repo.nii.ac.jp	10.57485
784	総合科学研究機構	CROSS機関リポジトリ	https://cross.repo.nii.ac.jp	10.57378
786	立教大学	立教大学社会調査データアーカイブ（RUDA）	https://ruda.repo.nii.ac.jp	
788	日本看護協会	日本看護協会 リポジトリ	https://nurse.repo.nii.ac.jp	10.69183
789	国立保健医療科学院	厚生労働科学研究成果データベース	https://mhlw-grants.niph.go.jp	
790	沖縄県立芸術大学	沖縄県立芸術大学学術機関リポジトリ	https://okigei.repo.nii.ac.jp	10.34602
791	武蔵野美術大学	武蔵野美術大学機関リポジトリ	https://musabi.repo.nii.ac.jp	10.69180
792	大阪音楽大学	大阪音楽大学機関リポジトリ	https://daion.repo.nii.ac.jp	10.60386
793	金沢大学	金沢大学デジタルアーカイブ	https://kuda.repo.nii.ac.jp	10.60332
794	修文大学	修文大学学術機関リポジトリ	https://shubun.repo.nii.ac.jp	10.69238
796	徳島文理大学	徳島文理大学リポジトリ	https://bunri-u.repo.nii.ac.jp	10.60230
797	北海道立総合研究機構	北海道立総合研究機構機関リポジトリ	https://www-uf01.ufinity.jp/hrolib	10.82715
798	聖マリアンナ医科大学	聖マリアンナ医科大学 学術情報機関リポジトリ	https://marianna-u.repo.nii.ac.jp	
799	国立遺伝学研究所	国立遺伝学研究所リポジトリ	https://nig.repo.nii.ac.jp	
801	情報・システム研究機構	情報・システム研究機構　機関リポジトリ	https://rois.repo.nii.ac.jp	10.69315
802	豊田工業大学	豊田工業大学機関リポジトリ	https://opac.toyota-ti.ac.jp/機関リポジトリ	
803	札幌保健医療大学	札幌保健医療大学リポジトリ	https://suhs.repo.nii.ac.jp	10.69206
804	びわこリハビリテーション専門職大学	びわリハ大機関リポジトリ	https://bpur.repo.nii.ac.jp	10.60313
805	静岡県立総合病院	静岡県立総合病院リポジトリ	https://sgh.repo.nii.ac.jp	10.69237
806	東北生活文化大学	東北生活文化大学・東北生活文化大学短期大学部 機関リポジトリ	https://tsb.repo.nii.ac.jp	10.69317
807	文京学院大学	文京学院大学機関リポジトリ	https://bgu.repo.nii.ac.jp	10.60207
808	東京情報デザイン専門職大学	東京情報デザイン専門職大学　学術リポジトリ	https://tid.repo.nii.ac.jp	10.69370
809	医薬基盤・健康・栄養研究所	医薬基盤・健康・栄養研究所機関リポジトリ	https://iyakukeneiken.repo.nii.ac.jp	10.69273
810	愛媛県立医療技術大学	愛媛県立医療技術大学リポジトリ	https://epu.repo.nii.ac.jp	10.60428
811	関西医科大学	KMU Academic Archive	https://kmuaa.kmu.ac.jp/kmuhp/KgApp	
812	東京国立博物館	東京国立博物館リポジトリ	https://tnm.repo.nii.ac.jp	10.60429
813	国立医薬品食品衛生研究所	国立医薬品食品衛生研究所リポジトリ	https://nihs.repo.nii.ac.jp	10.69397
814	京都華頂大学	京都華頂大学・華頂短期大学機関リポジトリ	https://kacho.repo.nii.ac.jp	10.69293
815	広島大学	広島大学図書館デジタルアーカイブ	https://dc.lib.hiroshima-u.ac.jp/da	10.15027
819	愛知医科大学	愛知医科大学機関リポジトリ	https://aichi-med-u.repo.nii.ac.jp	10.69432
820	至学館大学	至学館大学リポジトリ	https://sgk.repo.nii.ac.jp	10.69451
821	東京工科大学	東京工科大学学術機関リポジトリ	https://teu.repo.nii.ac.jp	10.69395
822	和歌山県立医科大学	和歌山県立医科大学学術機関リポジトリ	https://wakayama-med.repo.nii.ac.jp	10.60180
823	静岡福祉大学	静岡福祉大学機関リポジトリ	https://www2.i-repository.net/il/meta_pub/G0000125repository	
824	慶應義塾大学	研究データ・学術論文公開用機関リポジトリ（KeioFigshare）	https://keio.figshare.com	
825	南九州大学	学校法人南九州学園図書館学術リポジトリ	https://mkulib.repo.nii.ac.jp	10.69340
826	千葉県立保健医療大学	千葉県立保健医療大学リポジトリ	https://cpuhs.repo.nii.ac.jp	
827	福島学院大学	福島学院大学リポジトリ	https://fgu.repo.nii.ac.jp	10.69428
828	明治薬科大学	明治薬科大学リポジトリ	https://my-pharm.repo.nii.ac.jp	10.69452
829	大月短期大学	大月短期大学リポジトリ	https://ohtsuki.repo.nii.ac.jp	10.82607
830	埼玉県環境科学国際センター	埼玉県環境科学国際センター研究情報リポジトリ	https://cess.repo.nii.ac.jp	
831	国立障害者リハビリテーションセンター	国立障害者リハビリテーションセンターリポジトリ	https://nrcd.repo.nii.ac.jp	10.69314
832	九州歯科大学	九州歯科大学機関リポジトリ	https://kyu-dent.repo.nii.ac.jp	10.69426
833	九州国立博物館	九州国立博物館リポジトリ	https://kyuhaku.repo.nii.ac.jp	10.82661
834	環境省国立水俣病総合研究センター	国立水俣病総合研究センター機関リポジトリ	https://nimd.repo.nii.ac.jp	10.82630
835	国立天文台	国立天文台学術情報リポジトリ「天文書庫」	https://naoj-repository.repo.nii.ac.jp	
836	水産研究・教育機構	水産研究・教育機構デジタルアーカイブ	https://frada.repo.nii.ac.jp	10.69427
837	東京都立産業技術大学院大学	東京都立産業技術大学院大学リポジトリ	https://aiit.repo.nii.ac.jp	10.82657
838	医薬品医療機器総合機構	医薬品医療機器総合機構　機関リポジトリ	https://pmda.repo.nii.ac.jp	10.82608
839	日本医療大学	日本医療大学リポジトリ	https://jhu.repo.nii.ac.jp	10.82629
840	聖カタリナ大学	聖カタリナ大学・短期大学部学術リポジトリ	https://catherine.repo.nii.ac.jp	10.82660
841	公立小松大学	公立小松大学学術情報リポジトリ	https://komatsu-u.repo.nii.ac.jp	10.82663
842	高エネルギー加速器研究機構	KEK研究成果データベース	https://kek.repo.nii.ac.jp	10.69256
843	世界人権問題研究センター	世界人権問題研究センターリポジトリ	https://khrri.repo.nii.ac.jp	10.82662
844	福岡国際医療福祉大学	福岡国際医療福祉大学リポジトリ	https://fiuhw.repo.nii.ac.jp	10.69179
845	高知健康科学大学	高知健康科学大学機関リポジトリ	https://ukhs.repo.nii.ac.jp	10.82656
846	アジア太平洋無形文化遺産研究センター	IRCIリポジトリ	https://irci.repo.nii.ac.jp	10.82691
847	岐阜医療科学大学	岐阜医療科学大学リポジトリ	https://gums.repo.nii.ac.jp	10.69429
848	国⽴がん研究センター	国⽴がん研究センター機関リポジトリ	https://ncc.repo.nii.ac.jp	10.69294
849	情報経営イノベーション専門職大学	情報経営イノベーション専門職大学リポジトリ	https://iu.repo.nii.ac.jp	
