https://uyo.repo.nii.ac.jp	200	184	100	7	
https://yachts.repo.nii.ac.jp	200	238	100	8	
https://u-sacred-heart.repo.nii.ac.jp	200	1966	100	8	
https://wayo.repo.nii.ac.jp	200	1885	100	8	
https://yone.repo.nii.ac.jp	200	687	100	8	
https://wako.repo.nii.ac.jp	200	1851	100	8	
https://urawa.repo.nii.ac.jp	200	292	100	8	
https://ycc.repo.nii.ac.jp	200	1604	100	9	
https://wakhok.repo.nii.ac.jp	200	421	100	9	
https://ygu.repo.nii.ac.jp	200	3962	100	9	
https://yamagata.repo.nii.ac.jp	200	6942	100	10	
https://yasuda-u.repo.nii.ac.jp	200	706	100	12	
https://ycu.repo.nii.ac.jp	200	6099	100	12	
https://tnu.repo.nii.ac.jp	200		45	4	
https://uuair.repo.nii.ac.jp	200	10159	100	14	
https://unii.repo.nii.ac.jp	200	1145	100	8	
https://ryuka.repo.nii.ac.jp	200	1679	100	8	
https://uedawjc.repo.nii.ac.jp	200	1856	100	8	
https://uekusa.repo.nii.ac.jp	200	589	100	8	
https://u-kochi.repo.nii.ac.jp	200	3274	100	10	
https://u-hyogo.repo.nii.ac.jp	200	4119	100	10	
https://u-aizu.repo.nii.ac.jp	200	274	100	10	
https://ynu.repo.nii.ac.jp	200	14899	100	20	
https://sun.repo.nii.ac.jp	200	1671	100	12	
https://tiu-tijc.repo.nii.ac.jp	200	653	100	10	
https://u-fukui.repo.nii.ac.jp	200	10397	100	14	
https://pu-toyama.repo.nii.ac.jp	200		69	6	
https://sozo-air.repo.nii.ac.jp	200	512	100	9	
https://toyoeiwa.repo.nii.ac.jp	200	647	100	9	
https://togaku.repo.nii.ac.jp	200	1073	100	11	
https://tsuru.repo.nii.ac.jp	200	1057	100	13	
https://toyama.repo.nii.ac.jp	200	21518	100	25	
https://u-ryukyu.repo.nii.ac.jp	200	17989	100	19	
https://toyama-c.repo.nii.ac.jp	200	361	100	9	
https://twcpe.repo.nii.ac.jp	200	1266	100	9	
https://toyo-bunko.repo.nii.ac.jp	200	7383	99	11	
https://zokei.repo.nii.ac.jp	200	149	100	9	
https://socu.repo.nii.ac.jp	200	148	100	9	
https://toyaku.repo.nii.ac.jp	200	492	100	10	
https://tsc.repo.nii.ac.jp	200	901	100	8	
https://tuis.repo.nii.ac.jp	200	560	100	8	
https://tku.repo.nii.ac.jp	200	11330	100	6	
https://metro-cit.repo.nii.ac.jp	200	346	100	8	
https://isct.repo.nii.ac.jp	200	3690	100	7	
https://u-tokai.repo.nii.ac.jp	200		0	2	<error code="noRecordsMatch"
https://kougei.repo.nii.ac.jp	200	2198	100	9	
https://tdu.repo.nii.ac.jp	200	592	100	7	
https://tmu.repo.nii.ac.jp	200	10788	100	8	
https://tokyo-ondai.repo.nii.ac.jp	200	824	100	9	
https://tcu-ar.repo.nii.ac.jp	200	482	100	10	
https://tcu.repo.nii.ac.jp	200	1170	100	9	
https://twinkle.repo.nii.ac.jp	200	25918	100	17	
https://tokiwa.repo.nii.ac.jp	200	798	100	10	
https://toita.repo.nii.ac.jp	200	141	100	9	
https://tokoha-u.repo.nii.ac.jp	200	3030	100	12	
https://tau.repo.nii.ac.jp	200	187	100	14	
https://tokaigakuin-u.repo.nii.ac.jp	200	2093	100	11	
https://tojo.repo.nii.ac.jp	200	224	100	10	
https://koeki.repo.nii.ac.jp	200	578	100	10	
https://tuad.repo.nii.ac.jp	200	382	100	10	
https://tohoku-mpu.repo.nii.ac.jp	200	822	100	10	
https://tohtech.repo.nii.ac.jp	200	276	100	10	
https://tfulib.repo.nii.ac.jp	200	1054	100	11	
https://toin.repo.nii.ac.jp	200	1336	100	14	
https://tbgu.repo.nii.ac.jp	200	913	100	14	
https://toho.repo.nii.ac.jp	200	15846	100	14	
https://tohomusic.repo.nii.ac.jp	200	508	100	14	
https://usp.repo.nii.ac.jp	200	709	100	15	
https://nmwa.repo.nii.ac.jp	200	760	100	10	
https://uhe.repo.nii.ac.jp	200	225	100	13	
https://tenshi.repo.nii.ac.jp	200	388	100	10	
https://ndu-rep.repo.nii.ac.jp	200	1378	100	11	
https://ouj.repo.nii.ac.jp	200	5931	100	13	
https://thu.repo.nii.ac.jp	200	784	100	7	
https://jrchcn.repo.nii.ac.jp	200	296	100	11	
https://iuk-repo.repo.nii.ac.jp	200	1085	100	11	
https://jrckicn.repo.nii.ac.jp	200	703	100	13	
https://tust.repo.nii.ac.jp	200	939	100	11	
https://jpf.repo.nii.ac.jp	200	888	100	14	
https://sus.repo.nii.ac.jp	200		18	5	
https://jc.u-aizu.repo.nii.ac.jp	200	1378	100	18	
https://tama.repo.nii.ac.jp	200	961	100	11	
https://takachiho.repo.nii.ac.jp	200	239	100	11	
https://tamabi.repo.nii.ac.jp	200	1061	100	12	
https://suzuka.repo.nii.ac.jp	200	1446	100	11	
https://takasaki-u.repo.nii.ac.jp	200	207	100	13	
https://tais.repo.nii.ac.jp	200	2005	100	12	
https://soai.repo.nii.ac.jp	200	1343	100	10	
https://shukutoku.repo.nii.ac.jp	200	2240	100	9	
https://sojo-u.repo.nii.ac.jp	200	540	100	11	
https://sugino-fc.repo.nii.ac.jp	200	752	100	11	
https://lib.sugiyama-u.repo.nii.ac.jp	200	2251	100	12	
https://tcue.repo.nii.ac.jp	200	1443	100	13	
https://sums.repo.nii.ac.jp	200	116	100	13	
https://showa.repo.nii.ac.jp	200	3924	100	8	
https://shujitsu.repo.nii.ac.jp	200	973	100	9	
https://shoyaku.repo.nii.ac.jp	200	237	100	9	
https://shohoku.repo.nii.ac.jp	200	519	100	7	
https://shonan-ums.repo.nii.ac.jp	200	354	100	10	
https://shonan-it.repo.nii.ac.jp	200	713	100	9	
https://suac.repo.nii.ac.jp	200	1956	100	8	
https://shobi-u.repo.nii.ac.jp	200	842	100	9	
https://honan.repo.nii.ac.jp	200	379	100	9	
https://shizusan.repo.nii.ac.jp	200	1884	100	9	
https://shitennojiuniversity.repo.nii.ac.jp	200	403	100	9	
https://shokei.repo.nii.ac.jp	200	2827	100	11	
https://shiraume.repo.nii.ac.jp	200	2405	100	10	
https://shigatan.repo.nii.ac.jp	200	180	100	9	
https://shigakukan.repo.nii.ac.jp	200	298	100	9	
https://shirayuri-u.repo.nii.ac.jp	200	1884	100	10	
https://shikoku-u.repo.nii.ac.jp	200	914	100	10	
https://shibaura.repo.nii.ac.jp	200	347	100	9	
https://shijonawate-gakuen.repo.nii.ac.jp	200	530	100	11	
https://senzoku.repo.nii.ac.jp	200	823	100	8	
https://kinran.repo.nii.ac.jp	200	585	100	8	
https://sendai-u.repo.nii.ac.jp	200	1712	100	8	
https://seisen-jc.repo.nii.ac.jp	200	711	100	8	
https://seisen-u.repo.nii.ac.jp	200	974	100	10	
https://seinan-jo.repo.nii.ac.jp	200	370	100	9	
https://seisa.repo.nii.ac.jp	200	310	100	9	
https://sakushin-u.repo.nii.ac.jp	200	1804	100	9	
https://sanotan.repo.nii.ac.jp	200	177	100	9	
https://serve.repo.nii.ac.jp	200	3144	100	11	
https://saku.repo.nii.ac.jp	200	342	100	9	
https://sgul.repo.nii.ac.jp	200	3062	100	12	
https://sapmed.repo.nii.ac.jp	200	8683	100	12	
https://saijo.repo.nii.ac.jp	200	617	100	11	
https://seirei-univ.repo.nii.ac.jp	200	1853	100	14	
https://scu.repo.nii.ac.jp	200	215	100	14	
https://sit.repo.nii.ac.jp	200	847	100	10	
https://saigaku.repo.nii.ac.jp	200	1405	100	10	
https://saitamatoho.repo.nii.ac.jp	200	205	100	12	
https://ompu.repo.nii.ac.jp	200	891	100	10	
https://rku.repo.nii.ac.jp	200	5939	100	11	
https://ryotokuji-u.repo.nii.ac.jp	200	543	100	11	
https://ouc.repo.nii.ac.jp	200	3120	100	9	
https://osu.repo.nii.ac.jp	200	2649	100	10	
https://tourism.repo.nii.ac.jp	200	539	100	12	
https://oecu.repo.nii.ac.jp	200	424	100	8	
https://osaka-ohtani.repo.nii.ac.jp	200	909	100	10	
https://rakuno.repo.nii.ac.jp	200	8416	100	15	
https://oit.repo.nii.ac.jp	200	360	100	10	
https://chiyoda.repo.nii.ac.jp	200	138	100	8	
https://osaka-dent.repo.nii.ac.jp	200	431	100	10	
https://ogu.repo.nii.ac.jp	200	465	100	12	
https://spu.repo.nii.ac.jp	200	184	100	23	
https://osaka-aoyama.repo.nii.ac.jp	200	289	100	9	
https://opcnr.repo.nii.ac.jp	200	536	100	10	
https://okinawauniversity.repo.nii.ac.jp	200	1512	100	11	
https://onomichi-u.repo.nii.ac.jp	200	3702	100	14	
https://oist.repo.nii.ac.jp	200	3017	100	12	
https://ous.repo.nii.ac.jp	200	4637	100	11	
https://ohka.repo.nii.ac.jp	200	433	100	9	
https://okiu1972.repo.nii.ac.jp	200	3477	100	14	
https://geitan.repo.nii.ac.jp	200	989	100	11	
https://ndsu.repo.nii.ac.jp	200	807	100	9	
https://nishogakusha.repo.nii.ac.jp	200	4074	100	8	
https://ohu-lib.repo.nii.ac.jp	200	1825	100	11	
https://okazaki.repo.nii.ac.jp	200	364	100	13	
https://ocu-omu.repo.nii.ac.jp	200	21436	100	19	
https://ocuocjc.repo.nii.ac.jp	200	327	100	14	
https://nvlu.repo.nii.ac.jp	200	293	100	8	
https://nittaidai.repo.nii.ac.jp	200	2622	100	8	
https://niimi-c.repo.nii.ac.jp	200	867	100	11	
https://nuis.repo.nii.ac.jp	200	755	100	7	
https://niijima.repo.nii.ac.jp	200		52	9	
https://numcjc.repo.nii.ac.jp	200	489	100	12	
https://pdr.repo.nii.ac.jp	200		74	0	
https://nsu.repo.nii.ac.jp	200	377	100	13	
https://omu.repo.nii.ac.jp	200	17651	100	35	
https://nsg.repo.nii.ac.jp	200	2521	100	13	
https://nfu.repo.nii.ac.jp	200	3051	100	13	
https://sasebo.repo.nii.ac.jp	200	928	100	13	
https://nayoro.repo.nii.ac.jp	200	1833	100	14	
https://niit.repo.nii.ac.jp	200	1266	100	14	
https://n-seiryo.repo.nii.ac.jp	200	1209	100	16	
https://nur.repo.nii.ac.jp	200	182	100	17	
https://tsuyama-nit.repo.nii.ac.jp	200	1011	100	14	
https://niad.repo.nii.ac.jp	200	782	100	15	
https://nagano-nct.repo.nii.ac.jp	200	1136	100	14	
https://niconurs.repo.nii.ac.jp	200	1299	100	20	
https://nifs-k.repo.nii.ac.jp	200	1584	100	9	
https://kitakyushu.repo.nii.ac.jp	200	316	100	15	
https://nara-u.repo.nii.ac.jp	200	4441	100	9	
https://akita.repo.nii.ac.jp	200	1102	100	15	
https://kokubunken.repo.nii.ac.jp	200	3295	100	11	
https://narapu.repo.nii.ac.jp	200	1851	100	9	
https://nzu.repo.nii.ac.jp	200	741	100	9	
https://grips.repo.nii.ac.jp	200	1064	100	12	
https://nagoya-wu.repo.nii.ac.jp	200	3819	100	8	
https://nakamura-u.repo.nii.ac.jp	200	3146	100	10	
https://ginmu.repo.nii.ac.jp	200	2844	100	12	
https://ryujo.repo.nii.ac.jp	200	718	100	7	
https://nue.repo.nii.ac.jp	200	553	100	12	
https://meion.repo.nii.ac.jp	200	123	100	8	
https://nanzan-u.repo.nii.ac.jp	200	5995	100	15	
https://wesleyan.repo.nii.ac.jp	200	1021	100	8	
https://njc.repo.nii.ac.jp	200	325	100	7	
https://nufs.repo.nii.ac.jp	200	871	100	9	
https://niu.repo.nii.ac.jp	200	894	100	7	
https://nitech.repo.nii.ac.jp	200	5411	100	11	
https://nias.repo.nii.ac.jp	200	1171	100	7	
https://naruto.repo.nii.ac.jp	200	5222	100	19	
https://ncu.repo.nii.ac.jp	200	685	99	10	
https://ngu.repo.nii.ac.jp	200	1486	100	12	
https://nagaoka-id.repo.nii.ac.jp	200	388	100	8	
https://nagaoka-u.repo.nii.ac.jp	200	493	100	9	
https://nagajo-junior-college.repo.nii.ac.jp	200		97	7	
https://nagano.repo.nii.ac.jp	200	1426	100	8	
https://nbio.repo.nii.ac.jp	200		76	6	
https://u-nagano.repo.nii.ac.jp	200	1215	100	8	
https://nagaokaut.repo.nii.ac.jp	200	1131	100	13	
https://ncn.repo.nii.ac.jp	200	309	100	9	
https://musashino-music.repo.nii.ac.jp	200	195	100	7	
https://morioka.repo.nii.ac.jp	200	1978	100	8	
https://mu.repo.nii.ac.jp	200	2703	100	9	
https://musashigaoka.repo.nii.ac.jp	200	575	100	9	
https://mpu.repo.nii.ac.jp	200	527	100	8	
https://stars.repo.nii.ac.jp	200	9449	100	10	
https://miyazaki-mu.repo.nii.ac.jp	200	609	100	8	
https://repository-musashi.repo.nii.ac.jp	200	2420	100	11	
https://mue.repo.nii.ac.jp	200	1746	100	8	
https://myu.repo.nii.ac.jp	200	795	100	10	
https://mimasaka.repo.nii.ac.jp	200	945	100	8	
https://meilib.repo.nii.ac.jp	200	889	100	11	
https://mejiro.repo.nii.ac.jp	200	2205	100	8	
https://meio-u.repo.nii.ac.jp	200	796	100	8	
https://meisei.repo.nii.ac.jp	200	3008	100	9	
https://matsumoto-u.repo.nii.ac.jp	200	1446	100	7	
https://matsuyama-u-r.repo.nii.ac.jp	200	2947	100	8	
https://mcn.repo.nii.ac.jp	200	372	100	11	
https://meirin.repo.nii.ac.jp	200	1049	100	10	
https://matsutan.repo.nii.ac.jp	200	308	100	8	
https://kyukan.repo.nii.ac.jp	200		0	4	<error code="noRecordsMatch"
https://mgu.repo.nii.ac.jp	200	872	100	14	
https://mdu.repo.nii.ac.jp	200	2223	100	8	
https://minobu.repo.nii.ac.jp	200	2791	100	14	
https://LibKGC.repo.nii.ac.jp	200	220	100	8	
https://kiis.repo.nii.ac.jp	200	579	100	7	
https://kyoai.repo.nii.ac.jp	200	300	100	10	
https://meigaku.repo.nii.ac.jp	200	4671	100	13	
https://kiu.repo.nii.ac.jp	200		75	7	
https://phoenix.repo.nii.ac.jp	200	1074	100	10	
https://kufs.repo.nii.ac.jp	200	521	100	9	
https://klc.repo.nii.ac.jp	200	475	100	11	
https://koka.repo.nii.ac.jp	200	1111	100	8	
https://tachibana.repo.nii.ac.jp	200	495	100	10	
https://kyoto-art.repo.nii.ac.jp	200	541	100	10	
https://notredame.repo.nii.ac.jp	200	615	100	9	
https://kyukyo.repo.nii.ac.jp	200	493	100	11	
https://kpu-m.repo.nii.ac.jp	200	1381	100	11	
https://kyusan-u.repo.nii.ac.jp	200	4317	100	15	
https://kyoei.repo.nii.ac.jp	200	699	100	10	
https://kure-kosen.repo.nii.ac.jp	200		92	7	
https://kyoritsu.repo.nii.ac.jp	200	2024	100	11	
https://kcua.repo.nii.ac.jp	200	822	100	12	
https://kbu.repo.nii.ac.jp	200	500	100	12	
https://kusa.repo.nii.ac.jp	200	618	100	8	
https://kit.repo.nii.ac.jp	200	1108	100	16	
https://kunion.repo.nii.ac.jp	200	1601	100	9	
https://khsu.repo.nii.ac.jp	200	313	100	9	
https://kurume.repo.nii.ac.jp	200	1998	100	12	
https://kumagaku.repo.nii.ac.jp	200	3948	100	9	
https://kokushikan.repo.nii.ac.jp	200	4411	100	9	
https://konan-u.repo.nii.ac.jp	200	5653	100	11	
https://komajo.repo.nii.ac.jp	200	1610	100	12	
https://kochireha.repo.nii.ac.jp	200	285	100	8	
https://kinwu.repo.nii.ac.jp	200	314	100	8	
https://konan-wu.repo.nii.ac.jp	200	21362	100	13	
https://kobe-tokiwa.repo.nii.ac.jp	200	893	100	9	
https://kobeyakka.repo.nii.ac.jp	200	142	100	8	
https://shoin.repo.nii.ac.jp	200	1776	100	9	
https://kobe-du.repo.nii.ac.jp	200	311	100	7	
https://kaisei.repo.nii.ac.jp	200	18080	100	9	
https://kobe-ccn.repo.nii.ac.jp	200	287	100	8	
https://k-rain.repo.nii.ac.jp	200	4589	100	15	
https://kogakkan.repo.nii.ac.jp	200	1934	100	14	
https://library-kogakuin.repo.nii.ac.jp	200	1823	100	14	
https://keiwa.repo.nii.ac.jp	200	559	100	9	
https://kiui.repo.nii.ac.jp	200	858	100	9	
https://kio.repo.nii.ac.jp	200	130	100	11	
https://keisen.repo.nii.ac.jp	200	819	100	9	
https://kinjo.repo.nii.ac.jp	200	1436	100	11	
https://kobe-c.repo.nii.ac.jp	200	3258	100	15	
https://kwmed.repo.nii.ac.jp	200	3201	100	10	
https://kwtan.repo.nii.ac.jp	200	690	100	9	
https://kwmw.repo.nii.ac.jp	200	3642	100	11	
https://kusw.repo.nii.ac.jp	200	865	100	8	
https://kuins.repo.nii.ac.jp	200	1141	100	9	
https://fuksi-kagk-u.repo.nii.ac.jp	200	795	100	11	
https://kuhs.repo.nii.ac.jp	200	273	100	8	
https://kawa-ccon.repo.nii.ac.jp	200	363	100	12	
https://kuis.repo.nii.ac.jp	200	2024	100	10	
https://k-junshin.repo.nii.ac.jp	200	315	100	6	
https://kanazawa-bidai.repo.nii.ac.jp	200	734	100	13	
https://k-kentan.repo.nii.ac.jp	200	2740	100	9	
https://kamakura-wu.repo.nii.ac.jp	200	475	100	10	
https://kwjc.repo.nii.ac.jp	200	1005	100	9	
https://jair.repo.nii.ac.jp	200	3590	100	6	
https://kjunshin.repo.nii.ac.jp	200	590	100	8	
https://kdu.repo.nii.ac.jp	200	1464	100	11	
https://kagawa-puhs.repo.nii.ac.jp	200	366	100	8	
https://kaetsu.repo.nii.ac.jp	200	950	100	9	
https://junshin.repo.nii.ac.jp	200	568	100	8	
https://jumonji-u.repo.nii.ac.jp	200	1235	100	9	
https://jobu.repo.nii.ac.jp	200	309	100	8	
https://kait.repo.nii.ac.jp	200	11650	100	16	
https://rctoyota.repo.nii.ac.jp	200	345	100	8	
https://rchokkaido-cn.repo.nii.ac.jp	200	131	100	8	
https://jichi-ir.repo.nii.ac.jp	200	1151	100	8	
https://juen.repo.nii.ac.jp	200	3651	100	12	
https://jiu.repo.nii.ac.jp	200	216	100	13	
https://redcross.repo.nii.ac.jp	200	21874	100	9	
https://rcakita.repo.nii.ac.jp	200	204	100	9	
https://luther.repo.nii.ac.jp	200	1481	100	7	
https://jue.repo.nii.ac.jp	200	1529	100	9	
https://jwcpe.repo.nii.ac.jp	200	1152	100	10	
https://jcsw.repo.nii.ac.jp	200	669	100	9	
https://jin-ai.repo.nii.ac.jp	200	932	100	13	
https://iuj.repo.nii.ac.jp	200	1001	100	5	
https://budo-u.repo.nii.ac.jp	200		44	4	
https://jir.repo.nii.ac.jp	200	4001	100	8	
https://jcga.repo.nii.ac.jp	200	376	100	11	
https://jicari.repo.nii.ac.jp	200	510	100	15	
https://ishikawa-pu.repo.nii.ac.jp	200	191	100	7	
https://iwate-pu.repo.nii.ac.jp	200	2489	100	10	
https://iuhw.repo.nii.ac.jp	200	1434	100	8	
https://ipnu.repo.nii.ac.jp	200	290	100	10	
https://ipu.repo.nii.ac.jp	200	634	100	9	
https://ikuei.repo.nii.ac.jp	200	216	100	9	
https://Iidawjc.repo.nii.ac.jp	200	189	100	8	
https://icabs.repo.nii.ac.jp	200	704	100	11	
https://huhs.repo.nii.ac.jp	200	281	100	9	
https://hosen.repo.nii.ac.jp	200	269	100	8	
https://stella.repo.nii.ac.jp	200	1352	100	8	
https://ic.repo.nii.ac.jp	200	520	100	9	
https://iwatemed.repo.nii.ac.jp	200	17429	100	14	
https://hus.repo.nii.ac.jp	200	458	100	8	
https://hokusho.repo.nii.ac.jp	200	3456	100	11	
https://hokurikugakuin.repo.nii.ac.jp	200	1133	100	9	
https://hmjc.repo.nii.ac.jp	200	547	100	8	
https://do-bunkyodai.repo.nii.ac.jp	200	973	100	8	
https://Hokuriku.repo.nii.ac.jp	200	831	100	11	
https://hokuga.repo.nii.ac.jp	200	4424	100	8	
https://hue.repo.nii.ac.jp	200	1762	100	8	
https://shudo-u.repo.nii.ac.jp	200	3114	100	8	
https://hcu.repo.nii.ac.jp	200	193	100	8	
https://it-hiroshima.repo.nii.ac.jp	200	1184	100	9	
https://hirokoku-u.repo.nii.ac.jp	200	1029	100	9	
https://hbg.repo.nii.ac.jp	200	1630	100	8	
https://hju.repo.nii.ac.jp	200	1180	100	10	
https://h-bunkyo.repo.nii.ac.jp	200	1618	100	10	
https://hirogaku-u.repo.nii.ac.jp	200	669	100	8	
https://hirosakiuhw.repo.nii.ac.jp	200	308	100	9	
https://hdu.repo.nii.ac.jp	200	267	100	9	
https://hsuh.repo.nii.ac.jp	200	4466	100	9	
https://st.agnes.repo.nii.ac.jp	200	1614	100	9	
https://hu.repo.nii.ac.jp	200	1008	100	8	
https://hannan-u.repo.nii.ac.jp	200	2577	100	10	
https://hakodate-jc.repo.nii.ac.jp	200	129	100	7	
https://hijiyama-u.repo.nii.ac.jp	200	2179	100	13	
https://hi-tech.repo.nii.ac.jp	200	1661	100	8	
https://hakodate-u.repo.nii.ac.jp	200	397	100	9	
https://hakuoh.repo.nii.ac.jp	200	2988	100	9	
https://paz.repo.nii.ac.jp	200	248	100	7	
https://hama-med.repo.nii.ac.jp	200	4807	100	12	
https://gchs.repo.nii.ac.jp	200	164	100	9	
https://gpwu.repo.nii.ac.jp	200	342	100	9	
https://gijodai.repo.nii.ac.jp	200	148	100	9	
https://gifu-pu.repo.nii.ac.jp	200	5684	100	8	
https://gcnr.repo.nii.ac.jp	200	714	100	9	
https://gifu-cwc.repo.nii.ac.jp	200	579	100	11	
https://fukuyama-u.repo.nii.ac.jp	200	4247	100	9	
https://fukuoka-pu.repo.nii.ac.jp	200	741	100	9	
https://fmu.repo.nii.ac.jp	200	2574	100	10	
https://fdc.repo.nii.ac.jp	200	149	100	9	
https://fpu.repo.nii.ac.jp	200	293	100	9	
https://fuji.repo.nii.ac.jp	200	113	9	6	
https://fit.repo.nii.ac.jp	200	656	100	12	
https://fcu.repo.nii.ac.jp	200	371	100	13	
https://fujita-hu.repo.nii.ac.jp	200	955	100	10	
https://fun.repo.nii.ac.jp	200	5899	100	15	
https://fujijoshi.repo.nii.ac.jp	200	2229	100	9	
https://fukui-hsu.repo.nii.ac.jp	200	208	100	12	
https://fut.repo.nii.ac.jp	200	2361	100	14	
https://hiroshima.repo.nii.ac.jp	200	40615	100	36	
https://dmu.repo.nii.ac.jp	200	3030	100	9	
https://dcu.repo.nii.ac.jp	200	679	100	7	
https://codh.repo.nii.ac.jp	200		100	0	
https://doho.repo.nii.ac.jp	200	2451	100	9	
https://daiichi-cps.repo.nii.ac.jp	200		90	8	
https://edo.repo.nii.ac.jp	200	1172	100	11	
https://daiichi-koudai.repo.nii.ac.jp	200	547	100	8	
https://daido.repo.nii.ac.jp	200	116	100	8	
https://cgu.repo.nii.ac.jp	200	2045	100	9	
https://cuc.repo.nii.ac.jp	200	4803	100	7	
https://cist.repo.nii.ac.jp	200	448	100	9	
https://hit-u.repo.nii.ac.jp	200	62484	100	44	
https://az.repo.nii.ac.jp	200	2582	100	4	
https://chubu-gu.repo.nii.ac.jp	200	548	100	11	
https://chukyogakuin.repo.nii.ac.jp	200	281	100	11	
https://cur-ren.repo.nii.ac.jp	200	1127	100	12	
https://lib.cku.repo.nii.ac.jp	200	958	100	10	
https://cit.repo.nii.ac.jp	200	309	100	14	
https://cis.repo.nii.ac.jp	200	425	100	10	
https://beppu-u.repo.nii.ac.jp	200	6152	100	10	
https://atomi.repo.nii.ac.jp	200	4607	100	9	
https://bunkyo.repo.nii.ac.jp	200	9570	100	11	
https://akibi.repo.nii.ac.jp	200		20	3	
https://baika.repo.nii.ac.jp	200	256	100	9	
https://aikoku-u.repo.nii.ac.jp	200		0	4	<error code="noRecordsMatch"
https://bunka.repo.nii.ac.jp	200	1778	100	13	
https://ashitech.repo.nii.ac.jp	200	293	100	8	
https://agi.repo.nii.ac.jp	200	352	100	10	
https://aulib.repo.nii.ac.jp	200	1197	100	9	
https://nebuta.repo.nii.ac.jp	200	358	100	8	
https://asia-u.repo.nii.ac.jp	200	6340	100	9	
https://asahi-u.repo.nii.ac.jp	200	3014	100	11	
https://auhw.repo.nii.ac.jp	200	975	100	10	
https://akita-pu.repo.nii.ac.jp	200	1602	100	9	
https://ai-arts.repo.nii.ac.jp	200	1012	100	9	
https://mizuho.repo.nii.ac.jp	200	361	100	9	
https://aichiu.repo.nii.ac.jp	200	12588	100	9	
https://aichi-toho.repo.nii.ac.jp	200	591	100	9	
https://gakusen.repo.nii.ac.jp	200	1178	100	9	
https://u-shizuoka-ken.repo.nii.ac.jp	200	3759	100	8	
https://aska-r.repo.nii.ac.jp	200	3461	100	12	
https://kgwu.repo.nii.ac.jp	200	825	100	9	
https://aue.repo.nii.ac.jp	200	9811	100	13	
https://meisandai.repo.nii.ac.jp	200	561	100	10	
https://nufs-nuas.repo.nii.ac.jp	200	1939	100	10	
https://jonan.repo.nii.ac.jp	200	1125	100	11	
https://kyujyo.repo.nii.ac.jp	200	461	100	8	
https://hachinohe-hachitan.repo.nii.ac.jp	200	996	100	9	
https://oiu.repo.nii.ac.jp	200	1143	100	8	
https://oita-nhs.repo.nii.ac.jp	200		36	4	
https://dsc.repo.nii.ac.jp	200		100	0	
https://fukujo.repo.nii.ac.jp	200	983	100	12	
https://shk.repo.nii.ac.jp	200	111	100	8	
https://takamatsu-u.repo.nii.ac.jp	200	681	100	9	
https://keiai.repo.nii.ac.jp	200	3342	100	9	
https://t-bunkyo.repo.nii.ac.jp	200	191	100	10	
https://iot.repo.nii.ac.jp	200	233	100	9	
https://morinomiya.repo.nii.ac.jp	200	155	100	7	
https://fukuchiyama.repo.nii.ac.jp	200	452	100	10	
https://n-junshin.repo.nii.ac.jp	200	299	100	8	
https://shotoku.repo.nii.ac.jp	200	2937	100	8	
https://mietan.repo.nii.ac.jp	200	524	100	8	
https://acguacjc.repo.nii.ac.jp	200	408	100	9	
https://nisikyu-u.repo.nii.ac.jp	200	439	100	10	
https://hamagaku.repo.nii.ac.jp	200	203	100	8	
https://isu.repo.nii.ac.jp	200	176	100	11	
https://sist.repo.nii.ac.jp	200	381	100	8	
https://kki.repo.nii.ac.jp	200	141	100	12	
https://occ.repo.nii.ac.jp	200	107	100	11	
https://tsurumi-u.repo.nii.ac.jp	200	1388	100	10	
https://nms.repo.nii.ac.jp	200	1166	100	9	
http://yamato-u.repo.nii.ac.jp	301		0	1	
https://chikushi-u.repo.nii.ac.jp	200	303	100	8	
https://sentankyo.repo.nii.ac.jp	200	111	100	11	
https://seijoh-u.repo.nii.ac.jp	200	305	100	9	
https://fukuyamaheisei-u.repo.nii.ac.jp	200	282	100	9	
https://jrccn.repo.nii.ac.jp	200	185	100	8	
https://maebashi-it.repo.nii.ac.jp	200		30	4	
https://mfri.repo.nii.ac.jp	200	188	100	7	
https://aino.repo.nii.ac.jp	200	957	100	8	
https://s-bunkyo.repo.nii.ac.jp	200	158	100	12	
https://nuhm.repo.nii.ac.jp	200		85	9	
https://cygnus.repo.nii.ac.jp	200	500	100	12	
https://sakuranoseibo.repo.nii.ac.jp	200	172	100	8	
https://momat.repo.nii.ac.jp	200	988	100	8	
https://tsm.repo.nii.ac.jp	200	774	100	9	
https://s-otani.repo.nii.ac.jp	200	387	100	8	
https://tou.repo.nii.ac.jp	200	159	100	10	
https://suica.repo.nii.ac.jp	200	4438	100	9	
https://akitan.repo.nii.ac.jp	200	151	100	8	
https://yamazaki-u.repo.nii.ac.jp	200	160	100	8	
https://jpcoar.repo.nii.ac.jp	200	923	100	9	
https://fwu.repo.nii.ac.jp	200	1240	100	9	
https://primaff.repo.nii.ac.jp	200	151	100	9	
https://yashima.repo.nii.ac.jp	200	195	100	11	
https://keiho.repo.nii.ac.jp	200	2178	100	9	
https://shukugawa.repo.nii.ac.jp	200	629	100	12	
https://himeji-u.repo.nii.ac.jp	200	272	100	9	
https://oka-shodai.repo.nii.ac.jp	200	1124	100	8	
https://kyoto-phu.repo.nii.ac.jp	200	360	100	11	
https://ptu.repo.nii.ac.jp	200	169	100	7	
https://shumei-u.repo.nii.ac.jp	200	154	100	13	
https://kawasakigakuen.repo.nii.ac.jp	200	525	100	10	
https://ncgmncn.repo.nii.ac.jp	200	268	100	10	
https://kmu.repo.nii.ac.jp	200	488	100	9	
https://piif.repo.nii.ac.jp	200	225	100	9	
https://eiga.repo.nii.ac.jp	200		17	2	
https://agu.repo.nii.ac.jp	200	4847	100	8	
https://kushiro.repo.nii.ac.jp	200	102	100	7	
https://joshibi.repo.nii.ac.jp	200		85	8	
https://kyotokango.repo.nii.ac.jp	200	102	100	7	
https://tohto-u.repo.nii.ac.jp	200	141	100	10	
https://ssg.repo.nii.ac.jp	200	349	100	8	
https://ouhs.repo.nii.ac.jp	200	1835	100	8	
https://jgssdds.repo.nii.ac.jp	200	147	100	8	
https://luke.repo.nii.ac.jp	200	3095	100	14	
https://fnc.repo.nii.ac.jp	200		73	6	
https://edo-tokyo-museum.repo.nii.ac.jp	200	861	100	9	
https://seirei-hosp.repo.nii.ac.jp	200	103	100	9	
https://miyasankei-u.repo.nii.ac.jp	200	861	100	8	
https://nupals.repo.nii.ac.jp	200		30	4	
https://hagoromo.repo.nii.ac.jp	200		78	8	
https://iput-t.repo.nii.ac.jp	200		57	6	
https://ikc.repo.nii.ac.jp	200		65	6	
https://sangitan.repo.nii.ac.jp	200		89	7	
https://sku.repo.nii.ac.jp	200		51	5	
https://kochi-gu.repo.nii.ac.jp	200		69	7	
https://sutoku.repo.nii.ac.jp	200		29	3	
https://dhu.repo.nii.ac.jp	200	129	100	12	
https://spua.repo.nii.ac.jp	200	127	90	9	
https://tuc.repo.nii.ac.jp	200		0	1	<error code="noRecordsMatch"
https://takara-univ.repo.nii.ac.jp	200		60	5	
https://hiu.repo.nii.ac.jp	200	1225	100	12	
https://ycu-history.repo.nii.ac.jp	200		27	4	
https://kanazawa-med.repo.nii.ac.jp	200	314	100	8	
https://nact.repo.nii.ac.jp	200		84	7	
https://ifatz.repo.nii.ac.jp	200	281	100	12	
https://y-nm.repo.nii.ac.jp	200		22	3	
https://str.repo.nii.ac.jp	200		52	7	
https://at-hyogo.repo.nii.ac.jp	200		77	7	
https://osaka-seikei.repo.nii.ac.jp	200	213	99	10	
https://ohs.repo.nii.ac.jp	200		67	7	
https://kyushuotani.repo.nii.ac.jp	200	284	100	9	
https://siu.repo.nii.ac.jp	200		89	7	
https://soei.repo.nii.ac.jp	200		14	2	
https://toshoku.repo.nii.ac.jp	200		61	7	
https://toko.repo.nii.ac.jp	200		86	6	
https://kjc.repo.nii.ac.jp	200	165	100	9	
https://iput-o.repo.nii.ac.jp	200		63	6	
https://t-junshin.repo.nii.ac.jp	200		83	8	
https://jc-humanitec.repo.nii.ac.jp	200	123	100	9	
https://cross.repo.nii.ac.jp	200		12	2	
https://s-sph.repo.nii.ac.jp	200		24	2	
https://uoeh-u.repo.nii.ac.jp	200	816	100	11	
https://kasei-gakuin.repo.nii.ac.jp	200	369	100	10	
https://kanazawa-pu.repo.nii.ac.jp	200		32	3	
https://osaka-shinai.repo.nii.ac.jp	200		37	5	
https://hyogo-dai.repo.nii.ac.jp	200	118	100	7	
https://rcccs.repo.nii.ac.jp	200		42	6	
https://nig.repo.nii.ac.jp	200		4	1	
https://iamas.repo.nii.ac.jp	200	423	100	8	
https://rois.repo.nii.ac.jp	200		31	4	
https://iput-n.repo.nii.ac.jp	200	109	100	8	
https://nozominosono.repo.nii.ac.jp	200	188	100	12	
https://okigei.repo.nii.ac.jp	200		81	7	
https://shinonome.repo.nii.ac.jp	200	311	100	10	
https://bpur.repo.nii.ac.jp	200		61	5	
https://tsb.repo.nii.ac.jp	200		25	2	
https://iyakukeneiken.repo.nii.ac.jp	200		0	2	<error code="noRecordsMatch"
https://nihs.repo.nii.ac.jp	200		0	1	<error code="noRecordsMatch"
https://musabi.repo.nii.ac.jp	200	146	100	10	
https://kuda.repo.nii.ac.jp	200	2349	100	9	
https://bunri-u.repo.nii.ac.jp	200	100	100	8	
https://sgh.repo.nii.ac.jp	200		50	4	
https://tid.repo.nii.ac.jp	200		40	5	
https://mkulib.repo.nii.ac.jp	200		0	1	<error code="noRecordsMatch"
https://bgu.repo.nii.ac.jp	200		52	5	
https://daion.repo.nii.ac.jp	200	236	100	10	
https://kacho.repo.nii.ac.jp	200		25	3	
https://shubun.repo.nii.ac.jp	200	272	100	10	
https://wakayama-med.repo.nii.ac.jp	200		6	2	
https://suhs.repo.nii.ac.jp	200		74	9	
https://cess.repo.nii.ac.jp	200		6	1	
https://marianna-u.repo.nii.ac.jp	200	6287	100	11	
https://ohtsuki.repo.nii.ac.jp	200		11	2	
https://nrcd.repo.nii.ac.jp	200		2	1	
https://nurse.repo.nii.ac.jp	200	354	100	15	
https://ruda.repo.nii.ac.jp	200		85	15	
https://sgk.repo.nii.ac.jp	200		61	6	
https://tnm.repo.nii.ac.jp	200	173	100	8	
https://aichi-med-u.repo.nii.ac.jp	200	122	100	8	
https://fgu.repo.nii.ac.jp	200		77	6	
https://my-pharm.repo.nii.ac.jp	200	4026	100	6	
https://cpuhs.repo.nii.ac.jp	200		94	7	
https://kyu-dent.repo.nii.ac.jp	200	229	100	7	
https://epu.repo.nii.ac.jp	200	417	100	11	
https://fiuhw.repo.nii.ac.jp	200		0	2	<error code="noRecordsMatch"
https://kyuhaku.repo.nii.ac.jp	200		48	7	
https://ncc.repo.nii.ac.jp	200		0	1	<error code="noRecordsMatch"
https://aiit.repo.nii.ac.jp	200		34	7	
https://ukhs.repo.nii.ac.jp	200		13	3	
https://teu.repo.nii.ac.jp	200	177	100	11	
https://jhu.repo.nii.ac.jp	200		26	7	
https://iu.repo.nii.ac.jp	200		7	2	
https://gums.repo.nii.ac.jp	200		23	3	
https://komatsu-u.repo.nii.ac.jp	200		26	7	
https://irci.repo.nii.ac.jp	200		28	4	
https://pmda.repo.nii.ac.jp	200	2249	100	10	
https://frada.repo.nii.ac.jp	200	422	100	11	
https://naoj-repository.repo.nii.ac.jp	200	285	100	11	
https://khrri.repo.nii.ac.jp	200		62	8	
https://nimd.repo.nii.ac.jp	200	133	100	13	
https://catherine.repo.nii.ac.jp	200		92	13	
https://kek.repo.nii.ac.jp	200	28217	100	13	
