https://konan-wu.repo.nii.ac.jp	Konan Women's University Academic information Repository	2012-03-30T00:00:00Z
https://twinkle.repo.nii.ac.jp	Tokyo Women’s Medical University Information &amp; Knowledge Database	2017-01-24T00:00:00Z
https://redcross.repo.nii.ac.jp	赤十字リポジトリ	2012-03-30T00:00:00Z
https://iwatemed.repo.nii.ac.jp	Iwate Medical University Repository	2007-03-01T00:00:00Z
https://hiroshima.repo.nii.ac.jp	Hiroshima University Institutional Repository	2024-08-27T11:34:54Z
https://kek.repo.nii.ac.jp	Outputs from the KEK Research Activities	2024-10-15T09:28:42Z
https://kaisei.repo.nii.ac.jp	KOBE　KAISEI　COLLEGE　REPOSITORY	2017-01-24T00:00:00Z
https://hit-u.repo.nii.ac.jp	HERMES-IR (Hitotsubashi University Institutional Repository)	2024-08-27T11:35:08Z
https://omu.repo.nii.ac.jp	Osaka Metropolitan University Repository Education and Research Archives	2019-04-24T00:00:00Z
https://toyama.repo.nii.ac.jp	University of Toyama Repository	2016-02-03T00:00:00Z
https://u-ryukyu.repo.nii.ac.jp	University of the Ryukyus Repository	2021-08-23T09:18:11Z
https://ocu-omu.repo.nii.ac.jp	Osaka City University Repository for Academic materials	2024-06-24T05:31:57Z
https://aichiu.repo.nii.ac.jp	愛知大学リポジトリ	2012-04-30T00:00:00Z
https://aue.repo.nii.ac.jp	Aichi University of Education Academic Information Repository	2016-12-09T00:00:00Z
https://kait.repo.nii.ac.jp	Kanagawa Institute of Technology Repository	2019-11-28T00:00:00Z
https://stars.repo.nii.ac.jp	St. Andrew’s Repository System（略称　STARS）	2016-02-23T00:00:00Z
https://bunkyo.repo.nii.ac.jp	文教大学学術機関リポジトリ	2015-05-29T00:00:00Z
https://u-fukui.repo.nii.ac.jp	University of Fukui Academic Repository	2020-02-27T00:00:00Z
https://ynu.repo.nii.ac.jp	Yokohama National University Repository	2016-02-03T00:00:00Z
https://tku.repo.nii.ac.jp	Tokyo Keizai University Institutional Repository	2026-05-27T06:57:03Z
https://uuair.repo.nii.ac.jp	Utsunomiya University Academic Information Repository	2017-09-20T00:00:00Z
https://tmu.repo.nii.ac.jp	Tokyo Medical University Repository	2012-06-30T00:00:00Z
https://sapmed.repo.nii.ac.jp	Sapporo Medical University Information and Knowledge Repository	2017-09-20T00:00:00Z
https://toho.repo.nii.ac.jp	Toho University Academic Repository	2024-01-30T07:31:07Z
https://toyo-bunko.repo.nii.ac.jp	ERNEST (TOYO BUNKO E-RESOURCE NETWORK STORAGE)	2018-05-21T00:00:00Z
https://yamagata.repo.nii.ac.jp	Yamagata University Academic Repository	2015-05-29T00:00:00Z
https://marianna-u.repo.nii.ac.jp	St. Marianna Univ. Institutional Repository of Academic Information	2024-10-15T09:26:11Z
https://rakuno.repo.nii.ac.jp	CLOVER	2017-07-11T00:00:00Z
https://beppu-u.repo.nii.ac.jp	Beppu University Information Library for Documentation	2025-09-19T10:23:44Z
https://gifu-pu.repo.nii.ac.jp	岐阜薬大学術リポジトリ	2012-04-30T00:00:00Z
https://fun.repo.nii.ac.jp	Future University Hakodate Repository	2021-10-28T00:00:00Z
https://rku.repo.nii.ac.jp	Ryutsu Keizai University Repository	2016-08-22T00:00:00Z
https://nanzan-u.repo.nii.ac.jp	Nanzan University Repository	2007-03-01T00:00:00Z
https://ouj.repo.nii.ac.jp	The Open University of Japan Repository	2013-04-30T00:00:00Z
https://asia-u.repo.nii.ac.jp	Asia University Academic Repository 	2015-10-13T00:00:00Z
https://ycu.repo.nii.ac.jp	Yokohama City University Repository	2014-02-07T00:00:00Z
https://konan-u.repo.nii.ac.jp	Konan University Repository	2014-05-01T00:00:00Z
https://naruto.repo.nii.ac.jp	Naruto University of Education Digital Collection	2018-02-22T00:00:00Z
https://hama-med.repo.nii.ac.jp	HamaMed-Repository	2018-06-28T00:00:00Z
https://nitech.repo.nii.ac.jp	Nagoya Institute of Technology Repository System	2016-08-22T00:00:00Z
https://agu.repo.nii.ac.jp	AICHI GAKUIN UNIVERSITY Repository	2020-05-28T00:00:00Z
https://cuc.repo.nii.ac.jp	Chiba University of Commerce Academic Repository	2015-09-18T00:00:00Z
https://k-rain.repo.nii.ac.jp	Kokugakuin University Repository for Academic Information	2022-12-28T00:00:00Z
https://ous.repo.nii.ac.jp	Academic Reository of Okayama University of Science(AROUS)	2007-03-01T00:00:00Z
https://hsuh.repo.nii.ac.jp	Health Sciences University of Hokkaido Academic Repository	2013-04-30T00:00:00Z
https://atomi.repo.nii.ac.jp	Atomi University Repository	2017-12-22T00:00:00Z
https://meigaku.repo.nii.ac.jp	Meiji Gakuin University Institutional Repository	2017-12-22T00:00:00Z
https://nara-u.repo.nii.ac.jp	Nara University	2021-04-27T00:00:00Z
https://suica.repo.nii.ac.jp	Kobe Women's University &amp; Junior College Institutional Repository	2015-02-27T00:00:00Z
https://kokushikan.repo.nii.ac.jp	Kokushikan University Academic Information Repository	2016-02-03T00:00:00Z
https://hokuga.repo.nii.ac.jp	Hokkai-Gakuen Organization of Knowledge Ubiquitous  through Gaining Archives.	2026-05-28T03:26:27Z
https://fukuyama-u.repo.nii.ac.jp	福山大学学術情報リポジトリ	2012-03-30T00:00:00Z
https://kyusan-u.repo.nii.ac.jp	Kyushu Sangyo University Institutional Repository	2025-08-26T09:43:31Z
https://u-hyogo.repo.nii.ac.jp	University of Hyogo Academic Repository	2013-10-11T00:00:00Z
https://jir.repo.nii.ac.jp	JAMSTEC Repository	2022-11-30T00:00:00Z
https://my-pharm.repo.nii.ac.jp	Meiji Pharmaceutical University Repository	2025-07-23T03:05:24Z
https://kumagaku.repo.nii.ac.jp	Kumamoto Gakuen University Repository	2012-06-30T00:00:00Z
https://nishogakusha.repo.nii.ac.jp	Nishogakusha University Academic Repository	2014-06-30T00:00:00Z
https://ygu.repo.nii.ac.jp	WEKO	2007-03-01T00:00:00Z
https://showa.repo.nii.ac.jp	Showa Medical University Academic Resource Repository	2019-03-28T00:00:00Z
https://nagoya-wu.repo.nii.ac.jp	名古屋女子大学リポジトリ	2012-06-30T00:00:00Z
https://u-shizuoka-ken.repo.nii.ac.jp	University of Shizuoka Repository	2016-02-08T00:00:00Z
https://juen.repo.nii.ac.jp	Joetsu University of Education Repository	2015-02-27T00:00:00Z
https://isct.repo.nii.ac.jp	Tokyo Medical and Dental University Institutional Repository	2017-04-27T00:00:00Z
https://onomichi-u.repo.nii.ac.jp	Onomichi City University Academic Repository	2022-12-28T00:00:00Z
https://kwmw.repo.nii.ac.jp	Kawasaki University of Medical Welfare Institutional Repository	2007-03-01T00:00:00Z
https://jair.repo.nii.ac.jp	JAIR: Juntendo Academic Information Repository	2024-01-29T07:12:58Z
https://aska-r.repo.nii.ac.jp	Aichi Shukutoku Knowledge Archive Repository	2015-09-18T00:00:00Z
https://hokusho.repo.nii.ac.jp	Hokusho University Repository	2013-03-29T00:00:00Z
https://keiai.repo.nii.ac.jp	Keiai University &amp; Chiba Keiai Junior College Repository	2015-05-01T00:00:00Z
https://okiu1972.repo.nii.ac.jp	Okinawa International University Repository	2018-06-29T00:00:00Z
https://kobe-c.repo.nii.ac.jp	Kobe College Repository	2014-06-30T00:00:00Z
https://kokubunken.repo.nii.ac.jp	National Institute of Japanese Literature Repository	2014-06-30T00:00:00Z
https://u-kochi.repo.nii.ac.jp	University of Kochi Repository for Academic Resources	2014-10-10T00:00:00Z
https://nakamura-u.repo.nii.ac.jp	中村学園大学学術リポジトリ	2012-05-31T00:00:00Z
https://kwmed.repo.nii.ac.jp	Kawasaki Medical School Institutional Repository	2007-03-01T00:00:00Z
https://serve.repo.nii.ac.jp	Seigakuin Repository for Academic Archive	2016-08-22T00:00:00Z
https://shudo-u.repo.nii.ac.jp	Hiroshima Shudo University Academic Repository	2012-04-30T00:00:00Z
https://ouc.repo.nii.ac.jp	Osaka University of Commerce Repository	2014-10-10T00:00:00Z
https://luke.repo.nii.ac.jp	St. Luke's International University Repository	2019-10-30T00:00:00Z
https://nfu.repo.nii.ac.jp	Nihon Fukushi University Institutional Repository	2014-06-01T00:00:00Z
https://sgul.repo.nii.ac.jp	Sapporo Gakuin University Repository	2016-10-14T00:00:00Z
https://dmu.repo.nii.ac.jp	Dokkyo Medical University Repository	2007-03-01T00:00:00Z
https://asahi-u.repo.nii.ac.jp	Asahi University Institutional Repository	2013-01-11T00:00:00Z
https://meisei.repo.nii.ac.jp	Meisei University Academic Institutional Repository	2013-11-01T00:00:00Z
https://oist.repo.nii.ac.jp	OIST Repository	2015-12-04T00:00:00Z
https://tokoha-u.repo.nii.ac.jp	Tokoha　University　 Repository	2025-06-30T11:00:00Z
https://hakuoh.repo.nii.ac.jp	Hakuoh University Repository	2016-10-31T00:00:00Z
https://shotoku.repo.nii.ac.jp	Gifu Shotoku Gakuen University repository	2017-01-24T00:00:00Z
https://ginmu.repo.nii.ac.jp	GINMU : Global Institutional repository of Nara Medical University	2026-06-22T07:45:23Z
https://matsuyama-u-r.repo.nii.ac.jp	Matsuyama University Repository	2014-02-07T00:00:00Z
https://shokei.repo.nii.ac.jp	Shokei Gakuin University	2017-07-11T00:00:00Z
https://k-kentan.repo.nii.ac.jp	Kagoshima Prefectural College Repository	2016-03-28T00:00:00Z
https://minobu.repo.nii.ac.jp	Minobusan University Repository	2015-09-18T00:00:00Z
https://mu.repo.nii.ac.jp	Musashino University Institutional Repository	2016-02-23T00:00:00Z
https://nittaidai.repo.nii.ac.jp	NITTAIDAI Repository	2016-05-27T00:00:00Z
https://az.repo.nii.ac.jp	Azabu University Science Information Repository	2012-06-30T00:00:00Z
https://osu.repo.nii.ac.jp	Osaka Sangyo University Repository	2015-05-01T00:00:00Z
https://hannan-u.repo.nii.ac.jp	阪南大学学術リポジトリ	2012-06-30T00:00:00Z
https://fmu.repo.nii.ac.jp	Fukushima Medical University Repository	2024-10-15T09:28:28Z
