62484	https://hit-u.repo.nii.ac.jp	200	62484	100	44	
40615	https://hiroshima.repo.nii.ac.jp	200	40615	100	36	
28217	https://kek.repo.nii.ac.jp	200	28217	100	13	
25918	https://twinkle.repo.nii.ac.jp	200	25918	100	17	
21874	https://redcross.repo.nii.ac.jp	200	21874	100	9	
21518	https://toyama.repo.nii.ac.jp	200	21518	100	25	
21436	https://ocu-omu.repo.nii.ac.jp	200	21436	100	19	
21362	https://konan-wu.repo.nii.ac.jp	200	21362	100	13	
18080	https://kaisei.repo.nii.ac.jp	200	18080	100	9	
17989	https://u-ryukyu.repo.nii.ac.jp	200	17989	100	19	
17651	https://omu.repo.nii.ac.jp	200	17651	100	35	
17429	https://iwatemed.repo.nii.ac.jp	200	17429	100	14	
15846	https://toho.repo.nii.ac.jp	200	15846	100	14	
14899	https://ynu.repo.nii.ac.jp	200	14899	100	20	
12588	https://aichiu.repo.nii.ac.jp	200	12588	100	9	
11650	https://kait.repo.nii.ac.jp	200	11650	100	16	
11330	https://tku.repo.nii.ac.jp	200	11330	100	6	
10788	https://tmu.repo.nii.ac.jp	200	10788	100	8	
10397	https://u-fukui.repo.nii.ac.jp	200	10397	100	14	
10159	https://uuair.repo.nii.ac.jp	200	10159	100	14	
9811	https://aue.repo.nii.ac.jp	200	9811	100	13	
9570	https://bunkyo.repo.nii.ac.jp	200	9570	100	11	
9449	https://stars.repo.nii.ac.jp	200	9449	100	10	
8683	https://sapmed.repo.nii.ac.jp	200	8683	100	12	
8416	https://rakuno.repo.nii.ac.jp	200	8416	100	15	
7383	https://toyo-bunko.repo.nii.ac.jp	200	7383	99	11	
6942	https://yamagata.repo.nii.ac.jp	200	6942	100	10	
6340	https://asia-u.repo.nii.ac.jp	200	6340	100	9	
6287	https://marianna-u.repo.nii.ac.jp	200	6287	100	11	
6152	https://beppu-u.repo.nii.ac.jp	200	6152	100	10	
6099	https://ycu.repo.nii.ac.jp	200	6099	100	12	
5995	https://nanzan-u.repo.nii.ac.jp	200	5995	100	15	
5939	https://rku.repo.nii.ac.jp	200	5939	100	11	
5931	https://ouj.repo.nii.ac.jp	200	5931	100	13	
5899	https://fun.repo.nii.ac.jp	200	5899	100	15	
5684	https://gifu-pu.repo.nii.ac.jp	200	5684	100	8	
5653	https://konan-u.repo.nii.ac.jp	200	5653	100	11	
5411	https://nitech.repo.nii.ac.jp	200	5411	100	11	
5222	https://naruto.repo.nii.ac.jp	200	5222	100	19	
4847	https://agu.repo.nii.ac.jp	200	4847	100	8	
4807	https://hama-med.repo.nii.ac.jp	200	4807	100	12	
4803	https://cuc.repo.nii.ac.jp	200	4803	100	7	
4671	https://meigaku.repo.nii.ac.jp	200	4671	100	13	
4637	https://ous.repo.nii.ac.jp	200	4637	100	11	
4607	https://atomi.repo.nii.ac.jp	200	4607	100	9	
4589	https://k-rain.repo.nii.ac.jp	200	4589	100	15	
4466	https://hsuh.repo.nii.ac.jp	200	4466	100	9	
4441	https://nara-u.repo.nii.ac.jp	200	4441	100	9	
4438	https://suica.repo.nii.ac.jp	200	4438	100	9	
4424	https://hokuga.repo.nii.ac.jp	200	4424	100	8	
4411	https://kokushikan.repo.nii.ac.jp	200	4411	100	9	
4317	https://kyusan-u.repo.nii.ac.jp	200	4317	100	15	
4247	https://fukuyama-u.repo.nii.ac.jp	200	4247	100	9	
4119	https://u-hyogo.repo.nii.ac.jp	200	4119	100	10	
4074	https://nishogakusha.repo.nii.ac.jp	200	4074	100	8	
4026	https://my-pharm.repo.nii.ac.jp	200	4026	100	6	
4001	https://jir.repo.nii.ac.jp	200	4001	100	8	
3962	https://ygu.repo.nii.ac.jp	200	3962	100	9	
3948	https://kumagaku.repo.nii.ac.jp	200	3948	100	9	
3924	https://showa.repo.nii.ac.jp	200	3924	100	8	
3819	https://nagoya-wu.repo.nii.ac.jp	200	3819	100	8	
3759	https://u-shizuoka-ken.repo.nii.ac.jp	200	3759	100	8	
3702	https://onomichi-u.repo.nii.ac.jp	200	3702	100	14	
3690	https://isct.repo.nii.ac.jp	200	3690	100	7	
3651	https://juen.repo.nii.ac.jp	200	3651	100	12	
3642	https://kwmw.repo.nii.ac.jp	200	3642	100	11	
3590	https://jair.repo.nii.ac.jp	200	3590	100	6	
3477	https://okiu1972.repo.nii.ac.jp	200	3477	100	14	
3461	https://aska-r.repo.nii.ac.jp	200	3461	100	12	
3456	https://hokusho.repo.nii.ac.jp	200	3456	100	11	
3342	https://keiai.repo.nii.ac.jp	200	3342	100	9	
3295	https://kokubunken.repo.nii.ac.jp	200	3295	100	11	
3274	https://u-kochi.repo.nii.ac.jp	200	3274	100	10	
3258	https://kobe-c.repo.nii.ac.jp	200	3258	100	15	
3201	https://kwmed.repo.nii.ac.jp	200	3201	100	10	
3146	https://nakamura-u.repo.nii.ac.jp	200	3146	100	10	
3144	https://serve.repo.nii.ac.jp	200	3144	100	11	
3120	https://ouc.repo.nii.ac.jp	200	3120	100	9	
3114	https://shudo-u.repo.nii.ac.jp	200	3114	100	8	
3095	https://luke.repo.nii.ac.jp	200	3095	100	14	
3062	https://sgul.repo.nii.ac.jp	200	3062	100	12	
3051	https://nfu.repo.nii.ac.jp	200	3051	100	13	
3030	https://tokoha-u.repo.nii.ac.jp	200	3030	100	12	
3030	https://dmu.repo.nii.ac.jp	200	3030	100	9	
3017	https://oist.repo.nii.ac.jp	200	3017	100	12	
3014	https://asahi-u.repo.nii.ac.jp	200	3014	100	11	
3008	https://meisei.repo.nii.ac.jp	200	3008	100	9	
2988	https://hakuoh.repo.nii.ac.jp	200	2988	100	9	
2947	https://matsuyama-u-r.repo.nii.ac.jp	200	2947	100	8	
2937	https://shotoku.repo.nii.ac.jp	200	2937	100	8	
2844	https://ginmu.repo.nii.ac.jp	200	2844	100	12	
2827	https://shokei.repo.nii.ac.jp	200	2827	100	11	
2791	https://minobu.repo.nii.ac.jp	200	2791	100	14	
2740	https://k-kentan.repo.nii.ac.jp	200	2740	100	9	
2703	https://mu.repo.nii.ac.jp	200	2703	100	9	
2649	https://osu.repo.nii.ac.jp	200	2649	100	10	
2622	https://nittaidai.repo.nii.ac.jp	200	2622	100	8	
2582	https://az.repo.nii.ac.jp	200	2582	100	4	
2577	https://hannan-u.repo.nii.ac.jp	200	2577	100	10	
2574	https://fmu.repo.nii.ac.jp	200	2574	100	10	
2521	https://nsg.repo.nii.ac.jp	200	2521	100	13	
2489	https://iwate-pu.repo.nii.ac.jp	200	2489	100	10	
2451	https://doho.repo.nii.ac.jp	200	2451	100	9	
2420	https://repository-musashi.repo.nii.ac.jp	200	2420	100	11	
2405	https://shiraume.repo.nii.ac.jp	200	2405	100	10	
2361	https://fut.repo.nii.ac.jp	200	2361	100	14	
2349	https://kuda.repo.nii.ac.jp	200	2349	100	9	
2251	https://lib.sugiyama-u.repo.nii.ac.jp	200	2251	100	12	
2249	https://pmda.repo.nii.ac.jp	200	2249	100	10	
2240	https://shukutoku.repo.nii.ac.jp	200	2240	100	9	
2229	https://fujijoshi.repo.nii.ac.jp	200	2229	100	9	
2223	https://mdu.repo.nii.ac.jp	200	2223	100	8	
2205	https://mejiro.repo.nii.ac.jp	200	2205	100	8	
2198	https://kougei.repo.nii.ac.jp	200	2198	100	9	
2179	https://hijiyama-u.repo.nii.ac.jp	200	2179	100	13	
2178	https://keiho.repo.nii.ac.jp	200	2178	100	9	
2093	https://tokaigakuin-u.repo.nii.ac.jp	200	2093	100	11	
2045	https://cgu.repo.nii.ac.jp	200	2045	100	9	
2024	https://kyoritsu.repo.nii.ac.jp	200	2024	100	11	
2024	https://kuis.repo.nii.ac.jp	200	2024	100	10	
2005	https://tais.repo.nii.ac.jp	200	2005	100	12	
1998	https://kurume.repo.nii.ac.jp	200	1998	100	12	
1978	https://morioka.repo.nii.ac.jp	200	1978	100	8	
1966	https://u-sacred-heart.repo.nii.ac.jp	200	1966	100	8	
1956	https://suac.repo.nii.ac.jp	200	1956	100	8	
1939	https://nufs-nuas.repo.nii.ac.jp	200	1939	100	10	
1934	https://kogakkan.repo.nii.ac.jp	200	1934	100	14	
1885	https://wayo.repo.nii.ac.jp	200	1885	100	8	
1884	https://shizusan.repo.nii.ac.jp	200	1884	100	9	
1884	https://shirayuri-u.repo.nii.ac.jp	200	1884	100	10	
1856	https://uedawjc.repo.nii.ac.jp	200	1856	100	8	
1853	https://seirei-univ.repo.nii.ac.jp	200	1853	100	14	
1851	https://wako.repo.nii.ac.jp	200	1851	100	8	
1851	https://narapu.repo.nii.ac.jp	200	1851	100	9	
1835	https://ouhs.repo.nii.ac.jp	200	1835	100	8	
1833	https://nayoro.repo.nii.ac.jp	200	1833	100	14	
1825	https://ohu-lib.repo.nii.ac.jp	200	1825	100	11	
1823	https://library-kogakuin.repo.nii.ac.jp	200	1823	100	14	
1804	https://sakushin-u.repo.nii.ac.jp	200	1804	100	9	
1778	https://bunka.repo.nii.ac.jp	200	1778	100	13	
1776	https://shoin.repo.nii.ac.jp	200	1776	100	9	
1762	https://hue.repo.nii.ac.jp	200	1762	100	8	
1746	https://mue.repo.nii.ac.jp	200	1746	100	8	
1712	https://sendai-u.repo.nii.ac.jp	200	1712	100	8	
1679	https://ryuka.repo.nii.ac.jp	200	1679	100	8	
1671	https://sun.repo.nii.ac.jp	200	1671	100	12	
1661	https://hi-tech.repo.nii.ac.jp	200	1661	100	8	
1630	https://hbg.repo.nii.ac.jp	200	1630	100	8	
1618	https://h-bunkyo.repo.nii.ac.jp	200	1618	100	10	
1614	https://st.agnes.repo.nii.ac.jp	200	1614	100	9	
1610	https://komajo.repo.nii.ac.jp	200	1610	100	12	
1604	https://ycc.repo.nii.ac.jp	200	1604	100	9	
1602	https://akita-pu.repo.nii.ac.jp	200	1602	100	9	
1601	https://kunion.repo.nii.ac.jp	200	1601	100	9	
1584	https://nifs-k.repo.nii.ac.jp	200	1584	100	9	
1529	https://jue.repo.nii.ac.jp	200	1529	100	9	
1512	https://okinawauniversity.repo.nii.ac.jp	200	1512	100	11	
1486	https://ngu.repo.nii.ac.jp	200	1486	100	12	
1481	https://luther.repo.nii.ac.jp	200	1481	100	7	
1464	https://kdu.repo.nii.ac.jp	200	1464	100	11	
1446	https://suzuka.repo.nii.ac.jp	200	1446	100	11	
1446	https://matsumoto-u.repo.nii.ac.jp	200	1446	100	7	
1443	https://tcue.repo.nii.ac.jp	200	1443	100	13	
1436	https://kinjo.repo.nii.ac.jp	200	1436	100	11	
1434	https://iuhw.repo.nii.ac.jp	200	1434	100	8	
1426	https://nagano.repo.nii.ac.jp	200	1426	100	8	
1405	https://saigaku.repo.nii.ac.jp	200	1405	100	10	
1388	https://tsurumi-u.repo.nii.ac.jp	200	1388	100	10	
1381	https://kpu-m.repo.nii.ac.jp	200	1381	100	11	
1378	https://ndu-rep.repo.nii.ac.jp	200	1378	100	11	
1378	https://jc.u-aizu.repo.nii.ac.jp	200	1378	100	18	
1352	https://stella.repo.nii.ac.jp	200	1352	100	8	
1343	https://soai.repo.nii.ac.jp	200	1343	100	10	
1336	https://toin.repo.nii.ac.jp	200	1336	100	14	
1299	https://niconurs.repo.nii.ac.jp	200	1299	100	20	
1266	https://twcpe.repo.nii.ac.jp	200	1266	100	9	
1266	https://niit.repo.nii.ac.jp	200	1266	100	14	
1240	https://fwu.repo.nii.ac.jp	200	1240	100	9	
1235	https://jumonji-u.repo.nii.ac.jp	200	1235	100	9	
1225	https://hiu.repo.nii.ac.jp	200	1225	100	12	
1215	https://u-nagano.repo.nii.ac.jp	200	1215	100	8	
1209	https://n-seiryo.repo.nii.ac.jp	200	1209	100	16	
1197	https://aulib.repo.nii.ac.jp	200	1197	100	9	
1184	https://it-hiroshima.repo.nii.ac.jp	200	1184	100	9	
1180	https://hju.repo.nii.ac.jp	200	1180	100	10	
1178	https://gakusen.repo.nii.ac.jp	200	1178	100	9	
1172	https://edo.repo.nii.ac.jp	200	1172	100	11	
1171	https://nias.repo.nii.ac.jp	200	1171	100	7	
1170	https://tcu.repo.nii.ac.jp	200	1170	100	9	
1166	https://nms.repo.nii.ac.jp	200	1166	100	9	
1152	https://jwcpe.repo.nii.ac.jp	200	1152	100	10	
1151	https://jichi-ir.repo.nii.ac.jp	200	1151	100	8	
1145	https://unii.repo.nii.ac.jp	200	1145	100	8	
1143	https://oiu.repo.nii.ac.jp	200	1143	100	8	
1141	https://kuins.repo.nii.ac.jp	200	1141	100	9	
1136	https://nagano-nct.repo.nii.ac.jp	200	1136	100	14	
1133	https://hokurikugakuin.repo.nii.ac.jp	200	1133	100	9	
1131	https://nagaokaut.repo.nii.ac.jp	200	1131	100	13	
1127	https://cur-ren.repo.nii.ac.jp	200	1127	100	12	
1125	https://jonan.repo.nii.ac.jp	200	1125	100	11	
1124	https://oka-shodai.repo.nii.ac.jp	200	1124	100	8	
1111	https://koka.repo.nii.ac.jp	200	1111	100	8	
1108	https://kit.repo.nii.ac.jp	200	1108	100	16	
1102	https://akita.repo.nii.ac.jp	200	1102	100	15	
1085	https://iuk-repo.repo.nii.ac.jp	200	1085	100	11	
1074	https://phoenix.repo.nii.ac.jp	200	1074	100	10	
1073	https://togaku.repo.nii.ac.jp	200	1073	100	11	
1064	https://grips.repo.nii.ac.jp	200	1064	100	12	
1061	https://tamabi.repo.nii.ac.jp	200	1061	100	12	
1057	https://tsuru.repo.nii.ac.jp	200	1057	100	13	
1054	https://tfulib.repo.nii.ac.jp	200	1054	100	11	
1049	https://meirin.repo.nii.ac.jp	200	1049	100	10	
1029	https://hirokoku-u.repo.nii.ac.jp	200	1029	100	9	
1021	https://wesleyan.repo.nii.ac.jp	200	1021	100	8	
1012	https://ai-arts.repo.nii.ac.jp	200	1012	100	9	
1011	https://tsuyama-nit.repo.nii.ac.jp	200	1011	100	14	
1008	https://hu.repo.nii.ac.jp	200	1008	100	8	
1005	https://kwjc.repo.nii.ac.jp	200	1005	100	9	
1001	https://iuj.repo.nii.ac.jp	200	1001	100	5	
996	https://hachinohe-hachitan.repo.nii.ac.jp	200	996	100	9	
989	https://geitan.repo.nii.ac.jp	200	989	100	11	
988	https://momat.repo.nii.ac.jp	200	988	100	8	
983	https://fukujo.repo.nii.ac.jp	200	983	100	12	
975	https://auhw.repo.nii.ac.jp	200	975	100	10	
974	https://seisen-u.repo.nii.ac.jp	200	974	100	10	
973	https://shujitsu.repo.nii.ac.jp	200	973	100	9	
973	https://do-bunkyodai.repo.nii.ac.jp	200	973	100	8	
961	https://tama.repo.nii.ac.jp	200	961	100	11	
958	https://lib.cku.repo.nii.ac.jp	200	958	100	10	
957	https://aino.repo.nii.ac.jp	200	957	100	8	
955	https://fujita-hu.repo.nii.ac.jp	200	955	100	10	
950	https://kaetsu.repo.nii.ac.jp	200	950	100	9	
945	https://mimasaka.repo.nii.ac.jp	200	945	100	8	
939	https://tust.repo.nii.ac.jp	200	939	100	11	
932	https://jin-ai.repo.nii.ac.jp	200	932	100	13	
928	https://sasebo.repo.nii.ac.jp	200	928	100	13	
923	https://jpcoar.repo.nii.ac.jp	200	923	100	9	
914	https://shikoku-u.repo.nii.ac.jp	200	914	100	10	
913	https://tbgu.repo.nii.ac.jp	200	913	100	14	
909	https://osaka-ohtani.repo.nii.ac.jp	200	909	100	10	
901	https://tsc.repo.nii.ac.jp	200	901	100	8	
894	https://niu.repo.nii.ac.jp	200	894	100	7	
893	https://kobe-tokiwa.repo.nii.ac.jp	200	893	100	9	
891	https://ompu.repo.nii.ac.jp	200	891	100	10	
889	https://meilib.repo.nii.ac.jp	200	889	100	11	
888	https://jpf.repo.nii.ac.jp	200	888	100	14	
872	https://mgu.repo.nii.ac.jp	200	872	100	14	
871	https://nufs.repo.nii.ac.jp	200	871	100	9	
867	https://niimi-c.repo.nii.ac.jp	200	867	100	11	
865	https://kusw.repo.nii.ac.jp	200	865	100	8	
861	https://miyasankei-u.repo.nii.ac.jp	200	861	100	8	
861	https://edo-tokyo-museum.repo.nii.ac.jp	200	861	100	9	
858	https://kiui.repo.nii.ac.jp	200	858	100	9	
847	https://sit.repo.nii.ac.jp	200	847	100	10	
842	https://shobi-u.repo.nii.ac.jp	200	842	100	9	
831	https://Hokuriku.repo.nii.ac.jp	200	831	100	11	
825	https://kgwu.repo.nii.ac.jp	200	825	100	9	
824	https://tokyo-ondai.repo.nii.ac.jp	200	824	100	9	
823	https://senzoku.repo.nii.ac.jp	200	823	100	8	
822	https://tohoku-mpu.repo.nii.ac.jp	200	822	100	10	
822	https://kcua.repo.nii.ac.jp	200	822	100	12	
819	https://keisen.repo.nii.ac.jp	200	819	100	9	
816	https://uoeh-u.repo.nii.ac.jp	200	816	100	11	
807	https://ndsu.repo.nii.ac.jp	200	807	100	9	
798	https://tokiwa.repo.nii.ac.jp	200	798	100	10	
796	https://meio-u.repo.nii.ac.jp	200	796	100	8	
795	https://myu.repo.nii.ac.jp	200	795	100	10	
795	https://fuksi-kagk-u.repo.nii.ac.jp	200	795	100	11	
784	https://thu.repo.nii.ac.jp	200	784	100	7	
782	https://niad.repo.nii.ac.jp	200	782	100	15	
774	https://tsm.repo.nii.ac.jp	200	774	100	9	
760	https://nmwa.repo.nii.ac.jp	200	760	100	10	
755	https://nuis.repo.nii.ac.jp	200	755	100	7	
752	https://sugino-fc.repo.nii.ac.jp	200	752	100	11	
741	https://nzu.repo.nii.ac.jp	200	741	100	9	
741	https://fukuoka-pu.repo.nii.ac.jp	200	741	100	9	
734	https://kanazawa-bidai.repo.nii.ac.jp	200	734	100	13	
718	https://ryujo.repo.nii.ac.jp	200	718	100	7	
714	https://gcnr.repo.nii.ac.jp	200	714	100	9	
713	https://shonan-it.repo.nii.ac.jp	200	713	100	9	
711	https://seisen-jc.repo.nii.ac.jp	200	711	100	8	
709	https://usp.repo.nii.ac.jp	200	709	100	15	
706	https://yasuda-u.repo.nii.ac.jp	200	706	100	12	
704	https://icabs.repo.nii.ac.jp	200	704	100	11	
703	https://jrckicn.repo.nii.ac.jp	200	703	100	13	
699	https://kyoei.repo.nii.ac.jp	200	699	100	10	
690	https://kwtan.repo.nii.ac.jp	200	690	100	9	
687	https://yone.repo.nii.ac.jp	200	687	100	8	
685	https://ncu.repo.nii.ac.jp	200	685	99	10	
681	https://takamatsu-u.repo.nii.ac.jp	200	681	100	9	
679	https://dcu.repo.nii.ac.jp	200	679	100	7	
669	https://jcsw.repo.nii.ac.jp	200	669	100	9	
669	https://hirogaku-u.repo.nii.ac.jp	200	669	100	8	
656	https://fit.repo.nii.ac.jp	200	656	100	12	
653	https://tiu-tijc.repo.nii.ac.jp	200	653	100	10	
647	https://toyoeiwa.repo.nii.ac.jp	200	647	100	9	
634	https://ipu.repo.nii.ac.jp	200	634	100	9	
629	https://shukugawa.repo.nii.ac.jp	200	629	100	12	
618	https://kusa.repo.nii.ac.jp	200	618	100	8	
617	https://saijo.repo.nii.ac.jp	200	617	100	11	
615	https://notredame.repo.nii.ac.jp	200	615	100	9	
609	https://miyazaki-mu.repo.nii.ac.jp	200	609	100	8	
592	https://tdu.repo.nii.ac.jp	200	592	100	7	
591	https://aichi-toho.repo.nii.ac.jp	200	591	100	9	
590	https://kjunshin.repo.nii.ac.jp	200	590	100	8	
589	https://uekusa.repo.nii.ac.jp	200	589	100	8	
585	https://kinran.repo.nii.ac.jp	200	585	100	8	
579	https://kiis.repo.nii.ac.jp	200	579	100	7	
579	https://gifu-cwc.repo.nii.ac.jp	200	579	100	11	
578	https://koeki.repo.nii.ac.jp	200	578	100	10	
575	https://musashigaoka.repo.nii.ac.jp	200	575	100	9	
568	https://junshin.repo.nii.ac.jp	200	568	100	8	
561	https://meisandai.repo.nii.ac.jp	200	561	100	10	
560	https://tuis.repo.nii.ac.jp	200	560	100	8	
559	https://keiwa.repo.nii.ac.jp	200	559	100	9	
553	https://nue.repo.nii.ac.jp	200	553	100	12	
548	https://chubu-gu.repo.nii.ac.jp	200	548	100	11	
547	https://hmjc.repo.nii.ac.jp	200	547	100	8	
547	https://daiichi-koudai.repo.nii.ac.jp	200	547	100	8	
543	https://ryotokuji-u.repo.nii.ac.jp	200	543	100	11	
541	https://kyoto-art.repo.nii.ac.jp	200	541	100	10	
540	https://sojo-u.repo.nii.ac.jp	200	540	100	11	
539	https://tourism.repo.nii.ac.jp	200	539	100	12	
536	https://opcnr.repo.nii.ac.jp	200	536	100	10	
530	https://shijonawate-gakuen.repo.nii.ac.jp	200	530	100	11	
527	https://mpu.repo.nii.ac.jp	200	527	100	8	
525	https://kawasakigakuen.repo.nii.ac.jp	200	525	100	10	
524	https://mietan.repo.nii.ac.jp	200	524	100	8	
521	https://kufs.repo.nii.ac.jp	200	521	100	9	
520	https://ic.repo.nii.ac.jp	200	520	100	9	
519	https://shohoku.repo.nii.ac.jp	200	519	100	7	
512	https://sozo-air.repo.nii.ac.jp	200	512	100	9	
510	https://jicari.repo.nii.ac.jp	200	510	100	15	
508	https://tohomusic.repo.nii.ac.jp	200	508	100	14	
500	https://kbu.repo.nii.ac.jp	200	500	100	12	
500	https://cygnus.repo.nii.ac.jp	200	500	100	12	
495	https://tachibana.repo.nii.ac.jp	200	495	100	10	
493	https://nagaoka-u.repo.nii.ac.jp	200	493	100	9	
493	https://kyukyo.repo.nii.ac.jp	200	493	100	11	
492	https://toyaku.repo.nii.ac.jp	200	492	100	10	
489	https://numcjc.repo.nii.ac.jp	200	489	100	12	
488	https://kmu.repo.nii.ac.jp	200	488	100	9	
482	https://tcu-ar.repo.nii.ac.jp	200	482	100	10	
475	https://klc.repo.nii.ac.jp	200	475	100	11	
475	https://kamakura-wu.repo.nii.ac.jp	200	475	100	10	
465	https://ogu.repo.nii.ac.jp	200	465	100	12	
461	https://kyujyo.repo.nii.ac.jp	200	461	100	8	
458	https://hus.repo.nii.ac.jp	200	458	100	8	
452	https://fukuchiyama.repo.nii.ac.jp	200	452	100	10	
448	https://cist.repo.nii.ac.jp	200	448	100	9	
439	https://nisikyu-u.repo.nii.ac.jp	200	439	100	10	
433	https://ohka.repo.nii.ac.jp	200	433	100	9	
431	https://osaka-dent.repo.nii.ac.jp	200	431	100	10	
425	https://cis.repo.nii.ac.jp	200	425	100	10	
424	https://oecu.repo.nii.ac.jp	200	424	100	8	
423	https://iamas.repo.nii.ac.jp	200	423	100	8	
422	https://frada.repo.nii.ac.jp	200	422	100	11	
421	https://wakhok.repo.nii.ac.jp	200	421	100	9	
417	https://epu.repo.nii.ac.jp	200	417	100	11	
408	https://acguacjc.repo.nii.ac.jp	200	408	100	9	
403	https://shitennojiuniversity.repo.nii.ac.jp	200	403	100	9	
397	https://hakodate-u.repo.nii.ac.jp	200	397	100	9	
388	https://tenshi.repo.nii.ac.jp	200	388	100	10	
388	https://nagaoka-id.repo.nii.ac.jp	200	388	100	8	
387	https://s-otani.repo.nii.ac.jp	200	387	100	8	
382	https://tuad.repo.nii.ac.jp	200	382	100	10	
381	https://sist.repo.nii.ac.jp	200	381	100	8	
379	https://honan.repo.nii.ac.jp	200	379	100	9	
377	https://nsu.repo.nii.ac.jp	200	377	100	13	
376	https://jcga.repo.nii.ac.jp	200	376	100	11	
372	https://mcn.repo.nii.ac.jp	200	372	100	11	
371	https://fcu.repo.nii.ac.jp	200	371	100	13	
370	https://seinan-jo.repo.nii.ac.jp	200	370	100	9	
369	https://kasei-gakuin.repo.nii.ac.jp	200	369	100	10	
366	https://kagawa-puhs.repo.nii.ac.jp	200	366	100	8	
364	https://okazaki.repo.nii.ac.jp	200	364	100	13	
363	https://kawa-ccon.repo.nii.ac.jp	200	363	100	12	
361	https://toyama-c.repo.nii.ac.jp	200	361	100	9	
361	https://mizuho.repo.nii.ac.jp	200	361	100	9	
360	https://oit.repo.nii.ac.jp	200	360	100	10	
360	https://kyoto-phu.repo.nii.ac.jp	200	360	100	11	
358	https://nebuta.repo.nii.ac.jp	200	358	100	8	
354	https://shonan-ums.repo.nii.ac.jp	200	354	100	10	
354	https://nurse.repo.nii.ac.jp	200	354	100	15	
352	https://agi.repo.nii.ac.jp	200	352	100	10	
349	https://ssg.repo.nii.ac.jp	200	349	100	8	
347	https://shibaura.repo.nii.ac.jp	200	347	100	9	
346	https://metro-cit.repo.nii.ac.jp	200	346	100	8	
345	https://rctoyota.repo.nii.ac.jp	200	345	100	8	
342	https://saku.repo.nii.ac.jp	200	342	100	9	
342	https://gpwu.repo.nii.ac.jp	200	342	100	9	
327	https://ocuocjc.repo.nii.ac.jp	200	327	100	14	
325	https://njc.repo.nii.ac.jp	200	325	100	7	
316	https://kitakyushu.repo.nii.ac.jp	200	316	100	15	
315	https://k-junshin.repo.nii.ac.jp	200	315	100	6	
314	https://kinwu.repo.nii.ac.jp	200	314	100	8	
314	https://kanazawa-med.repo.nii.ac.jp	200	314	100	8	
313	https://khsu.repo.nii.ac.jp	200	313	100	9	
311	https://shinonome.repo.nii.ac.jp	200	311	100	10	
311	https://kobe-du.repo.nii.ac.jp	200	311	100	7	
310	https://seisa.repo.nii.ac.jp	200	310	100	9	
309	https://ncn.repo.nii.ac.jp	200	309	100	9	
309	https://jobu.repo.nii.ac.jp	200	309	100	8	
309	https://cit.repo.nii.ac.jp	200	309	100	14	
308	https://matsutan.repo.nii.ac.jp	200	308	100	8	
308	https://hirosakiuhw.repo.nii.ac.jp	200	308	100	9	
305	https://seijoh-u.repo.nii.ac.jp	200	305	100	9	
303	https://chikushi-u.repo.nii.ac.jp	200	303	100	8	
300	https://kyoai.repo.nii.ac.jp	200	300	100	10	
299	https://n-junshin.repo.nii.ac.jp	200	299	100	8	
298	https://shigakukan.repo.nii.ac.jp	200	298	100	9	
296	https://jrchcn.repo.nii.ac.jp	200	296	100	11	
293	https://nvlu.repo.nii.ac.jp	200	293	100	8	
293	https://fpu.repo.nii.ac.jp	200	293	100	9	
293	https://ashitech.repo.nii.ac.jp	200	293	100	8	
292	https://urawa.repo.nii.ac.jp	200	292	100	8	
290	https://ipnu.repo.nii.ac.jp	200	290	100	10	
289	https://osaka-aoyama.repo.nii.ac.jp	200	289	100	9	
287	https://kobe-ccn.repo.nii.ac.jp	200	287	100	8	
285	https://naoj-repository.repo.nii.ac.jp	200	285	100	11	
285	https://kochireha.repo.nii.ac.jp	200	285	100	8	
284	https://kyushuotani.repo.nii.ac.jp	200	284	100	9	
282	https://fukuyamaheisei-u.repo.nii.ac.jp	200	282	100	9	
281	https://ifatz.repo.nii.ac.jp	200	281	100	12	
281	https://huhs.repo.nii.ac.jp	200	281	100	9	
281	https://chukyogakuin.repo.nii.ac.jp	200	281	100	11	
276	https://tohtech.repo.nii.ac.jp	200	276	100	10	
274	https://u-aizu.repo.nii.ac.jp	200	274	100	10	
273	https://kuhs.repo.nii.ac.jp	200	273	100	8	
272	https://shubun.repo.nii.ac.jp	200	272	100	10	
272	https://himeji-u.repo.nii.ac.jp	200	272	100	9	
269	https://hosen.repo.nii.ac.jp	200	269	100	8	
268	https://ncgmncn.repo.nii.ac.jp	200	268	100	10	
267	https://hdu.repo.nii.ac.jp	200	267	100	9	
256	https://baika.repo.nii.ac.jp	200	256	100	9	
248	https://paz.repo.nii.ac.jp	200	248	100	7	
239	https://takachiho.repo.nii.ac.jp	200	239	100	11	
238	https://yachts.repo.nii.ac.jp	200	238	100	8	
237	https://shoyaku.repo.nii.ac.jp	200	237	100	9	
236	https://daion.repo.nii.ac.jp	200	236	100	10	
233	https://iot.repo.nii.ac.jp	200	233	100	9	
229	https://kyu-dent.repo.nii.ac.jp	200	229	100	7	
225	https://uhe.repo.nii.ac.jp	200	225	100	13	
225	https://piif.repo.nii.ac.jp	200	225	100	9	
224	https://tojo.repo.nii.ac.jp	200	224	100	10	
220	https://LibKGC.repo.nii.ac.jp	200	220	100	8	
216	https://jiu.repo.nii.ac.jp	200	216	100	13	
216	https://ikuei.repo.nii.ac.jp	200	216	100	9	
215	https://scu.repo.nii.ac.jp	200	215	100	14	
213	https://osaka-seikei.repo.nii.ac.jp	200	213	99	10	
208	https://fukui-hsu.repo.nii.ac.jp	200	208	100	12	
207	https://takasaki-u.repo.nii.ac.jp	200	207	100	13	
205	https://saitamatoho.repo.nii.ac.jp	200	205	100	12	
204	https://rcakita.repo.nii.ac.jp	200	204	100	9	
203	https://hamagaku.repo.nii.ac.jp	200	203	100	8	
195	https://yashima.repo.nii.ac.jp	200	195	100	11	
195	https://musashino-music.repo.nii.ac.jp	200	195	100	7	
193	https://hcu.repo.nii.ac.jp	200	193	100	8	
191	https://t-bunkyo.repo.nii.ac.jp	200	191	100	10	
191	https://ishikawa-pu.repo.nii.ac.jp	200	191	100	7	
189	https://Iidawjc.repo.nii.ac.jp	200	189	100	8	
188	https://nozominosono.repo.nii.ac.jp	200	188	100	12	
188	https://mfri.repo.nii.ac.jp	200	188	100	7	
187	https://tau.repo.nii.ac.jp	200	187	100	14	
185	https://jrccn.repo.nii.ac.jp	200	185	100	8	
184	https://uyo.repo.nii.ac.jp	200	184	100	7	
184	https://spu.repo.nii.ac.jp	200	184	100	23	
182	https://nur.repo.nii.ac.jp	200	182	100	17	
180	https://shigatan.repo.nii.ac.jp	200	180	100	9	
177	https://teu.repo.nii.ac.jp	200	177	100	11	
177	https://sanotan.repo.nii.ac.jp	200	177	100	9	
176	https://isu.repo.nii.ac.jp	200	176	100	11	
173	https://tnm.repo.nii.ac.jp	200	173	100	8	
172	https://sakuranoseibo.repo.nii.ac.jp	200	172	100	8	
169	https://ptu.repo.nii.ac.jp	200	169	100	7	
165	https://kjc.repo.nii.ac.jp	200	165	100	9	
164	https://gchs.repo.nii.ac.jp	200	164	100	9	
160	https://yamazaki-u.repo.nii.ac.jp	200	160	100	8	
159	https://tou.repo.nii.ac.jp	200	159	100	10	
158	https://s-bunkyo.repo.nii.ac.jp	200	158	100	12	
155	https://morinomiya.repo.nii.ac.jp	200	155	100	7	
154	https://shumei-u.repo.nii.ac.jp	200	154	100	13	
151	https://primaff.repo.nii.ac.jp	200	151	100	9	
151	https://akitan.repo.nii.ac.jp	200	151	100	8	
149	https://zokei.repo.nii.ac.jp	200	149	100	9	
149	https://fdc.repo.nii.ac.jp	200	149	100	9	
148	https://socu.repo.nii.ac.jp	200	148	100	9	
148	https://gijodai.repo.nii.ac.jp	200	148	100	9	
147	https://jgssdds.repo.nii.ac.jp	200	147	100	8	
146	https://musabi.repo.nii.ac.jp	200	146	100	10	
142	https://kobeyakka.repo.nii.ac.jp	200	142	100	8	
141	https://toita.repo.nii.ac.jp	200	141	100	9	
141	https://tohto-u.repo.nii.ac.jp	200	141	100	10	
141	https://kki.repo.nii.ac.jp	200	141	100	12	
138	https://chiyoda.repo.nii.ac.jp	200	138	100	8	
133	https://nimd.repo.nii.ac.jp	200	133	100	13	
131	https://rchokkaido-cn.repo.nii.ac.jp	200	131	100	8	
130	https://kio.repo.nii.ac.jp	200	130	100	11	
129	https://hakodate-jc.repo.nii.ac.jp	200	129	100	7	
129	https://dhu.repo.nii.ac.jp	200	129	100	12	
127	https://spua.repo.nii.ac.jp	200	127	90	9	
123	https://meion.repo.nii.ac.jp	200	123	100	8	
123	https://jc-humanitec.repo.nii.ac.jp	200	123	100	9	
122	https://aichi-med-u.repo.nii.ac.jp	200	122	100	8	
118	https://hyogo-dai.repo.nii.ac.jp	200	118	100	7	
116	https://sums.repo.nii.ac.jp	200	116	100	13	
116	https://daido.repo.nii.ac.jp	200	116	100	8	
113	https://fuji.repo.nii.ac.jp	200	113	9	6	
111	https://shk.repo.nii.ac.jp	200	111	100	8	
111	https://sentankyo.repo.nii.ac.jp	200	111	100	11	
109	https://iput-n.repo.nii.ac.jp	200	109	100	8	
107	https://occ.repo.nii.ac.jp	200	107	100	11	
103	https://seirei-hosp.repo.nii.ac.jp	200	103	100	9	
102	https://kyotokango.repo.nii.ac.jp	200	102	100	7	
102	https://kushiro.repo.nii.ac.jp	200	102	100	7	
100	https://dsc.repo.nii.ac.jp	200		100	0	
100	https://codh.repo.nii.ac.jp	200		100	0	
100	https://bunri-u.repo.nii.ac.jp	200	100	100	8	
97	https://nagajo-junior-college.repo.nii.ac.jp	200		97	7	
94	https://cpuhs.repo.nii.ac.jp	200		94	7	
92	https://kure-kosen.repo.nii.ac.jp	200		92	7	
92	https://catherine.repo.nii.ac.jp	200		92	13	
90	https://daiichi-cps.repo.nii.ac.jp	200		90	8	
89	https://siu.repo.nii.ac.jp	200		89	7	
89	https://sangitan.repo.nii.ac.jp	200		89	7	
86	https://toko.repo.nii.ac.jp	200		86	6	
85	https://ruda.repo.nii.ac.jp	200		85	15	
85	https://nuhm.repo.nii.ac.jp	200		85	9	
85	https://joshibi.repo.nii.ac.jp	200		85	8	
84	https://nact.repo.nii.ac.jp	200		84	7	
83	https://t-junshin.repo.nii.ac.jp	200		83	8	
81	https://okigei.repo.nii.ac.jp	200		81	7	
78	https://hagoromo.repo.nii.ac.jp	200		78	8	
77	https://fgu.repo.nii.ac.jp	200		77	6	
77	https://at-hyogo.repo.nii.ac.jp	200		77	7	
76	https://nbio.repo.nii.ac.jp	200		76	6	
75	https://kiu.repo.nii.ac.jp	200		75	7	
74	https://suhs.repo.nii.ac.jp	200		74	9	
74	https://pdr.repo.nii.ac.jp	200		74	0	
73	https://fnc.repo.nii.ac.jp	200		73	6	
69	https://pu-toyama.repo.nii.ac.jp	200		69	6	
69	https://kochi-gu.repo.nii.ac.jp	200		69	7	
67	https://ohs.repo.nii.ac.jp	200		67	7	
65	https://ikc.repo.nii.ac.jp	200		65	6	
63	https://iput-o.repo.nii.ac.jp	200		63	6	
62	https://khrri.repo.nii.ac.jp	200		62	8	
61	https://toshoku.repo.nii.ac.jp	200		61	7	
61	https://sgk.repo.nii.ac.jp	200		61	6	
61	https://bpur.repo.nii.ac.jp	200		61	5	
60	https://takara-univ.repo.nii.ac.jp	200		60	5	
57	https://iput-t.repo.nii.ac.jp	200		57	6	
52	https://str.repo.nii.ac.jp	200		52	7	
52	https://niijima.repo.nii.ac.jp	200		52	9	
52	https://bgu.repo.nii.ac.jp	200		52	5	
51	https://sku.repo.nii.ac.jp	200		51	5	
50	https://sgh.repo.nii.ac.jp	200		50	4	
48	https://kyuhaku.repo.nii.ac.jp	200		48	7	
45	https://tnu.repo.nii.ac.jp	200		45	4	
44	https://budo-u.repo.nii.ac.jp	200		44	4	
42	https://rcccs.repo.nii.ac.jp	200		42	6	
40	https://tid.repo.nii.ac.jp	200		40	5	
37	https://osaka-shinai.repo.nii.ac.jp	200		37	5	
36	https://oita-nhs.repo.nii.ac.jp	200		36	4	
34	https://aiit.repo.nii.ac.jp	200		34	7	
32	https://kanazawa-pu.repo.nii.ac.jp	200		32	3	
31	https://rois.repo.nii.ac.jp	200		31	4	
30	https://nupals.repo.nii.ac.jp	200		30	4	
30	https://maebashi-it.repo.nii.ac.jp	200		30	4	
29	https://sutoku.repo.nii.ac.jp	200		29	3	
28	https://irci.repo.nii.ac.jp	200		28	4	
27	https://ycu-history.repo.nii.ac.jp	200		27	4	
26	https://komatsu-u.repo.nii.ac.jp	200		26	7	
26	https://jhu.repo.nii.ac.jp	200		26	7	
25	https://tsb.repo.nii.ac.jp	200		25	2	
25	https://kacho.repo.nii.ac.jp	200		25	3	
24	https://s-sph.repo.nii.ac.jp	200		24	2	
23	https://gums.repo.nii.ac.jp	200		23	3	
22	https://y-nm.repo.nii.ac.jp	200		22	3	
20	https://akibi.repo.nii.ac.jp	200		20	3	
18	https://sus.repo.nii.ac.jp	200		18	5	
17	https://eiga.repo.nii.ac.jp	200		17	2	
14	https://soei.repo.nii.ac.jp	200		14	2	
13	https://ukhs.repo.nii.ac.jp	200		13	3	
12	https://cross.repo.nii.ac.jp	200		12	2	
11	https://ohtsuki.repo.nii.ac.jp	200		11	2	
7	https://iu.repo.nii.ac.jp	200		7	2	
6	https://wakayama-med.repo.nii.ac.jp	200		6	2	
6	https://cess.repo.nii.ac.jp	200		6	1	
4	https://nig.repo.nii.ac.jp	200		4	1	
2	https://nrcd.repo.nii.ac.jp	200		2	1	
0	https://u-tokai.repo.nii.ac.jp	200		0	2	<error code="noRecordsMatch"
0	https://tuc.repo.nii.ac.jp	200		0	1	<error code="noRecordsMatch"
0	https://nihs.repo.nii.ac.jp	200		0	1	<error code="noRecordsMatch"
0	https://ncc.repo.nii.ac.jp	200		0	1	<error code="noRecordsMatch"
0	https://mkulib.repo.nii.ac.jp	200		0	1	<error code="noRecordsMatch"
0	https://kyukan.repo.nii.ac.jp	200		0	4	<error code="noRecordsMatch"
0	https://iyakukeneiken.repo.nii.ac.jp	200		0	2	<error code="noRecordsMatch"
0	https://fiuhw.repo.nii.ac.jp	200		0	2	<error code="noRecordsMatch"
0	https://aikoku-u.repo.nii.ac.jp	200		0	4	<error code="noRecordsMatch"
0	http://yamato-u.repo.nii.ac.jp	301		0	1	
