id	url	observed_kind	run_rc	records	reason
br-pncp-contratos	https://pncp.gov.br/api/consulta/v1/contratos?dataInicial=20250101&dataFinal=20250110&pagina=1&tamanhoPagina=10	json:data	0	0	fetched and parsed, but the generic parser produced no intel row
br-pncp-contratacoes-publicacao	https://pncp.gov.br/api/consulta/v1/contratacoes/publicacao?dataInicial=20250101&dataFinal=20250110&codigoModalidadeContratacao=6&pagina=1&tamanhoPagina=10	json:data	0	0	fetched and parsed, but the generic parser produced no intel row
br-pncp-atas	https://pncp.gov.br/api/consulta/v1/atas?dataInicial=20250101&dataFinal=20250105&pagina=1&tamanhoPagina=10	json:data	-99	-1	fetched and parsed, but the generic parser produced no intel row
br-pncp-compra-itens	https://pncp.gov.br/api/pncp/v1/orgaos/08084014000142/compras/2024/57/itens	json-array	0	0	fetched and parsed, but the generic parser produced no intel row
br-pncp-contrato-detalhe	https://pncp.gov.br/api/pncp/v1/orgaos/00394460005887/contratos/2024/7096	json-object	0	0	fetched and parsed, but the generic parser produced no intel row
br-minhareceita-cnpj	https://minhareceita.org/19131243000197	json:regime_tributario	0	0	fetched and parsed, but the generic parser produced no intel row
br-ipea-metadados	https://www.ipeadata.gov.br/api/odata4/Metadados	json:value	0	0	fetched and parsed, but the generic parser produced no intel row
br-ipea-valores	https://www.ipeadata.gov.br/api/odata4/Metadados('ABATE_ABPEAV')/Valores	json:value	0	0	fetched and parsed, but the generic parser produced no intel row
br-ipea-territorios	https://www.ipeadata.gov.br/api/odata4/Territorios?$top=5	json:value	0	0	fetched and parsed, but the generic parser produced no intel row
br-ipea-paises	https://www.ipeadata.gov.br/api/odata4/Paises	json:value	0	0	fetched and parsed, but the generic parser produced no intel row
br-ipea-temas	https://www.ipeadata.gov.br/api/odata4/Temas	json:value	0	0	fetched and parsed, but the generic parser produced no intel row
br-datasus-cnes-estabelecimentos	https://apidadosabertos.saude.gov.br/cnes/estabelecimentos?limit=20	json:estabelecimentos	0	0	fetched and parsed, but the generic parser produced no intel row
br-datasus-cnes-estabelecimento-detalhe	https://apidadosabertos.saude.gov.br/cnes/estabelecimentos/9629866	json-object	0	0	fetched and parsed, but the generic parser produced no intel row
br-bcb-olinda-expectativas	https://olinda.bcb.gov.br/olinda/servico/Expectativas/versao/v1/odata/ExpectativaMercadoMensais?$top=100&$format=json	json:value	0	0	fetched and parsed, but the generic parser produced no intel row
br-bcb-olinda-taxajuros	https://olinda.bcb.gov.br/olinda/servico/taxaJuros/versao/v2/odata/TaxasJurosDiariaPorInicioPeriodo?$top=3&$format=json	json:value	0	0	fetched and parsed, but the generic parser produced no intel row
ar-bcra-monetarias	https://api.bcra.gob.ar/estadisticas/v4.0/monetarias	json:results	0	0	fetched and parsed, but the generic parser produced no intel row
ar-bcra-divisas	https://api.bcra.gob.ar/estadisticascambiarias/v1.0/Maestros/Divisas	json:results	0	0	fetched and parsed, but the generic parser produced no intel row
ar-bcra-cotizaciones	https://api.bcra.gob.ar/estadisticascambiarias/v1.0/Cotizaciones	json:results.detalle	0	0	fetched and parsed, but the generic parser produced no intel row
ar-bcra-central-deudores	https://api.bcra.gob.ar/CentralDeDeudores/v1.0/Deudas/30500010912	json:results.periodos	0	0	fetched and parsed, but the generic parser produced no intel row
py-dncp-processes-por-fecha	https://www.contrataciones.gov.py/datos/api/v3/doc/search/processes?fecha_desde=2026-08-01&fecha_hasta=2026-08-05	json:records	0	0	fetched and parsed, but the generic parser produced no intel row
py-dncp-ocds-release	https://www.contrataciones.gov.py/datos/api/v3/doc/ocds/releases/id/1f00844a-1ae5-6314-a8b6-15532f4edc1d-1786885244	json:extensions	0	0	fetched and parsed, but the generic parser produced no intel row
co-secop2-multas-sanciones	https://www.datos.gov.co/resource/it5q-hg94.json?$limit=50	json-array	0	0	fetched and parsed, but the generic parser produced no intel row
co-secop-convenios-interadmin	https://www.datos.gov.co/resource/s484-c9k3.json?$limit=50	json-array	0	0	fetched and parsed, but the generic parser produced no intel row
co-secop-convenios-historico	https://www.datos.gov.co/resource/ityv-bxct.json?$limit=50	json-array	0	0	fetched and parsed, but the generic parser produced no intel row
co-anm-contratos-suscritos	https://www.datos.gov.co/resource/v9em-etch.json?$limit=50	json-array	0	0	fetched and parsed, but the generic parser produced no intel row
co-anm-rucom-titulo-minero	https://www.datos.gov.co/resource/42ha-fhvj.json?$limit=50	json-array	0	0	fetched and parsed, but the generic parser produced no intel row
co-anm-rucom-legalizacion	https://www.datos.gov.co/resource/7amp-4swy.json?$limit=50	json-array	0	0	fetched and parsed, but the generic parser produced no intel row
co-anm-rucom-subcontratos	https://www.datos.gov.co/resource/xzu3-gnau.json?$limit=50	json-array	0	0	fetched and parsed, but the generic parser produced no intel row
co-anm-volumen-regalias	https://www.datos.gov.co/resource/r85m-vv6c.json?$limit=50	json-array	0	0	fetched and parsed, but the generic parser produced no intel row
co-anh-pozos-exploratorios	https://www.datos.gov.co/resource/6sjh-y3zg.json?$limit=50	json-array	0	0	fetched and parsed, but the generic parser produced no intel row
co-declaracion-activos-patrimonio	https://www.datos.gov.co/resource/8tz7-h3eu.json?$limit=50	json-array	0	0	fetched and parsed, but the generic parser produced no intel row
co-declaracion-conflictos-interes	https://www.datos.gov.co/resource/gbry-rnq4.json?$limit=50	json-array	0	0	fetched and parsed, but the generic parser produced no intel row
co-ips-privados-libertad	https://www.datos.gov.co/resource/np84-da9b.json?$limit=50	json-array	0	0	fetched and parsed, but the generic parser produced no intel row
co-novedades-delictivas-vigilancia-privada	https://www.datos.gov.co/resource/7yky-yqtj.json?$limit=50	json-array	0	0	fetched and parsed, but the generic parser produced no intel row
co-reps-ips-capacidad	https://www.datos.gov.co/resource/s2ru-bqt6.json?$limit=50	json-array	0	0	fetched and parsed, but the generic parser produced no intel row
co-dnp-fiscalizacion-produccion	https://www.datos.gov.co/resource/v7xt-367f.json?$limit=50	json-array	0	0	fetched and parsed, but the generic parser produced no intel row
co-invias-contratos	https://www.datos.gov.co/resource/jffd-39rd.json?$limit=50	json-array	0	0	fetched and parsed, but the generic parser produced no intel row
co-men-ies	https://www.datos.gov.co/resource/n5yy-8nav.json?$limit=50	json-array	0	0	fetched and parsed, but the generic parser produced no intel row
co-men-directivos-ies	https://www.datos.gov.co/resource/muyy-6yw9.json?$limit=50	json-array	0	0	fetched and parsed, but the generic parser produced no intel row
co-icfes-saber-pro	https://www.datos.gov.co/resource/u37r-hjmu.json?$limit=50	json-array	0	0	fetched and parsed, but the generic parser produced no intel row
co-icfes-saber-tyt	https://www.datos.gov.co/resource/iwgf-bkfk.json?$limit=50	json-array	0	0	fetched and parsed, but the generic parser produced no intel row
co-invima-almacenamiento-medicamentos	https://www.datos.gov.co/resource/2btt-9z2g.json?$limit=50	json-array	-1	0	collector errored
co-invima-bpm-nacionales	https://www.datos.gov.co/resource/xbpm-2jee.json?$limit=50	json-array	0	0	fetched and parsed, but the generic parser produced no intel row
co-invima-bpm-internacionales	https://www.datos.gov.co/resource/9nwa-4tvt.json?$limit=50	json-array	0	0	fetched and parsed, but the generic parser produced no intel row
co-invima-acondicionadores	https://www.datos.gov.co/resource/4zxr-bqvt.json?$limit=50	json-array	0	0	fetched and parsed, but the generic parser produced no intel row
co-invima-bpe	https://www.datos.gov.co/resource/x6yb-a8cg.json?$limit=50	json-array	0	0	fetched and parsed, but the generic parser produced no intel row
co-invima-bpl-nacionales	https://www.datos.gov.co/resource/5686-m6za.json?$limit=50	json-array	0	0	fetched and parsed, but the generic parser produced no intel row
co-invima-bpl-internacionales	https://www.datos.gov.co/resource/qg9f-quwy.json?$limit=50	json-array	0	0	fetched and parsed, but the generic parser produced no intel row
co-invima-control-especial	https://www.datos.gov.co/resource/gc4x-u4iy.json?$limit=50	json-array	0	0	fetched and parsed, but the generic parser produced no intel row
co-invima-ips-bpc	https://www.datos.gov.co/resource/hf6p-apcd.json?$limit=50	json-array	0	0	fetched and parsed, but the generic parser produced no intel row
co-invima-cosmeticos	https://www.datos.gov.co/resource/d397-yqtv.json?$limit=50	json-array	0	0	fetched and parsed, but the generic parser produced no intel row
co-invima-importadores-carne	https://www.datos.gov.co/resource/xe4t-6bdb.json?$limit=50	json-array	0	0	fetched and parsed, but the generic parser produced no intel row
co-precios-medicamentos	https://www.datos.gov.co/resource/3he6-m866.json?$limit=50	json-array	0	0	fetched and parsed, but the generic parser produced no intel row
co-medicamentos-vitales-no-disponibles	https://www.datos.gov.co/resource/sdmr-tfmf.json?$limit=50	json-array	0	0	fetched and parsed, but the generic parser produced no intel row
co-invima-rs-nso-vigentes	https://www.datos.gov.co/resource/ui32-p9f2.json?$limit=50	json-array	0	0	fetched and parsed, but the generic parser produced no intel row
co-sfc-quejas-vigiladas	https://www.datos.gov.co/resource/hjqv-fp48.json?$limit=50	json-array	0	0	fetched and parsed, but the generic parser produced no intel row
co-sfc-quejas-consumidores	https://www.datos.gov.co/resource/y8u7-q37x.json?$limit=50	json-array	0	0	fetched and parsed, but the generic parser produced no intel row
co-sfc-directivos-vigiladas	https://www.datos.gov.co/resource/h44k-fvv7.json?$limit=50	json-array	0	0	fetched and parsed, but the generic parser produced no intel row
co-sfc-balance-entidades-publicas	https://www.datos.gov.co/resource/mxk5-ce6w.json?$limit=50	json-array	0	0	fetched and parsed, but the generic parser produced no intel row
co-sector-solidario-entidades	https://www.datos.gov.co/resource/kg2d-yfyg.json?$limit=50	json-array	0	0	fetched and parsed, but the generic parser produced no intel row
co-sfc-puntos-atencion	https://www.datos.gov.co/resource/vkbt-desu.json?$limit=50	json-array	0	0	fetched and parsed, but the generic parser produced no intel row
co-superservicios-areas-prestacion	https://www.datos.gov.co/resource/cue8-zarw.json?$limit=50	json-array	0	0	fetched and parsed, but the generic parser produced no intel row
co-dnp-proyectos-datos-basicos	https://www.datos.gov.co/resource/cf9k-55fw.json?$limit=50	json-array	0	0	fetched and parsed, but the generic parser produced no intel row
co-ovcf-sgr-programacion-ingresos	https://www.datos.gov.co/resource/5ka2-and2.json?$limit=50	json-array	0	0	fetched and parsed, but the generic parser produced no intel row
co-ovcf-sgr-ejecucion-gastos	https://www.datos.gov.co/resource/qkv4-ek54.json?$limit=50	json-array	0	0	fetched and parsed, but the generic parser produced no intel row
co-bdua-regimen-subsidiado	https://www.datos.gov.co/resource/d7a5-cnra.json?$limit=50	json-array	0	0	fetched and parsed, but the generic parser produced no intel row
pe-gobpe-busquedas	https://www.gob.pe/busquedas.json?term=contrataciones&contenido=normas	json-object	0	0	fetched and parsed, but the generic parser produced no intel row
il-knesset-bill-initiator	https://knesset.gov.il/Odata/ParliamentInfo.svc/KNS_BillInitiator?$top=100&$format=json	json:value	0	0	fetched and parsed, but the generic parser produced no intel row
il-knesset-document-bill	https://knesset.gov.il/Odata/ParliamentInfo.svc/KNS_DocumentBill?$top=100&$format=json	json:value	0	0	fetched and parsed, but the generic parser produced no intel row
il-knesset-document-committee-session	https://knesset.gov.il/Odata/ParliamentInfo.svc/KNS_DocumentCommitteeSession?$top=100&$format=json	json:value	0	0	fetched and parsed, but the generic parser produced no intel row
il-knesset-document-query	https://knesset.gov.il/Odata/ParliamentInfo.svc/KNS_DocumentQuery?$top=100&$format=json	json:value	0	0	fetched and parsed, but the generic parser produced no intel row
il-knesset-person-to-position	https://knesset.gov.il/Odata/ParliamentInfo.svc/KNS_PersonToPosition?$top=100&$format=json	json:value	0	0	fetched and parsed, but the generic parser produced no intel row
il-knesset-law-binding	https://knesset.gov.il/Odata/ParliamentInfo.svc/KNS_LawBinding?$top=100&$format=json	json:value	0	0	fetched and parsed, but the generic parser produced no intel row
il-knesset-votes-header	https://knesset.gov.il/Odata/Votes.svc/View_vote_rslts_hdr_Approved?$top=100&$format=json	json:value	0	0	fetched and parsed, but the generic parser produced no intel row
il-knesset-mmm-documents	https://knesset.gov.il/Odata/MMM.svc/documents?$top=100&$format=json	json:value	0	0	fetched and parsed, but the generic parser produced no intel row
il-knesset-mmm-people	https://knesset.gov.il/Odata/MMM.svc/people?$top=100&$format=json	json:value	0	0	fetched and parsed, but the generic parser produced no intel row
sa-etimad-tenders	https://tenders.etimad.sa/Tender/AllSupplierTendersForVisitorAsync?PageSize=100&PageNumber=1	json:data	-1	0	collector errored
sa-etimad-agencies	https://tenders.etimad.sa/Tender/GetAllAgenciesAsync	json-array	-1	0	collector errored
sa-etimad-regions	https://tenders.etimad.sa/Tender/GetAreasAsync	json-array	-1	0	collector errored
qa-judges-at-courts	https://www.data.gov.qa/api/explore/v2.1/catalog/datasets/judges-serving-at-courts-by-job-title-nationality-and-gender0/records?limit=100	json:results	0	0	fetched and parsed, but the generic parser produced no intel row
qa-traffic-casualties-by-department	https://www.data.gov.qa/api/explore/v2.1/catalog/datasets/number-of-deaths-and-injuries-from-traffic-accidents-by-traffic-department-affected-person-location-and-gender/records?limit=100	json:results	0	0	fetched and parsed, but the generic parser produced no intel row
om-data-portal-search	https://data.gov.om/api/1.0/search?query=oman&host=data.gov.om	json:items	0	0	fetched and parsed, but the generic parser produced no intel row
in-mfapi-scheme-master	https://api.mfapi.in/mf	json-array	-99	-1	fetched and parsed, but the generic parser produced no intel row
hk-companies-registry-new-local-companies	https://www.cr.gov.hk/docs/wrpt/RNC063/RNC063L_20250303.csv	csv	0	0	fetched and parsed, but the generic parser produced no intel row
hk-licensed-security-companies	https://www.sb.gov.hk/datagovhk/sgsia/data_en.csv	csv	0	0	fetched and parsed, but the generic parser produced no intel row
ocha-fts-flow-2026	https://api.hpc.tools/v1/public/fts/flow?year=2026&limit=200	json:data.flows	-1	0	collector errored
ocha-fts-location	https://api.hpc.tools/v1/public/location	json:data	-1	0	collector errored
