id	list_url	detail_url	detail_key
us-sec-edgar-submissions-overflow	https://data.sec.gov/submissions/CIK0000320193-submissions-001.json	https://www.sec.gov/Archives/edgar/data/320193/{v}/index.json	accessionNumber
us-sec-edgar-filing-folder-index	https://www.sec.gov/Archives/edgar/data/320193/000114036126032884/index.json	https://www.sec.gov/Archives/edgar/data/320193/000114036126032884/{v}	name
us-sec-edgar-cik-folder-index	https://www.sec.gov/Archives/edgar/data/320193/index.json	https://www.sec.gov/Archives/edgar/data/320193/{v}/index.json	name
us-sec-xbrl-frames	https://data.sec.gov/api/xbrl/frames/us-gaap/Assets/USD/CY2024Q4I.json	https://data.sec.gov/api/xbrl/companyfacts/CIK{v}.json	cik
us-sec-xbrl-frames-annual	https://data.sec.gov/api/xbrl/frames/us-gaap/Revenues/USD/CY2024.json	https://data.sec.gov/api/xbrl/companyconcept/CIK{v}/us-gaap/Revenues.json	cik
us-sec-company-tickers	https://www.sec.gov/files/company_tickers.json	https://data.sec.gov/submissions/CIK{v}.json	cik_str
us-sec-company-tickers-exchange	https://www.sec.gov/files/company_tickers_exchange.json	https://data.sec.gov/submissions/CIK{v}.json	cik
us-sec-company-tickers-mutualfund	https://www.sec.gov/files/company_tickers_mf.json	https://data.sec.gov/submissions/CIK{v}.json	cik
us-sec-edgar-full-index-form	https://www.sec.gov/Archives/edgar/full-index/2025/QTR1/form.idx	https://www.sec.gov/Archives/{v}	File Name
us-sec-edgar-daily-index	https://www.sec.gov/Archives/edgar/daily-index/2025/QTR1/index.json	https://www.sec.gov/Archives/edgar/daily-index/2025/QTR1/{v}	name
us-sec-browse-edgar-company-atom	https://www.sec.gov/cgi-bin/browse-edgar?action=getcompany&CIK=0000320193&type=10-K&dateb=&owner=include&count=5&output=atom	https://www.sec.gov/Archives/edgar/data/320193/{v}/index.json	accession-number
us-sec-browse-edgar-state-sic	https://www.sec.gov/cgi-bin/browse-edgar?action=getcompany&State=NY&SIC=6022&type=10-K&dateb=&owner=include&count=5&output=atom	https://data.sec.gov/submissions/CIK{v}.json	cik
us-sec-browse-edgar-company-name	https://www.sec.gov/cgi-bin/browse-edgar?action=getcompany&company=apple&type=10-K&dateb=&owner=include&count=10&output=atom	https://data.sec.gov/submissions/CIK{v}.json	cik
us-sec-browse-edgar-getcurrent	https://www.sec.gov/cgi-bin/browse-edgar?action=getcurrent&type=8-K&company=&dateb=&owner=include&count=20&action=getcurrent&output=atom	https://www.sec.gov/Archives/edgar/data/1043961/{v}/index.json	accession
us-sec-own-disp-issuer	https://www.sec.gov/cgi-bin/own-disp?action=getissuer&CIK=0000320193&type=&dateb=&owner=include&count=40	https://www.sec.gov/cgi-bin/own-disp?action=getowner&CIK={v}&type=&dateb=&owner=include&count=40	CIK
us-sec-own-disp-owner	https://www.sec.gov/cgi-bin/own-disp?action=getowner&CIK=0001214156&type=&dateb=&owner=include&count=40	https://www.sec.gov/cgi-bin/own-disp?action=getissuer&CIK={v}&type=&dateb=&owner=include&count=40	CIK
us-fdic-institutions	https://api.fdic.gov/banks/institutions?filters=STNAME:%22California%22&fields=NAME,CITY,STNAME,CERT,ACTIVE,ASSET&limit=3&format=json	https://api.fdic.gov/banks/institutions?filters=CERT:{v}&limit=1&format=json	CERT
us-fdic-failures	https://api.fdic.gov/banks/failures?limit=3&format=json	https://api.fdic.gov/banks/institutions?filters=CERT:{v}&limit=1&format=json	CERT
us-fdic-demographics	https://api.fdic.gov/banks/demographics?limit=2&format=json	https://api.fdic.gov/banks/institutions?filters=CERT:{v}&limit=1&format=json	CERT
us-finra-brokercheck-individual-search	https://api.brokercheck.finra.org/search/individual?query=smith&hl=true&nrows=3&start=0&r=25&wt=json	https://api.brokercheck.finra.org/search/individual/{v}?hl=true&wt=json&query={v}	ind_source_id
us-finra-brokercheck-individual-detail	https://api.brokercheck.finra.org/search/individual/810315?hl=true&wt=json&query=810315	https://api.brokercheck.finra.org/search/firm/{v}?hl=true&wt=json&query={v}	firmId
us-sec-iapd-firm-search	https://api.adviserinfo.sec.gov/search/firm?query=blackrock&hl=true&nrows=3&wt=json	https://api.adviserinfo.sec.gov/search/firm/{v}?hl=true&wt=json&query={v}	firm_source_id
us-sec-iapd-individual-search	https://api.adviserinfo.sec.gov/search/individual?query=smith&hl=true&nrows=3&wt=json	https://api.adviserinfo.sec.gov/search/individual/{v}?hl=true&wt=json&query={v}	ind_source_id
us-finra-otc-weekly-summary	https://api.finra.org/data/group/otcMarket/name/weeklySummary?limit=3	https://api.brokercheck.finra.org/search/firm/{v}?hl=true&wt=json&query={v}	firmCRDNumber
us-usaspending-award-detail	https://api.usaspending.gov/api/v2/awards/CONT_AWD_N0001919C0001_9700_-NONE-_-NONE-/	https://api.usaspending.gov/api/v2/awards/count/subaward/{v}/	generated_unique_award_id
us-usaspending-subaward-count	https://api.usaspending.gov/api/v2/awards/count/subaward/CONT_AWD_72027821C00002_7200_-NONE-_-NONE-/	https://api.usaspending.gov/api/v2/subawards/	
us-usaspending-award-funding	https://api.usaspending.gov/api/v2/awards/funding/	https://api.usaspending.gov/api/v2/federal_accounts/{v}/	federal_account
us-usaspending-award-accounts	https://api.usaspending.gov/api/v2/awards/accounts/	https://api.usaspending.gov/api/v2/federal_accounts/{v}/	federal_account
us-usaspending-subaward-search	https://api.usaspending.gov/api/v2/search/spending_by_award/	https://api.usaspending.gov/api/v2/awards/{v}/	prime_award_generated_internal_id
us-usaspending-spending-by-transaction	https://api.usaspending.gov/api/v2/search/spending_by_transaction/	https://api.usaspending.gov/api/v2/awards/{v}/	generated_internal_id
us-usaspending-spending-by-category-recipient	https://api.usaspending.gov/api/v2/search/spending_by_category/recipient/	https://api.usaspending.gov/api/v2/recipient/{v}/	recipient_id
us-usaspending-recipient-list	https://api.usaspending.gov/api/v2/recipient/duns/	https://api.usaspending.gov/api/v2/recipient/{v}/	id
us-usaspending-federal-accounts-list	https://api.usaspending.gov/api/v2/federal_accounts/	https://api.usaspending.gov/api/v2/federal_accounts/{v}/	account_number
us-usaspending-agency-overview	https://api.usaspending.gov/api/v2/agency/012/	https://api.usaspending.gov/api/v2/agency/{v}/sub_agency/?fiscal_year=2024	toptier_code
us-usaspending-agency-federal-account	https://api.usaspending.gov/api/v2/agency/012/federal_account/?fiscal_year=2024&limit=3	https://api.usaspending.gov/api/v2/federal_accounts/{v}/	code
us-usaspending-reporting-agencies-overview	https://api.usaspending.gov/api/v2/reporting/agencies/overview/?fiscal_year=2024&fiscal_period=9&limit=3	https://api.usaspending.gov/api/v2/reporting/agencies/{v}/differences/?fiscal_year=2024&fiscal_period=9	toptier_code
us-fpds-atom-vendor	https://www.fpds.gov/ezsearch/FEEDS/ATOM?FEEDNAME=PUBLIC&templateName=1.5.3&q=VENDOR_FULL_NAME%3A%22LOCKHEED+MARTIN+CORPORATION%22&rss=1	https://www.fpds.gov/ezsearch/FEEDS/ATOM?FEEDNAME=PUBLIC&templateName=1.5.3&q=PIID%3A%22{v}%22	PIID
us-fec-candidates	https://api.open.fec.gov/v1/candidates/?api_key=DEMO_KEY&per_page=3	https://api.open.fec.gov/v1/candidate/{v}/totals/?api_key=DEMO_KEY	candidate_id
us-fec-candidate-committees	https://api.open.fec.gov/v1/candidate/P80001571/committees/?api_key=DEMO_KEY&per_page=3	https://api.open.fec.gov/v1/committee/{v}/?api_key=DEMO_KEY	committee_id
us-fec-committee-detail	https://api.open.fec.gov/v1/committee/C00401224/?api_key=DEMO_KEY	https://api.open.fec.gov/v1/committee/{v}/history/?api_key=DEMO_KEY	committee_id
us-fec-schedule-a	https://api.open.fec.gov/v1/schedules/schedule_a/?api_key=DEMO_KEY&committee_id=C00401224&two_year_transaction_period=2024&per_page=3&sort=-contribution_receipt_date	https://api.open.fec.gov/v1/committee/{v}/?api_key=DEMO_KEY	committee_id
us-fec-schedule-e	https://api.open.fec.gov/v1/schedules/schedule_e/?api_key=DEMO_KEY&per_page=3&cycle=2024	https://api.open.fec.gov/v1/committee/{v}/?api_key=DEMO_KEY	committee_id
us-fec-names-candidates	https://api.open.fec.gov/v1/names/candidates/?api_key=DEMO_KEY&q=trump	https://api.open.fec.gov/v1/candidate/{v}/committees/?api_key=DEMO_KEY	id
us-epa-echo-facility-search	https://echodata.epa.gov/echo/echo_rest_services.get_facilities?output=JSON&p_fn=exxon&responseset=5	https://echodata.epa.gov/echo/echo_rest_services.get_qid?output=JSON&qid={v}&pageno=1&responseset=100	QueryID
us-epa-echo-facility-info-map	https://echodata.epa.gov/echo/echo_rest_services.get_facility_info?output=JSON&p_fn=exxon&responseset=5&p_st=RI	https://echodata.epa.gov/echo/echo_rest_services.get_qid?output=JSON&qid={v}&pageno=1&responseset=100	QueryID
us-epa-echo-qid-facility-rows	https://echodata.epa.gov/echo/echo_rest_services.get_qid?output=JSON&qid=230&pageno=1&responseset=3	https://echodata.epa.gov/echo/dfr_rest_services.get_dfr?output=JSON&p_id={v}	RegistryID
us-epa-echo-air-facilities	https://echodata.epa.gov/echo/air_rest_services.get_facilities?output=JSON&p_fn=exxon&responseset=5	https://echodata.epa.gov/echo/air_rest_services.get_qid?output=JSON&qid={v}&pageno=1&responseset=100	QueryID
us-epa-echo-cwa-facilities	https://echodata.epa.gov/echo/cwa_rest_services.get_facilities?output=JSON&p_fn=exxon&responseset=5	https://echodata.epa.gov/echo/cwa_rest_services.get_qid?output=JSON&qid={v}&pageno=1&responseset=100	QueryID
us-epa-echo-rcra-facilities	https://echodata.epa.gov/echo/rcra_rest_services.get_facilities?output=JSON&p_fn=exxon&responseset=5	https://echodata.epa.gov/echo/rcra_rest_services.get_qid?output=JSON&qid={v}&pageno=1&responseset=100	QueryID
us-epa-echo-sdwa-systems	https://echodata.epa.gov/echo/sdw_rest_services.get_systems?output=JSON&p_st=RI&responseset=5	https://echodata.epa.gov/echo/sdw_rest_services.get_qid?output=JSON&qid={v}&pageno=1&responseset=100	QueryID
us-epa-echo-enforcement-cases	https://echodata.epa.gov/echo/case_rest_services.get_cases?output=JSON&p_law=EPCRA	https://echodata.epa.gov/echo/case_rest_services.get_qid?output=JSON&qid={v}&pageno=1&responseset=100	QueryID
us-epa-envirofacts-tri-facility	https://data.epa.gov/efservice/tri_facility/state_abbr/TX/rows/0:2/JSON	https://data.epa.gov/efservice/tri_facility/tri_facility_id/{v}/tri_reporting_form/rows/0:100/JSON	tri_facility_id
us-sdwis-water-system	https://data.epa.gov/efservice/water_system/state_code/RI/rows/0:1/JSON	https://data.epa.gov/efservice/violation/pwsid/{v}/rows/0:1000/JSON	pwsid
us-sdwis-violation	https://data.epa.gov/efservice/violation/pwsid/010106001/rows/0:2/JSON	https://data.epa.gov/efservice/enforcement_action/pwsid/{v}/rows/0:1000/JSON	pwsid
us-epa-envirofacts-pcs-permit-facility	https://data.epa.gov/efservice/pcs_permit_facility/rows/0:0/JSON	https://data.epa.gov/efservice/pcs_inspection/npdes/{v}/rows/0:1000/JSON	npdes
us-epa-envirofacts-pcs-inspection	https://data.epa.gov/efservice/pcs_inspection/npdes/AK0000272/rows/0:3/JSON	https://data.epa.gov/efservice/pcs_enfor_action/npdes/{v}/rows/0:1000/JSON	npdes
us-epa-envirofacts-br-reporting	https://data.epa.gov/efservice/br_reporting/rows/0:0/JSON	https://data.epa.gov/efservice/br_gm_waste_code/handler_id/{v}/rows/0:1000/JSON	handler_id
us-nhtsa-complaint-makes	https://api.nhtsa.gov/products/vehicle/makes?issueType=c&modelYear=2024	https://api.nhtsa.gov/products/vehicle/models?modelYear=2024&make={v}&issueType=c	make
us-nhtsa-complaint-models	https://api.nhtsa.gov/products/vehicle/models?modelYear=2024&make=honda&issueType=c	https://api.nhtsa.gov/complaints/complaintsByVehicle?make=honda&model={v}&modelYear=2024	model
us-nhtsa-safetyratings-model	https://api.nhtsa.gov/SafetyRatings/modelyear/2020/make/honda/model/accord	https://api.nhtsa.gov/SafetyRatings/VehicleId/{v}	VehicleId
us-nhtsa-vpic-manufacturers	https://vpic.nhtsa.dot.gov/api/vehicles/GetAllManufacturers?format=json&page=1	https://vpic.nhtsa.dot.gov/api/vehicles/GetManufacturerDetails/{v}?format=json	Mfr_Name
us-cpsc-recall-by-product-name	https://www.saferproducts.gov/RestWebServices/Recall?format=json&ProductName=helmet	https://www.saferproducts.gov/RestWebServices/Recall?format=json&RecallID={v}	RecallID
us-cpsc-recall-by-date-range	https://www.saferproducts.gov/RestWebServices/Recall?format=json&RecallDateStart=2026-01-01&RecallDateEnd=2026-06-30	https://www.saferproducts.gov/RestWebServices/Recall?format=json&RecallID={v}	RecallID
us-osha-establishment-search	https://www.osha.gov/ords/imis/establishment.search?establishment=walmart&State=all&officetype=all&Office=all&sitezip=&p_case=all&p_violations_exist=all&startmonth=01&startday=01&startyear=2020&endmonth=12&endday=31&endyear=2026	https://www.osha.gov/ords/imis/establishment.inspection_detail?id={v}	activity_nr
us-cms-nursing-home-health-deficiencies	https://data.cms.gov/provider-data/api/1/datastore/query/r5ix-sfxw/0?limit=2	https://data.cms.gov/provider-data/api/1/datastore/query/r5ix-sfxw/0?limit=500&conditions[0][property]=cms_certification_number_ccn&conditions[0][value]={v}&conditions[0][operator]==	cms_certification_number_ccn
us-cms-nursing-home-penalties	https://data.cms.gov/provider-data/api/1/datastore/query/g6vv-u9sr/0?limit=2	https://data.cms.gov/provider-data/api/1/datastore/query/g6vv-u9sr/0?limit=500&conditions[0][property]=cms_certification_number_ccn&conditions[0][value]={v}&conditions[0][operator]==	cms_certification_number_ccn
us-cms-nursing-home-ownership	https://data.cms.gov/provider-data/api/1/datastore/query/y2hd-n93e/0?limit=2	https://data.cms.gov/provider-data/api/1/datastore/query/y2hd-n93e/0?limit=500&conditions[0][property]=cms_certification_number_ccn&conditions[0][value]={v}&conditions[0][operator]==	cms_certification_number_ccn
us-cms-provider-data-catalog	https://data.cms.gov/provider-data/api/1/metastore/schemas/dataset/items?show-reference-ids=false	https://data.cms.gov/provider-data/api/1/metastore/schemas/dataset/items/{v}?show-reference-ids=false	identifier
us-cms-data-catalog	https://data.cms.gov/data.json	https://data.cms.gov/data-api/v1/dataset/{v}/data?size=100	accessURL
us-cms-provider-enrollment	https://data.cms.gov/data-api/v1/dataset/2457ea29-fc82-48b0-86ec-3b0755de7515/data?size=2	https://data.cms.gov/data-api/v1/dataset/2457ea29-fc82-48b0-86ec-3b0755de7515/data?size=100&filter[NPI]={v}	NPI
us-cms-hospital-enrollments	https://data.cms.gov/data-api/v1/dataset/f6f6505c-e8b0-4d57-b258-e2b94133aaf2/data?size=2	https://data.cms.gov/data-api/v1/dataset/f6f6505c-e8b0-4d57-b258-e2b94133aaf2/data?size=100&filter[CCN]={v}	CCN
us-cms-open-payments-catalog	https://openpaymentsdata.cms.gov/api/1/metastore/schemas/dataset/items?show-reference-ids=false	https://openpaymentsdata.cms.gov/api/1/datastore/query/{v}?limit=100	distribution.identifier
us-cms-open-payments-general-2025	https://openpaymentsdata.cms.gov/api/1/datastore/query/a25e7a31-503f-5a02-b0fc-b8c52275d1d8?limit=1	https://openpaymentsdata.cms.gov/api/1/datastore/query/a25e7a31-503f-5a02-b0fc-b8c52275d1d8?limit=500&conditions[0][property]=covered_recipient_npi&conditions[0][value]={v}&conditions[0][operator]==	covered_recipient_npi
us-cms-open-payments-recipient-profile	https://openpaymentsdata.cms.gov/api/1/datastore/query/004e1f11-aa67-5b16-943d-1fe1044b3512?limit=1	https://openpaymentsdata.cms.gov/api/1/datastore/query/004e1f11-aa67-5b16-943d-1fe1044b3512?limit=100&conditions[0][property]=covered_recipient_npi&conditions[0][value]={v}&conditions[0][operator]==	covered_recipient_npi
us-fmcsa-carrier-census	https://data.transportation.gov/resource/az4n-8mr2.json?$limit=2	https://data.transportation.gov/resource/az4n-8mr2.json?$limit=50&dot_number={v}	dot_number
us-fmcsa-crash-file	https://data.transportation.gov/resource/aayw-vxb3.json?$limit=2	https://data.transportation.gov/resource/aayw-vxb3.json?$limit=500&dot_number={v}	dot_number
us-fmcsa-vehicle-inspection-file	https://data.transportation.gov/resource/fx4q-ay7w.json?$limit=2	https://data.transportation.gov/resource/fx4q-ay7w.json?$limit=500&dot_number={v}	dot_number
us-courtlistener-search-recap-dockets	https://www.courtlistener.com/api/rest/v4/search/?q=Google&type=r	https://www.courtlistener.com/api/rest/v4/people/{v}/	assigned_to_id
us-courtlistener-search-people	https://www.courtlistener.com/api/rest/v4/search/?q=Roberts&type=p	https://www.courtlistener.com/api/rest/v4/people/{v}/	id
us-courtlistener-people-list	https://www.courtlistener.com/api/rest/v4/people/?page_size=2	https://www.courtlistener.com/api/rest/v4/people/{v}/	id
us-courtlistener-financial-disclosures	https://www.courtlistener.com/api/rest/v4/financial-disclosures/?person=1213	https://www.courtlistener.com/api/rest/v4/investments/?financial_disclosure={v}	id
us-courtlistener-people-by-lastname	https://www.courtlistener.com/api/rest/v4/people/?name_last=Sotomayor	https://www.courtlistener.com/api/rest/v4/positions/?person={v}	id
us-scotus-docket-json	https://www.supremecourt.gov/rss/cases/JSON/24-1234.json	https://www.supremecourt.gov/rss/cases/JSON/{v}.json	RelatedCaseNumber
us-scotus-slip-opinions-rss	https://www.supremecourt.gov/rss/slipopinion.xml	https://www.supremecourt.gov/rss/cases/JSON/{v}.json	
us-oyez-cases-by-term	https://api.oyez.org/cases?filter=term:2022&labels=true&per_page=3	https://api.oyez.org/cases/2022/{v}	docket_number
us-oyez-case-detail	https://api.oyez.org/cases/2022/20-1199	https://api.oyez.org/case_decision/case_decision/{v}	ID
us-oyez-case-advocate	https://api.oyez.org/case_advocate/case_advocate/23302	https://api.oyez.org/people/{v}	identifier
us-oyez-natural-court	https://api.oyez.org/courts/roberts13	https://api.oyez.org/people/{v}	identifier
us-oyez-advocates	https://api.oyez.org/advocates?per_page=3	https://api.oyez.org/people/{v}	identifier
us-ustaxcourt-case-detail	https://public-api.dawson.ustaxcourt.gov/public-api/cases/12345-20	https://public-api.dawson.ustaxcourt.gov/public-api/12345-20/{v}/public-document-download-url	docketEntryId
us-ustaxcourt-order-search	https://public-api.dawson.ustaxcourt.gov/public-api/order-search?dateRange=allDates&keyword=summary	https://public-api.dawson.ustaxcourt.gov/public-api/cases/{v}	docketNumber
us-cap-reporter-volumes	https://static.case.law/a2d/VolumesMetadata.json	https://static.case.law/a2d/{v}/CasesMetadata.json	volume_number
us-cap-volume-cases	https://static.case.law/a2d/100/CasesMetadata.json	https://static.case.law/a2d/100/cases/{v}.json	file_name
us-govtrack-vote-voter	https://www.govtrack.us/api/v2/vote_voter?vote=1&limit=2	https://www.govtrack.us/api/v2/person/{v}	person.id
us-govtrack-committee-member	https://www.govtrack.us/api/v2/committee_member?limit=2	https://www.govtrack.us/api/v2/person/{v}	person.id
us-congress-api-bill-detail	https://api.congress.gov/v3/bill/117/hr/3076?api_key=DEMO_KEY&format=json	https://api.congress.gov/v3/bill/117/hr/3076/{v}?api_key=DEMO_KEY&format=json	
us-congress-api-bill-cosponsors	https://api.congress.gov/v3/bill/117/hr/3076/cosponsors?api_key=DEMO_KEY&format=json&limit=3	https://api.congress.gov/v3/member/{v}?api_key=DEMO_KEY&format=json	bioguideId
us-congress-api-member-detail	https://api.congress.gov/v3/member/L000174?api_key=DEMO_KEY&format=json	https://api.congress.gov/v3/member/{v}/sponsored-legislation?api_key=DEMO_KEY&format=json	bioguideId
us-govinfo-collections	https://api.govinfo.gov/collections?api_key=DEMO_KEY	https://api.govinfo.gov/collections/{v}/2026-08-01T00:00:00Z?offset=0&pageSize=5&api_key=DEMO_KEY	collectionCode
us-govinfo-collection-billstatus	https://api.govinfo.gov/collections/BILLSTATUS/2026-08-01T00:00:00Z?offset=0&pageSize=5&api_key=DEMO_KEY	https://api.govinfo.gov/packages/{v}/summary?api_key=DEMO_KEY	packageId
us-govinfo-published-range	https://api.govinfo.gov/published/2026-08-01/2026-08-05?offset=0&pageSize=5&collection=FR&api_key=DEMO_KEY	https://api.govinfo.gov/packages/{v}/summary?api_key=DEMO_KEY	packageId
us-govinfo-package-granules	https://api.govinfo.gov/packages/CREC-2024-01-08/granules?offset=0&pageSize=5&api_key=DEMO_KEY	https://api.govinfo.gov/packages/CREC-2024-01-08/granules/{v}/summary?api_key=DEMO_KEY	granuleId
us-ecfr-titles	https://www.ecfr.gov/api/versioner/v1/titles.json	https://www.ecfr.gov/api/versioner/v1/structure/2026-01-01/title-{v}.json	number
us-ecfr-search	https://www.ecfr.gov/api/search/v1/results?query=asbestos&per_page=5	https://www.ecfr.gov/api/versioner/v1/ancestry/2026-01-01/title-{v}.json	hierarchy.title
us-federalregister-agencies-list	https://www.federalregister.gov/api/v1/agencies.json	https://www.federalregister.gov/api/v1/agencies/{v}.json	id
us-federalregister-by-docket	https://www.federalregister.gov/api/v1/documents.json?conditions%5Btype%5D%5B%5D=PRORULE&conditions%5Bdocket_id%5D=FAA-2022-0674&per_page=5	https://www.federalregister.gov/api/v1/documents/{v}.json	document_number
us-federalregister-by-cfr	https://www.federalregister.gov/api/v1/documents.json?conditions%5Bcfr%5D%5Btitle%5D=40&conditions%5Bcfr%5D%5Bpart%5D=63&per_page=5	https://www.federalregister.gov/api/v1/documents/{v}.json	document_number
us-federalregister-executive-orders	https://www.federalregister.gov/api/v1/documents.json?conditions%5Bpresidential_document_type%5D%5B%5D=executive_order&per_page=5&order=newest	https://www.federalregister.gov/api/v1/documents/{v}.json	document_number
us-federalregister-public-inspection-by-date	https://www.federalregister.gov/api/v1/public-inspection-documents.json?conditions%5Bavailable_on%5D=2026-08-14	https://www.federalregister.gov/api/v1/public-inspection-documents/{v}.json	document_number
us-regulationsgov-documents	https://api.regulations.gov/v4/documents?api_key=DEMO_KEY&page%5Bsize%5D=5	https://api.regulations.gov/v4/documents/{v}?api_key=DEMO_KEY	id
us-regulationsgov-dockets	https://api.regulations.gov/v4/dockets?api_key=DEMO_KEY&page%5Bsize%5D=5	https://api.regulations.gov/v4/dockets/{v}?api_key=DEMO_KEY	id
us-regulationsgov-documents-by-docket	https://api.regulations.gov/v4/documents?filter%5BdocketId%5D=FAA-2022-0674&api_key=DEMO_KEY&page%5Bsize%5D=5	https://api.regulations.gov/v4/comments?filter%5BcommentOnId%5D={v}&api_key=DEMO_KEY	objectId
us-regulationsgov-comments	https://api.regulations.gov/v4/comments?api_key=DEMO_KEY&page%5Bsize%5D=5	https://api.regulations.gov/v4/comments/{v}?api_key=DEMO_KEY&include=attachments	id
us-congress-legislators-current	https://unitedstates.github.io/congress-legislators/legislators-current.json	https://api.congress.gov/v3/member/{v}?api_key=DEMO_KEY&format=json	id.bioguide
us-legistar-seattle-matters	https://webapi.legistar.com/v1/seattle/matters?$top=2&$orderby=MatterLastModifiedUtc%20desc	https://webapi.legistar.com/v1/seattle/matters/{v}	MatterId
us-legistar-seattle-events	https://webapi.legistar.com/v1/seattle/events?$top=1	https://webapi.legistar.com/v1/seattle/events/{v}/eventitems	EventId
us-legistar-seattle-eventitems	https://webapi.legistar.com/v1/seattle/events/1326/eventitems	https://webapi.legistar.com/v1/seattle/matters/{v}	EventItemMatterId
no-brreg-regnskapsregisteret	https://data.brreg.no/regnskapsregisteret/regnskap/923609016	https://data.brreg.no/regnskapsregisteret/regnskap/{v}	organisasjonsnummer
no-brreg-oppdateringer-enheter	https://data.brreg.no/enhetsregisteret/api/oppdateringer/enheter?dato=2026-08-01T00:00:00.000Z&size=20	https://data.brreg.no/enhetsregisteret/api/enheter/{v}	organisasjonsnummer
no-brreg-underenhet-detail	https://data.brreg.no/enhetsregisteret/api/underenheter/973861883	https://data.brreg.no/enhetsregisteret/api/underenheter/{v}	organisasjonsnummer
no-brreg-kunngjoringer	https://w2.brreg.no/kunngjoring/kombisok.jsp?datoFra=01.08.2026&datoTil=16.08.2026&id_niva1=51&id_niva2=54	https://data.brreg.no/enhetsregisteret/api/enheter/{v}	organisasjonsnummer
cz-ares-res-detail	https://ares.gov.cz/ekonomicke-subjekty-v-be/rest/ekonomicke-subjekty-res/45274649	https://ares.gov.cz/ekonomicke-subjekty-v-be/rest/ekonomicke-subjekty-res/{v}	ico
cz-ares-rzp-detail	https://ares.gov.cz/ekonomicke-subjekty-v-be/rest/ekonomicke-subjekty-rzp/45274649	https://ares.gov.cz/ekonomicke-subjekty-v-be/rest/ekonomicke-subjekty-rzp/{v}	ico
sk-rpo-search	https://api.statistics.sk/rpo/v1/search?fullName=Slovensk&limit=5	https://api.statistics.sk/rpo/v1/entity/{v}	id
sk-rpo-entity-detail	https://api.statistics.sk/rpo/v1/entity/193085	https://api.statistics.sk/rpo/v1/entity/{v}	id
sk-rpo-by-ico	https://api.statistics.sk/rpo/v1/search?identifier=35697270	https://api.statistics.sk/rpo/v1/entity/{v}	id
sk-registeruz-uctovne-jednotky	https://www.registeruz.sk/cruz-public/api/uctovne-jednotky?ico=35697270&zmenene-od=2000-01-01&max-zaznamov=10	https://www.registeruz.sk/cruz-public/api/uctovna-jednotka?id={v}	id
sk-registeruz-uctovna-jednotka	https://www.registeruz.sk/cruz-public/api/uctovna-jednotka?id=661956	https://www.registeruz.sk/cruz-public/api/uctovna-zavierka?id={v}	idUctovnychZavierok
sk-registeruz-uctovne-zavierky	https://www.registeruz.sk/cruz-public/api/uctovne-zavierky?zmenene-od=2026-08-01&max-zaznamov=10	https://www.registeruz.sk/cruz-public/api/uctovna-zavierka?id={v}	id
sk-registeruz-uctovna-zavierka	https://www.registeruz.sk/cruz-public/api/uctovna-zavierka?id=5266772	https://www.registeruz.sk/cruz-public/api/uctovny-vykaz?id={v}	idUctovnychVykazov
sk-registeruz-vyrocne-spravy	https://www.registeruz.sk/cruz-public/api/vyrocne-spravy?zmenene-od=2026-08-01&max-zaznamov=10	https://www.registeruz.sk/cruz-public/api/vyrocna-sprava?id={v}	id
pl-mf-whitelist-nip	https://wl-api.mf.gov.pl/api/search/nip/5260250995?date=2026-08-14	https://api-krs.ms.gov.pl/api/krs/OdpisPelny/{v}?rejestr=P&format=json	krs
pl-mf-whitelist-regon	https://wl-api.mf.gov.pl/api/search/regon/012100784?date=2026-08-14	https://api-krs.ms.gov.pl/api/krs/OdpisPelny/{v}?rejestr=P&format=json	krs
pl-mf-whitelist-bank-account	https://wl-api.mf.gov.pl/api/search/bank-account/17103015080000000503131100?date=2026-08-14	https://wl-api.mf.gov.pl/api/search/nip/{v}?date=2026-08-14	nip
pl-mf-whitelist-nips-batch	https://wl-api.mf.gov.pl/api/search/nips/5260250995,5250008198?date=2026-08-14	https://wl-api.mf.gov.pl/api/search/nip/{v}?date=2026-08-14	identifier
pl-krs-odpis-pelny-p	https://api-krs.ms.gov.pl/api/krs/OdpisPelny/0000010681?rejestr=P&format=json	https://api-krs.ms.gov.pl/api/krs/OdpisPelny/{v}?rejestr=P&format=json	numerKRS
pl-krs-odpis-pelny-s	https://api-krs.ms.gov.pl/api/krs/OdpisPelny/0000034605?rejestr=S&format=json	https://api-krs.ms.gov.pl/api/krs/OdpisPelny/{v}?rejestr=S&format=json	numerKRS
es-boe-sumario-json	https://www.boe.es/datosabiertos/api/boe/sumario/20260814	https://www.boe.es/diario_boe/xml.php?id={v}	identificador
es-boe-documento-xml	https://www.boe.es/diario_boe/xml.php?id=BOE-A-2026-17724	https://www.boe.es/diario_boe/xml.php?id={v}	identificador
es-borme-sumario-json	https://www.boe.es/datosabiertos/api/borme/sumario/20260814	https://www.boe.es/diario_borme/xml.php?id={v}	identificador
es-borme-documento-xml	https://www.boe.es/diario_borme/xml.php?id=BORME-A-2026-156-28	https://www.boe.es/diario_borme/xml.php?id={v}	identificador
es-bdns-convocatorias-busqueda	https://www.infosubvenciones.es/bdnstrans/api/convocatorias/busqueda?page=0&pageSize=5&order=fechaRecepcion&direccion=desc	https://www.infosubvenciones.es/bdnstrans/api/convocatorias?numConv={v}	numeroConvocatoria
es-bdns-convocatoria-detail	https://www.infosubvenciones.es/bdnstrans/api/convocatorias?numConv=925189	https://www.infosubvenciones.es/bdnstrans/api/convocatorias?numConv={v}	codigoBDNS
es-bdns-concesiones-busqueda	https://www.infosubvenciones.es/bdnstrans/api/concesiones/busqueda?page=0&pageSize=5&order=fechaConcesion&direccion=desc	https://www.infosubvenciones.es/bdnstrans/api/convocatorias?numConv={v}	numeroConvocatoria
es-bdns-concesiones-by-nif	https://www.infosubvenciones.es/bdnstrans/api/concesiones/busqueda?page=0&pageSize=5&nifCif=B71484935	https://www.infosubvenciones.es/bdnstrans/api/convocatorias?numConv={v}	numeroConvocatoria
es-bdns-sanciones	https://www.infosubvenciones.es/bdnstrans/api/sanciones/busqueda?page=0&pageSize=5	https://www.infosubvenciones.es/bdnstrans/api/convocatorias?numConv={v}	numeroConvocatoria
es-bdns-ayudas-estado	https://www.infosubvenciones.es/bdnstrans/api/ayudasestado/busqueda?page=0&pageSize=5	https://www.infosubvenciones.es/bdnstrans/api/convocatorias?numConv={v}	numeroConvocatoria
es-bdns-minimis	https://www.infosubvenciones.es/bdnstrans/api/minimis/busqueda?page=0&pageSize=5	https://www.infosubvenciones.es/bdnstrans/api/convocatorias?numConv={v}	numeroConvocatoria
es-bdns-partidos-politicos	https://www.infosubvenciones.es/bdnstrans/api/partidospoliticos/busqueda?page=0&pageSize=5	https://www.infosubvenciones.es/bdnstrans/api/convocatorias?numConv={v}	numeroConvocatoria
es-bdns-grandes-beneficiarios	https://www.infosubvenciones.es/bdnstrans/api/grandesbeneficiarios/busqueda?page=0&pageSize=5&anio=2024	https://www.infosubvenciones.es/bdnstrans/api/concesiones/busqueda?page=0&pageSize=50&nifCif={v}	beneficiario
esma-solr-upreg	https://registers.esma.europa.eu/solr/esma_registers_upreg/select?q=*:*&wt=json&rows=3	https://registers.esma.europa.eu/publication/details?core=esma_registers_upreg&docId={v}	id
esma-solr-sanctions	https://registers.esma.europa.eu/solr/esma_registers_sanctions/select?q=*:*&wt=json&rows=1	https://registers.esma.europa.eu/publication/details?core=esma_registers_upreg&docId=ae{v}	sn_entityEsmaID
eba-euclid-search-entities	https://euclid.eba.europa.eu/register/api/search/entities	https://euclid.eba.europa.eu/register/api/search/entities	EntityCode
de-rechtsprechung-im-internet-toc	https://www.rechtsprechung-im-internet.de/rii-toc.xml	https://www.rechtsprechung-im-internet.de/jportal/docs/bsjrs/jb-{v}.zip	link
de-rechtsprechung-decision-zip	https://www.rechtsprechung-im-internet.de/jportal/docs/bsjrs/jb-JURE100054597.zip	https://www.rechtsprechung-im-internet.de/jportal/docs/bsjrs/jb-{v}.zip	link
nl-rechtspraak-uitspraak-content	https://data.rechtspraak.nl/uitspraken/content?id=ECLI:NL:HR:2024:1	https://data.rechtspraak.nl/uitspraken/content?id={v}	identifier
be-kbo-entity-detail	https://kbopub.economie.fgov.be/kbopub/toonondernemingps.html?lang=en&ondernemingsnummer=0403170701	https://kbopub.economie.fgov.be/kbopub/toonondernemingps.html?lang=en&ondernemingsnummer={v}	ondernemingsnummer
be-kbo-establishments	https://kbopub.economie.fgov.be/kbopub/vestiginglijst.html?lang=en&ondernemingsnummer=0403170701	https://kbopub.economie.fgov.be/kbopub/vestiginglijst.html?lang=en&ondernemingsnummer={v}	ondernemingsnummer
dk-cvr-gateway-hentvirksomhed	https://datacvr.virk.dk/gateway/virksomhed/hentVirksomhed?cvrnummer=28866984&locale=da	https://datacvr.virk.dk/gateway/virksomhed/hentVirksomhed?cvrnummer={v}&locale=da	cvrnummer
dk-erst-offentliggoerelser	http://distribution.virk.dk/offentliggoerelser/_search?size=3&q=cvrNummer:28866984	http://regnskaber.virk.dk/{v}	dokumentUrl
is-skatturinn-fyrirtaekjaskra	https://www.skatturinn.is/fyrirtaekjaskra/leit/kennitala/5902697199	https://www.skatturinn.is/fyrirtaekjaskra/leit/kennitala/{v}	kennitala
fr-insee-avis-situation-sirene	https://api-avis-situation-sirene.insee.fr/identification/pdf/55203253400646	https://api-avis-situation-sirene.insee.fr/identification/pdf/{v}	siret
nl-rechtspraak-uitspraken-modified-feed	https://data.rechtspraak.nl/uitspraken/zoeken?modified=2026-08-10&max=5&return=DOC	https://data.rechtspraak.nl/uitspraken/content?id={v}	id
nl-overheid-sru-tuchtrecht	https://repository.overheid.nl/sru?operation=searchRetrieve&version=2.0&query=c.product-area==tuchtrecht&maximumRecords=3&httpAccept=application/xml	{v}	gzd:url
at-ris-judikatur-dsb	https://data.bka.gv.at/ris/api/v2.6/Judikatur?Applikation=Dsk&DokumenteProSeite=Ten&Seitennummer=1&Suchworte=DSGVO	https://www.ris.bka.gv.at/Dokument.wxe?Abfrage=Dsk&Dokumentnummer={v}	Data.Metadaten.Technisch.ID
pl-saos-search-judgments	https://www.saos.org.pl/api/search/judgments?pageSize=5	https://www.saos.org.pl/api/judgments/{v}	id
ch-entscheidsuche-elasticsearch	https://entscheidsuche.ch/_search.php?q=Kartell	{v}	attachment.content_url
de-rechtsprechung-im-internet-toc	https://www.rechtsprechung-im-internet.de/rii-toc.xml	http://www.rechtsprechung-im-internet.de/jportal/docs/bsjrs/jb-{v}.zip	link
eu-cellar-sparql	https://publications.europa.eu/webapi/rdf/sparql?query=PREFIX%20cdm%3A%20%3Chttp%3A%2F%2Fpublications.europa.eu%2Fontology%2Fcdm%23%3E%20SELECT%20%3Fwork%20%3Fcelex%20%3Fdate%20WHERE%20%7B%20%3Fwork%20cdm%3Aresource_legal_id_celex%20%3Fcelex%20.%20%3Fwork%20cdm%3Awork_date_document%20%3Fdate%20.%20FILTER(STRSTARTS(STR(%3Fcelex)%2C%2262022CJ%22))%20%7D%20LIMIT%2010&format=application%2Fsparql-results%2Bjson	https://publications.europa.eu/resource/cellar/{v}	work
eu-echa-substance-search	https://chem.echa.europa.eu/api-substance/v1/substance?pageIndex=1&pageSize=5&searchText=benzene	https://chem.echa.europa.eu/api-substance/v1/substance/{v}	substanceIndex.rmlId
eu-eudamed-devices-udidi	https://ec.europa.eu/tools/eudamed/api/devices/udiDiData?page=0&pageSize=5&size=5&languageIso2Code=en	https://ec.europa.eu/tools/eudamed/api/devices/udiDiData/{v}?languageIso2Code=en	uuid
eu-eudamed-certificates	https://ec.europa.eu/tools/eudamed/api/certificates/search?page=0&pageSize=5&size=5&languageIso2Code=en	https://ec.europa.eu/tools/eudamed/api/certificates/{v}?languageIso2Code=en	uuid
echr-hudoc-caselaw-query	https://hudoc.echr.coe.int/app/query/results?query=contentsitename%3DECHR%20AND%20(doctype%3DHEJUD)&select=itemid%2Cdocname%2Cappno%2Crespondent%2Cconclusion%2Cecli%2Ckpdate%2Cdoctypebranch%2Clanguageisocode&sort=&start=0&length=10	https://hudoc.echr.coe.int/app/conversion/docx/html/body?library=ECHR&id={v}	itemid
es-boe-sumario-diario	https://www.boe.es/datosabiertos/api/boe/sumario/20240115	https://www.boe.es/diario_boe/xml.php?id={v}	url_xml (identificador)
es-borme-sumario-diario	https://www.boe.es/datosabiertos/api/borme/sumario/20240115	https://www.boe.es/diario_borme/xml.php?id={v}	url_xml (identificador)
gr-diavgeia-search-detail	https://diavgeia.gov.gr/opendata/search?q=*&size=3	https://diavgeia.gov.gr/luminapi/api/decisions/{v}	ada
sk-rpvs-pvs-expand-partner	https://rpvs.gov.sk/opendatav2/PartneriVerejnehoSektora?$expand=Partner	https://rpvs.gov.sk/opendatav2/Partneri({v})?$expand=PartneriVerejnehoSektora,KonecniUzivateliaVyhod,OpravneneOsoby,VerejniFunkcionari	Id
uk-fsa-food-alerts	https://data.food.gov.uk/food-alerts/id?_view=full&_limit=3	https://data.food.gov.uk/food-alerts/id/{v}	notation
uk-govuk-search-cma-cases	https://www.gov.uk/api/search.json?filter_format=cma_case&count=3&fields=title,link,description,case_type,case_state,opened_date,closed_date,market_sector	https://www.gov.uk/api/content{v}	link
uk-govuk-search-employment-tribunal	https://www.gov.uk/api/search.json?filter_format=employment_tribunal_decision&count=3&fields=title,link,description,tribunal_decision_categories,tribunal_decision_decision_date	https://www.gov.uk/api/content{v}	link
uk-govuk-search-utaac-decisions	https://www.gov.uk/api/search.json?filter_format=utaac_decision&count=3&fields=title,link,description,tribunal_decision_categories,tribunal_decision_decision_date,tribunal_decision_judges	https://www.gov.uk/api/content{v}	link
uk-govuk-search-tax-tribunal	https://www.gov.uk/api/search.json?filter_format=tax_tribunal_decision&count=3&fields=title,link,description,tribunal_decision_category,tribunal_decision_decision_date	https://www.gov.uk/api/content{v}	link
uk-govuk-search-medical-safety-alerts	https://www.gov.uk/api/search.json?filter_format=medical_safety_alert&count=3&fields=title,link,description,alert_type,issued_date,medical_specialism	https://www.gov.uk/api/content{v}	link
uk-govuk-search-raib-reports	https://www.gov.uk/api/search.json?filter_format=raib_report&count=3&fields=title,link,description,date_of_occurrence,railway_type	https://www.gov.uk/api/content{v}	link
uk-govuk-search-maib-reports	https://www.gov.uk/api/search.json?filter_format=maib_report&count=3&fields=title,link,description,date_of_occurrence,vessel_type	https://www.gov.uk/api/content{v}	link
uk-govuk-search-drug-safety-update	https://www.gov.uk/api/search.json?filter_format=drug_safety_update&count=3&fields=title,link,description,first_published_at	https://www.gov.uk/api/content{v}	link
uk-caselaw-tna-akomantoso-detail	https://caselaw.nationalarchives.gov.uk/atom.xml?query=&order=-date	https://caselaw.nationalarchives.gov.uk/{v}/data.xml	link[rel=alternate] court/year/number path
eu-ted-notice-xml	https://ted.europa.eu/en/notice/284355-2016/xml	https://ted.europa.eu/en/notice/{v}/xml	publication-number
eu-ted-notice-pdf	https://ted.europa.eu/en/notice/284355-2016/pdf	https://ted.europa.eu/en/notice/{v}/pdf	publication-number
nl-tenderned-publicaties	https://www.tenderned.nl/papi/tenderned-rs-tns/v2/publicaties?publicatieDatumVanaf=2026-08-01&page=0&size=5	https://www.tenderned.nl/papi/tenderned-rs-tns/v2/publicaties/{v}	publicatieId
nl-tenderned-publicatie-documenten	https://www.tenderned.nl/papi/tenderned-rs-tns/v2/publicaties/430000/documenten	https://www.tenderned.nl/papi/tenderned-rs-tns/v2/publicaties/{v}/documenten	publicatieId
gr-diavgeia-decision-search	https://diavgeia.gov.gr/opendata/search.json?q=organizationUid:%2215168%22&size=5	https://diavgeia.gov.gr/opendata/decisions/{v}.json	ada
gr-diavgeia-organizations	https://diavgeia.gov.gr/opendata/organizations.json	https://diavgeia.gov.gr/opendata/organizations/{v}.json	uid
gr-diavgeia-org-units	https://diavgeia.gov.gr/opendata/organizations/15168/units.json	https://diavgeia.gov.gr/opendata/organizations/{v}/units.json	uid
gr-diavgeia-dictionaries	https://diavgeia.gov.gr/opendata/dictionaries.json	https://diavgeia.gov.gr/opendata/dictionaries/{v}.json	uid
es-bdns-convocatorias-search	https://www.infosubvenciones.es/bdnstrans/api/convocatorias/busqueda?vpd=GE&pageSize=5&page=0	https://www.infosubvenciones.es/bdnstrans/api/convocatorias?vpd=GE&numConv={v}	numeroConvocatoria
es-bdns-convocatoria-detail	https://www.infosubvenciones.es/bdnstrans/api/convocatorias?vpd=GE&numConv=925189	https://www.infosubvenciones.es/bdnstrans/api/convocatorias?vpd=GE&numConv={v}	codigoBDNS
de-oeffentlichevergabe-notice-exports	https://oeffentlichevergabe.de/api/notice-exports?pubDay=2026-08-14	https://oeffentlichevergabe.de/api/notice-exports?pubDay={v}	pubDay
pl-bzp-board-search	https://ezamowienia.gov.pl/mo-board/api/v1/Board/Search?PageSize=5	https://ezamowienia.gov.pl/mo-board/api/v1/Board/Search?ObjectId={v}	objectId
eu-cordis-projects-search	https://cordis.europa.eu/api/search/results?q=contenttype%3D%27project%27&p=1&num=5&format=json	https://cordis.europa.eu/project/id/{v}?format=json	id
eu-cordis-project-detail	https://cordis.europa.eu/project/id/633053?format=json	https://cordis.europa.eu/project/id/{v}?format=json	id
eu-funding-tenders-grants-tenders	https://ec.europa.eu/info/funding-tenders/opportunities/data/referenceData/grantsTenders.json	https://ec.europa.eu/info/funding-tenders/opportunities/data/topicDetails/{v}.json	identifier
eu-funding-tenders-topic-detail	https://ec.europa.eu/info/funding-tenders/opportunities/data/topicDetails/agrip-multi-2021-im.json	https://ec.europa.eu/info/funding-tenders/opportunities/data/topicDetails/{v}.json	identifier
eu-eib-projects-list	https://www.eib.org/page-provider/projects/list?or=&pageNumber=0&itemPerPage=5&pageable=true&language=EN&sortColumn=projectStatusDate	https://www.eib.org/en/projects/all/{v}	id
ua-prozorro-tenders	https://public-api.prozorro.gov.ua/api/2.5/tenders?limit=5	https://public-api.prozorro.gov.ua/api/2.5/tenders/{v}	id
ua-prozorro-tender-awards	https://public-api.prozorro.gov.ua/api/2.5/tenders/d9116ce196ce4cfea5d32707db82035b/awards	https://public-api.prozorro.gov.ua/api/2.5/tenders/{v}/awards	id
ua-prozorro-tender-bids	https://public-api.prozorro.gov.ua/api/2.5/tenders/d9116ce196ce4cfea5d32707db82035b/bids	https://public-api.prozorro.gov.ua/api/2.5/tenders/{v}/bids	id
ua-prozorro-tender-contracts	https://public-api.prozorro.gov.ua/api/2.5/tenders/d9116ce196ce4cfea5d32707db82035b/contracts	https://public-api.prozorro.gov.ua/api/2.5/tenders/{v}/contracts	id
ua-prozorro-tender-questions	https://public-api.prozorro.gov.ua/api/2.5/tenders/d9116ce196ce4cfea5d32707db82035b/questions	https://public-api.prozorro.gov.ua/api/2.5/tenders/{v}/questions	id
ua-prozorro-contracts	https://public-api.prozorro.gov.ua/api/2.5/contracts?limit=5	https://public-api.prozorro.gov.ua/api/2.5/contracts/{v}	id
it-anac-package-list	https://dati.anticorruzione.it/opendata/api/3/action/package_list	https://dati.anticorruzione.it/opendata/api/3/action/package_show?id={v}	result
it-anac-package-show	https://dati.anticorruzione.it/opendata/api/3/action/package_show?id=aggiudicazioni	https://dati.anticorruzione.it/opendata/api/3/action/package_show?id={v}	name
jp-courts-hanrei-search-all	https://www.courts.go.jp/hanrei/search1/index.html?filter%5BsearchText%5D=%E7%A0%B4%E7%94%A3#searched	https://www.courts.go.jp/hanrei/{v}/detail2/index.html	numeric hanrei id in the href ./../{id}/detail{n}/index.html
jp-courts-hanrei-detail	https://www.courts.go.jp/hanrei/96798/detail4/index.html	https://www.courts.go.jp/assets/hanrei/hanrei-pdf-{v}.pdf	hanrei id (same id as in the URL; also in meta pdf_url)
jp-courts-hanrei-supreme-recent	https://www.courts.go.jp/hanrei/search2/index.html?courtCaseType=1&filter%5Brecent%5D=1#searched	https://www.courts.go.jp/hanrei/{v}/detail2/index.html	hanrei id in result href
jp-courts-hanrei-lower-recent	https://www.courts.go.jp/hanrei/search4/index.html?courtCaseType=3&filter%5Brecent%5D=1#searched	https://www.courts.go.jp/hanrei/{v}/detail4/index.html	hanrei id in result href
jp-kanpo-index	https://www.kanpo.go.jp/	https://www.kanpo.go.jp/{v}/{v}.fullcontents.html	issue date YYYYMMDD taken from the ./YYYYMMDD/ href
jp-kanpo-day-contents	https://www.kanpo.go.jp/20260814/20260814.fullcontents.html	https://www.kanpo.go.jp/20260814/{v}	relative article path {issue}/{article}f.html from the anchor
jp-kanpo-issue-toc	https://www.kanpo.go.jp/20260814/20260814h01768/20260814h017680000f.html	https://www.kanpo.go.jp/20260814/20260814h01768/{v}	article filename ({date}{class}{issue}{seq}f.html)
jp-kanpo-article	https://www.kanpo.go.jp/20260814/20260814h01768/20260814h017680002f.html	https://www.kanpo.go.jp/20260814/20260814h01768/{v}	body page filename (article filename minus the trailing f)
jp-tdnet-disclosure-list-p1	https://www.release.tdnet.info/inbs/I_list_001_20260814.html	https://www.release.tdnet.info/inbs/{v}	PDF filename in the row href, e.g. 140120260814521503.pdf
jp-tdnet-disclosure-list-p2	https://www.release.tdnet.info/inbs/I_list_002_20260814.html	https://www.release.tdnet.info/inbs/{v}	PDF filename in the row href
jp-tdnet-mirror-recent-json	https://webapi.yanoshin.jp/webapi/tdnet/list/recent.json?limit=5	https://webapi.yanoshin.jp/webapi/tdnet/list/{v}.json?limit=100	company_code (4-digit form, e.g. 7203)
jp-nta-invoice-bulk-index	https://www.invoice-kohyo.nta.go.jp/download/zenken/	https://www.invoice-kohyo.nta.go.jp/download/zenken/dlfile?dlFilKanriNo={v}&jinkakukbn=2&type=01	dlFilKanriNo from doDownload('NNNN','k','tt') in the page
jp-caa-recall-index	https://www.recall.caa.go.jp/	https://www.recall.caa.go.jp/result/detail.php?rcl={v}&screenkbn=06	rcl (11-digit recall id) from the result href
jp-fsa-registry-index	https://www.fsa.go.jp/menkyo/menkyo.html	https://www.fsa.go.jp/menkyo/menkyoj/{v}	workbook filename from the href
jp-egov-law-data-v2	https://laws.e-gov.go.jp/api/2/law_data/405AC0000000088	https://laws.e-gov.go.jp/api/2/law_data/{v}	law_id
jp-egov-law-revisions-v2	https://laws.e-gov.go.jp/api/2/law_revisions/405AC0000000088	https://laws.e-gov.go.jp/api/2/law_revisions/{v}	law_id
jp-egov-lawlists-v1-cat2	https://laws.e-gov.go.jp/api/1/lawlists/2	https://laws.e-gov.go.jp/api/1/lawdata/{v}	LawId
jp-egov-lawlists-v1-cat3	https://laws.e-gov.go.jp/api/1/lawlists/3	https://laws.e-gov.go.jp/api/1/lawdata/{v}	LawId
jp-egov-lawdata-v1	https://laws.e-gov.go.jp/api/1/lawdata/405AC0000000088	https://laws.e-gov.go.jp/api/1/lawdata/{v}	LawId
jp-egov-article-v1	https://laws.e-gov.go.jp/api/1/articles;lawId=405AC0000000088;article=1	https://laws.e-gov.go.jp/api/1/articles;lawId={v};article=1	LawId
jp-egov-laws-by-era-v2	https://laws.e-gov.go.jp/api/2/laws?law_num_era=Reiwa&law_num_year=7&limit=20	https://laws.e-gov.go.jp/api/2/law_data/{v}	law_id
jp-ndl-search-sru	https://ndlsearch.ndl.go.jp/api/sru?operation=searchRetrieve&query=title%3D%22%E9%98%B2%E7%81%BD%22&maximumRecords=5&recordSchema=dcndl	https://ndlsearch.ndl.go.jp/api/oaipmh?verb=GetRecord&identifier={v}&metadataPrefix=dcndl	identifier
jp-ndl-oaipmh-getrecord	https://ndlsearch.ndl.go.jp/api/oaipmh?verb=GetRecord&identifier=oai:ndlsearch.ndl.go.jp:R100000002-I000010912297&metadataPrefix=dcndl	https://ndlsearch.ndl.go.jp/api/oaipmh?verb=GetRecord&identifier={v}&metadataPrefix=dcndl	identifier
jp-ndl-authority-person	https://id.ndl.go.jp/auth/ndlna/00270232.json	https://id.ndl.go.jp/auth/ndlna/{v}.json	ndlna_id
jp-ndl-authority-person-rdf	https://id.ndl.go.jp/auth/ndlna/00270232.rdf	https://id.ndl.go.jp/auth/ndlna/{v}.rdf	ndlna_id
jp-ndl-authority-subject	https://id.ndl.go.jp/auth/ndlsh/00560222.json	https://id.ndl.go.jp/auth/ndlsh/{v}.json	ndlsh_id
jp-ndl-lab-dl-book-search	https://lab.ndl.go.jp/dl/api/book/search?keyword=%E9%98%B2%E7%81%BD	https://lab.ndl.go.jp/dl/api/book/{v}	id
jp-ndl-lab-dl-book-detail	https://lab.ndl.go.jp/dl/api/book/1032509	https://lab.ndl.go.jp/dl/api/book/{v}	id
jp-ndl-dl-iiif-manifest	https://dl.ndl.go.jp/api/iiif/1032509/manifest.json	https://dl.ndl.go.jp/api/iiif/{v}/manifest.json	id
jp-jpsearch-item-detail	https://jpsearch.go.jp/api/item/saitama_digi_lib-1498302095	https://jpsearch.go.jp/api/item/{v}	id
jp-estat-dashboard-getdata	https://dashboard.e-stat.go.jp/api/1.0/Json/getData?Lang=JP&IndicatorCode=0201010000000010000&RegionCode=00000	https://dashboard.e-stat.go.jp/api/1.0/Json/getData?Lang=JP&IndicatorCode={v}&RegionCode=00000	IndicatorCode
jp-jma-amedas-map	https://www.jma.go.jp/bosai/amedas/data/map/20260816150000.json	https://www.jma.go.jp/bosai/amedas/data/point/{v}/20260816_15.json	station_number
jp-jma-amedas-point	https://www.jma.go.jp/bosai/amedas/data/point/44132/20260816_15.json	https://www.jma.go.jp/bosai/amedas/data/point/{v}/20260816_15.json	station_number
jp-jma-mdrr-maxtemp-anomaly	https://www.data.jma.go.jp/stats/data/mdrr/tem_rct/alltable/mxtemsadext00_rct.csv	https://www.data.jma.go.jp/stats/etrn/view/daily_s1.php?prec_no=44&block_no={v}&year=2026&month=8&day=&view=	observation_point_number
jp-jma-mdrr-precip-1h	https://www.data.jma.go.jp/stats/data/mdrr/pre_rct/alltable/pre1h00_rct.csv	https://www.data.jma.go.jp/stats/etrn/view/daily_s1.php?prec_no=44&block_no={v}&year=2026&month=8&day=&view=	observation_point_number
jp-jma-etrn-daily-station	https://www.data.jma.go.jp/stats/etrn/view/daily_s1.php?prec_no=44&block_no=47662&year=2026&month=8&day=&view=	https://www.data.jma.go.jp/stats/etrn/view/daily_s1.php?prec_no=44&block_no={v}&year=2026&month=8&day=&view=	block_no
jp-jma-obd-etrn-index	https://www.data.jma.go.jp/obd/stats/etrn/index.php?prec_no=44&block_no=47662&year=2026&month=8&day=1&view=	https://www.data.jma.go.jp/obd/stats/etrn/index.php?prec_no=44&block_no={v}&year=2026&month=8&day=1&view=	block_no
jp-moe-wbgt-forecast-all	https://www.wbgt.env.go.jp/prev15WG/dl/yohou_all.csv	https://www.wbgt.env.go.jp/est15WG/dl/wbgt_{v}_202608.csv	point_code
jp-moe-wbgt-point-history	https://www.wbgt.env.go.jp/est15WG/dl/wbgt_44132_202608.csv	https://www.wbgt.env.go.jp/est15WG/dl/wbgt_{v}_202608.csv	point_code
jp-moe-wbgt-point-page	https://www.wbgt.env.go.jp/graph_ref_td.php?region=03&prefecture=44&point=44132	https://www.wbgt.env.go.jp/graph_ref_td.php?region=03&prefecture=44&point={v}	point_code
jp-jihs-idwr-year-index	https://id-info.jihs.go.jp/surveillance/idwr/provisional/2026/index.html	https://id-info.jihs.go.jp/surveillance/idwr/provisional/2026/{v}/index.html	week_number
jp-jihs-idwr-week-index	https://id-info.jihs.go.jp/surveillance/idwr/provisional/2026/31/index.html	https://id-info.jihs.go.jp/surveillance/idwr/provisional/2026/31/2026-31-zensu.csv	week_number
jp-npa-traffic-accidents-2024	https://www.npa.go.jp/publications/statistics/koutsuu/opendata/2024/honhyo_2024.csv	https://www.npa.go.jp/publications/statistics/koutsuu/opendata/2024/hojuhyo_2024.csv	serial_number
jp-npa-traffic-opendata-index	https://www.npa.go.jp/publications/statistics/koutsuu/opendata/2024/opendata_2024.html	https://www.npa.go.jp/publications/statistics/koutsuu/opendata/{v}/honhyo_{v}.csv	year
jp-courts-hanrei-search	https://www.courts.go.jp/app/hanrei_jp/search1?filter%5BsearchText%5D=%E8%A1%8C%E6%94%BF&page=1	https://www.courts.go.jp/assets/hanrei/hanrei-pdf-{v}.pdf	hanrei_pdf_id
jp-courts-hanrei-pdf	https://www.courts.go.jp/assets/hanrei/hanrei-pdf-96730.pdf	https://www.courts.go.jp/assets/hanrei/hanrei-pdf-{v}.pdf	hanrei_pdf_id
jp-bunka-kunishitei-search	https://kunishitei.bunka.go.jp/bsys/searchlist	https://kunishitei.bunka.go.jp/heritage/detail/102/{v}	property_id
jp-bunka-kunishitei-detail	https://kunishitei.bunka.go.jp/heritage/detail/102/00004621	https://kunishitei.bunka.go.jp/heritage/detail/102/{v}	property_id
jp-natarchives-search	https://www.digital.archives.go.jp/search?keyword=%E9%98%B2%E7%81%BD	https://www.digital.archives.go.jp/fonds/{v}	fonds_id
jp-natarchives-fonds-detail	https://www.digital.archives.go.jp/fonds/2308961	https://www.digital.archives.go.jp/fonds/{v}	fonds_id
jp-jacar-search	https://www.jacar.archives.go.jp/aj/search?keyword=%E9%98%B2%E7%81%BD	https://www.jacar.archives.go.jp/das/meta/{v}	reference_code
jp-jacar-item-detail	https://www.jacar.archives.go.jp/das/meta/A17110884400	https://www.jacar.archives.go.jp/das/meta/{v}	reference_code
jp-jbaudit-report-year-index	https://report.jbaudit.go.jp/org/houkoku-mokuji-list.htm	https://report.jbaudit.go.jp/org/r05/2023-r05-mokuji.htm	fiscal_year
jp-jbaudit-report-year-toc	https://report.jbaudit.go.jp/org/r05/2023-r05-mokuji.htm	https://report.jbaudit.go.jp/org/r05/2023-r05-0001-0.htm	section_id
jp-jbaudit-report-section	https://report.jbaudit.go.jp/org/r05/2023-r05-0001-0.htm	https://report.jbaudit.go.jp/org/r05/{v}.htm	section_id
jp-kaigiroku-tenant-profile	https://ssp.kaigiroku.net/dnp/search/tenants/get_profile?tenant_id=20	https://ssp.kaigiroku.net/dnp/search/tenants/get_profile?tenant_id={v}	tenant_id
jp-kaigiroku-councils-index	https://ssp.kaigiroku.net/dnp/search/councils/index	https://ssp.kaigiroku.net/dnp/search/minutes/get_schedule?tenant_id=20&council_id={v}	council_id
jp-kaigiroku-minute-schedule	https://ssp.kaigiroku.net/dnp/search/minutes/get_schedule	https://ssp.kaigiroku.net/dnp/search/minutes/get_minute?tenant_id=20&council_id=1017&schedule_id=2&minute_id={v}	minute_id
jp-tokyo-hokenjo-ledger-index	https://www.hokeniryo.metro.tokyo.lg.jp/kenkou/hokenjo_daicho/shokuhineigyokyokadaicho	https://www.hokeniryo.metro.tokyo.lg.jp/documents/d/hokeniryo/{v}	slug
jp-setagaya-food-licence-index	https://www.city.setagaya.lg.jp/02245/online_tetsuzuki/3246.html	https://www.city.setagaya.lg.jp/documents/3246/{v}	shinkir{YYMMDD}
jp-osaka-waste-handler-roster-index	https://www.pref.osaka.lg.jp/o120060/sangyohaiki/gyousyameibo/index.html	https://www.pref.osaka.lg.jp/documents/602/{v}	filename
jp-chiba-pref-waste-handler-roster-index	https://www.pref.chiba.lg.jp/haishi/shorigyou/meibo.html	https://www.pref.chiba.lg.jp/haishi/shorigyou/documents/{v}	filename
jp-wam-shofuku-opendata-index	https://www.wam.go.jp/content/wamnet/pcpub/top/sfkopendata/	https://www.wam.go.jp/content/files/pcpub/top/sfkopendata/202603/{v}	sfkopendata_{YYYYMM}_{NN}.zip
jp-egov-iryou-teikyouseido-opendata	https://data.e-gov.go.jp/data/dataset/321fdf20-5f6a-49e5-bcab-35d81d652c65/resource/af88450b-049c-4deb-8dc9-327312d877e1/download/e-gov20251201.zip	https://data.e-gov.go.jp/data/api/action/package_show?id={v}	resource id
global-peeringdb-org-list	https://www.peeringdb.com/api/org?limit=3	https://www.peeringdb.com/api/org/{v}?depth=2	id
global-peeringdb-netixlan-by-ix	https://www.peeringdb.com/api/netixlan?ix_id=26&limit=5	https://www.peeringdb.com/api/net/{v}?depth=2	net_id
global-peeringdb-netfac-by-fac	https://www.peeringdb.com/api/netfac?fac_id=1&limit=5	https://www.peeringdb.com/api/net/{v}?depth=2	net_id
global-peeringdb-ixlan-by-ix	https://www.peeringdb.com/api/ixlan?ix_id=26	https://www.peeringdb.com/api/ixpfx?ixlan_id={v}	id
global-peeringdb-ixfac-by-ix	https://www.peeringdb.com/api/ixfac?ix_id=26&limit=5	https://www.peeringdb.com/api/fac/{v}?depth=2	fac_id
global-peeringdb-carrier-list	https://www.peeringdb.com/api/carrier?limit=3	https://www.peeringdb.com/api/carrier/{v}?depth=2	id
global-peeringdb-carrierfac	https://www.peeringdb.com/api/carrierfac?carrier_id=1	https://www.peeringdb.com/api/fac/{v}?depth=2	fac_id
global-peeringdb-campus-list	https://www.peeringdb.com/api/campus?limit=3	https://www.peeringdb.com/api/campus/{v}?depth=2	id
jp-peeringdb-fac-country-depth1	https://www.peeringdb.com/api/fac?country=JP&limit=3&depth=1	https://www.peeringdb.com/api/netfac?fac_id={v}	id
us-arin-whois-rws-ip	https://whois.arin.net/rest/ip/8.8.8.8.json	https://whois.arin.net/rest/org/{v}.json	name
us-arin-whois-rws-org	https://whois.arin.net/rest/org/GOGL.json	https://whois.arin.net/rest/org/{v}/nets.json	handle
us-arin-whois-rws-org-asns	https://whois.arin.net/rest/org/GOGL/asns.json	https://whois.arin.net/rest/asn/{v}.json	@handle
us-arin-whois-rws-pocs-by-domain	https://whois.arin.net/rest/pocs;domain=@google.com.json	https://whois.arin.net/rest/poc/{v}.json	@handle
us-arin-rdap-entity	https://rdap.arin.net/registry/entity/GOGL	https://rdap.arin.net/registry/autnum/{v}	endAutnum
us-arin-rdap-autnum	https://rdap.arin.net/registry/autnum/15169	https://rdap.arin.net/registry/entity/{v}	handle
ripe-db-rest-autnum	https://rest.db.ripe.net/ripe/aut-num/AS3333.json	https://rest.db.ripe.net/ripe/organisation/{v}.json	org
ripe-atlas-measurement-detail	https://atlas.ripe.net/api/v2/measurements/1001/	https://atlas.ripe.net/api/v2/measurements/{v}/results/?start=1755000000&stop=1755003600	id
ripe-atlas-measurement-results	https://atlas.ripe.net/api/v2/measurements/1001/results/?start=1755000000&stop=1755003600	https://atlas.ripe.net/api/v2/probes/{v}/	prb_id
ripe-atlas-anchor-detail	https://atlas.ripe.net/api/v2/anchors/1/	https://atlas.ripe.net/api/v2/probes/{v}/	probe
jp-ihr-networks	https://ihr.iijlab.net/ihr/api/networks/?number=2497	https://ihr.iijlab.net/ihr/api/hegemony/prefixes/?originasn={v}&af=4	number
us-caida-asrank-organizations	https://api.asrank.caida.org/v2/restful/organizations/?first=3	https://api.asrank.caida.org/v2/restful/organizations/{v}	orgId
global-ooni-measurements-jp	https://api.ooni.io/api/v1/measurements?limit=3&probe_cc=JP	https://api.ooni.io/api/v1/raw_measurement?measurement_uid={v}	measurement_uid
global-osm-way-full	https://api.openstreetmap.org/api/0.6/way/23733659/full.json	https://api.openstreetmap.org/api/0.6/changeset/{v}.json?include_discussion=true	changeset
global-osm-node-history	https://api.openstreetmap.org/api/0.6/node/240109189/history.json	https://api.openstreetmap.org/api/0.6/user/{v}.json	uid
global-osm-changeset-detail	https://api.openstreetmap.org/api/0.6/changeset/1000000.json?include_discussion=true	https://api.openstreetmap.org/api/0.6/changeset/{v}/download	id
global-osm-changesets-by-user	https://api.openstreetmap.org/api/0.6/changesets.json?user=1&limit=5	https://api.openstreetmap.org/api/0.6/changeset/{v}.json?include_discussion=true	id
global-osm-user	https://api.openstreetmap.org/api/0.6/user/1.json	https://api.openstreetmap.org/api/0.6/changesets.json?user={v}&limit=100	id
global-nominatim-structured-search	https://nominatim.openstreetmap.org/search?street=1600+Amphitheatre+Parkway&city=Mountain+View&country=USA&format=jsonv2&addressdetails=1&extratags=1&namedetails=1&limit=5	https://nominatim.openstreetmap.org/details.php?osmtype=W&osmid={v}&format=json&addressdetails=1&hierarchy=1&linkedplaces=1&keywords=1	osm_id
global-taginfo-key-stats	https://taginfo.openstreetmap.org/api/4/key/stats?key=operator	https://taginfo.openstreetmap.org/api/4/key/values?key={v}&page=1&rp=50&sortname=count_all&sortorder=desc	key
global-taginfo-key-values	https://taginfo.openstreetmap.org/api/4/key/values?key=operator&page=1&rp=10&sortname=count_all&sortorder=desc	https://taginfo.openstreetmap.org/api/4/tag/stats?key=operator&value={v}	value
uk-tfl-line-stoppoints	https://api.tfl.gov.uk/Line/victoria/StopPoints	https://api.tfl.gov.uk/StopPoint/{v}	naptanId
uk-tfl-stoppoint-detail	https://api.tfl.gov.uk/StopPoint/940GZZLUVIC	https://api.tfl.gov.uk/StopPoint/{v}/Arrivals	naptanId
uk-tfl-line-route-sequence	https://api.tfl.gov.uk/Line/victoria/Route/Sequence/inbound	https://api.tfl.gov.uk/StopPoint/{v}	stationId
uk-tfl-stoppoint-search	https://api.tfl.gov.uk/StopPoint/Search/Victoria	https://api.tfl.gov.uk/StopPoint/{v}	id
uk-tfl-line-route-all	https://api.tfl.gov.uk/Line/Route?serviceTypes=Regular	https://api.tfl.gov.uk/Line/{v}/StopPoints	id
de-vbb-transport-rest-locations	https://v6.vbb.transport.rest/locations?query=Alexanderplatz&results=3	https://v6.bvg.transport.rest/stops/{v}/departures?results=10	id
eu-transitous-map-stops	https://api.transitous.org/api/v1/map/stops?min=52.5,13.4&max=52.52,13.42	https://api.transitous.org/api/v1/stoptimes?stopId={v}&n=10	stopId
no-entur-stop-places	https://api.entur.io/stop-places/v1/read/stop-places?size=2	https://api.entur.io/stop-places/v1/read/stop-places/{v}	id
global-gbfs-systems-catalog	https://raw.githubusercontent.com/MobilityData/gbfs/master/systems.csv	{v}	Auto-Discovery URL
ae-careem-gbfs-discovery	https://careem.publicbikesystem.net/customer/gbfs/v3.0/gbfs.json	https://careem.publicbikesystem.net/customer/gbfs/v3.0/station_information	url
ae-careem-gbfs-station-information	https://careem.publicbikesystem.net/customer/gbfs/v3.0/station_information	https://careem.publicbikesystem.net/customer/gbfs/v3.0/station_status	station_id
fi-digitraffic-rail-live-trains-station	https://rata.digitraffic.fi/api/v1/live-trains/station/HKI?minutes_before_departure=30&minutes_after_departure=5&minutes_before_arrival=30&minutes_after_arrival=5	https://rata.digitraffic.fi/api/v1/trains/latest/{v}	trainNumber
uk-elexon-remit-list	https://data.elexon.co.uk/bmrs/api/v1/remit/list/by-event?from=2026-08-10T00:00Z&to=2026-08-16T00:00Z	https://data.elexon.co.uk/bmrs/api/v1/remit/{v}	id
de-opensensemap-boxes	https://api.opensensemap.org/boxes?limit=2&format=json	https://api.opensensemap.org/boxes/{v}	_id
de-opensensemap-box-detail	https://api.opensensemap.org/boxes/5391be52a8341554157792e6	https://api.opensensemap.org/boxes/5391be52a8341554157792e6/sensors	_id
de-opensensemap-box-sensors	https://api.opensensemap.org/boxes/5391be52a8341554157792e6/sensors	https://api.opensensemap.org/boxes/5391be52a8341554157792e6/data/{v}?from-date=2024-10-01T00:00:00Z&to-date=2024-10-17T00:00:00Z	_id
jp-safecast-measurements	https://api.safecast.org/measurements.json?limit=3	https://api.safecast.org/measurements/{v}.json	id
jp-safecast-bgeigie-imports	https://api.safecast.org/bgeigie_imports.json?limit=3	https://api.safecast.org/bgeigie_imports/{v}.json	id
global-archive-org-advancedsearch-fl	https://archive.org/advancedsearch.php?q=collection%3Anasa&fl%5B%5D=identifier&fl%5B%5D=date&rows=3&output=json	https://archive.org/metadata/{v}	identifier
openalex-work-detail	https://api.openalex.org/works/W2741809807	https://api.openalex.org/works/{v}	id
openalex-work-by-doi	https://api.openalex.org/works/doi:10.1038/nature12373	https://api.openalex.org/works/doi:{v}	doi
openalex-work-by-pmid	https://api.openalex.org/works/pmid:29456894	https://api.openalex.org/works/pmid:{v}	pmid
openalex-author-detail	https://api.openalex.org/authors/A5023888391	https://api.openalex.org/authors/{v}	id
openalex-works-by-author	https://api.openalex.org/works?filter=authorships.author.id:A5023888391&per_page=25	https://api.openalex.org/works/{v}	id
openalex-institution-detail	https://api.openalex.org/institutions/I27837315	https://api.openalex.org/institutions/{v}	id
openalex-institution-associated	https://api.openalex.org/institutions/I27837315?select=id,display_name,associated_institutions,roles,repositories	https://api.openalex.org/institutions/{v}	id
openalex-institutions-lineage	https://api.openalex.org/institutions?filter=lineage:I22299242&per_page=25	https://api.openalex.org/institutions/{v}	id
openalex-institution-by-ror	https://api.openalex.org/institutions?filter=ror:00cvxb145	https://api.openalex.org/institutions/{v}	id
openalex-works-by-ror	https://api.openalex.org/works?filter=authorships.institutions.ror:https://ror.org/00cvxb145&per_page=10	https://api.openalex.org/works/{v}	id
openalex-authors-by-institution	https://api.openalex.org/authors?filter=last_known_institutions.id:I22299242&per_page=10	https://api.openalex.org/authors/{v}	id
openalex-works-citing	https://api.openalex.org/works?filter=cites:W2741809807&per_page=25	https://api.openalex.org/works/{v}	id
openalex-works-cited-by	https://api.openalex.org/works?filter=cited_by:W3137875885&per_page=10	https://api.openalex.org/works/{v}	id
openalex-works-related	https://api.openalex.org/works?filter=related_to:W2741809807&per_page=10	https://api.openalex.org/works/{v}	id
openalex-source-detail	https://api.openalex.org/sources/S137773608	https://api.openalex.org/sources/{v}	id
openalex-publisher-detail	https://api.openalex.org/publishers/P4310320990	https://api.openalex.org/publishers/{v}	id
openalex-sources-by-publisher	https://api.openalex.org/sources?filter=host_organization.id:P4310320990&per_page=10	https://api.openalex.org/sources/{v}	id
openalex-funder-detail	https://api.openalex.org/funders/F4320332161	https://api.openalex.org/funders/{v}	id
openalex-funders-country-jp	https://api.openalex.org/funders?filter=country_code:jp&per_page=25	https://api.openalex.org/funders/{v}	id
openalex-topic-detail	https://api.openalex.org/topics/T10017	https://api.openalex.org/topics/{v}	id
openalex-autocomplete-institutions	https://api.openalex.org/autocomplete/institutions?q=kyoto	https://api.openalex.org/institutions/{v}	id
openalex-works-sdg	https://api.openalex.org/works?filter=sustainable_development_goals.id:https://metadata.un.org/sdg/3&per_page=5	https://api.openalex.org/works/{v}	id
openalex-works-institution-type	https://api.openalex.org/works?filter=authorships.institutions.lineage:I22299242,type:review&per_page=10	https://api.openalex.org/works/{v}	id
clinicaltrials-study-detail	https://clinicaltrials.gov/api/v2/studies/NCT04368728	https://clinicaltrials.gov/api/v2/studies/{v}	nctId
clinicaltrials-study-full-sections	https://clinicaltrials.gov/api/v2/studies/NCT04368728?fields=ProtocolSection,ResultsSection,DerivedSection,HasResults	https://clinicaltrials.gov/api/v2/studies/{v}?fields=ProtocolSection,ResultsSection,DerivedSection,HasResults	nctId
clinicaltrials-studies-by-ids	https://clinicaltrials.gov/api/v2/studies?filter.ids=NCT04368728,NCT00001372&fields=NCTId,BriefTitle,OverallStatus	https://clinicaltrials.gov/api/v2/studies/{v}	nctId
clinicaltrials-studies-with-results	https://clinicaltrials.gov/api/v2/studies?query.term=AREA%5BHasResults%5Dtrue&pageSize=10&sort=LastUpdatePostDate:desc	https://clinicaltrials.gov/api/v2/studies/{v}?fields=ProtocolSection,ResultsSection	nctId
clinicaltrials-studies-by-location-fields	https://clinicaltrials.gov/api/v2/studies?query.locn=Kyoto&pageSize=10&fields=NCTId,LocationFacility,LocationCity,LeadSponsorName	https://clinicaltrials.gov/api/v2/studies/{v}	nctId
crossref-work-detail	https://api.crossref.org/works/10.1038/nature12373	https://api.crossref.org/works/{v}	DOI
crossref-work-agency	https://api.crossref.org/works/10.1038/nature12373/agency	https://api.crossref.org/works/{v}/agency	DOI
crossref-funder-detail	https://api.crossref.org/funders/501100001691	https://api.crossref.org/funders/{v}	id
crossref-funder-works	https://api.crossref.org/funders/501100001691/works?rows=20	https://api.crossref.org/works/{v}	DOI
crossref-works-funder-filter	https://api.crossref.org/works?filter=funder:10.13039/501100001691&rows=5	https://api.crossref.org/works/{v}	DOI
crossref-member-detail	https://api.crossref.org/members/78	https://api.crossref.org/members/{v}	id
crossref-member-works	https://api.crossref.org/members/78/works?rows=10	https://api.crossref.org/works/{v}	DOI
crossref-journal-detail	https://api.crossref.org/journals/2167-8359	https://api.crossref.org/journals/{v}	ISSN
crossref-journal-works	https://api.crossref.org/journals/0028-0836/works?rows=20	https://api.crossref.org/works/{v}	DOI
crossref-prefix-detail	https://api.crossref.org/prefixes/10.1038	https://api.crossref.org/prefixes/{v}	prefix
crossref-works-by-orcid	https://api.crossref.org/works?filter=orcid:0000-0001-6187-6610&rows=10	https://api.crossref.org/works/{v}	DOI
crossref-works-has-ror	https://api.crossref.org/works?filter=has-ror-id:true&rows=5	https://api.crossref.org/works/{v}	DOI
crossref-works-select-projection	https://api.crossref.org/works?filter=has-abstract:true,has-affiliation:true&rows=5&select=DOI,author	https://api.crossref.org/works/{v}	DOI
datacite-doi-detail	https://api.datacite.org/dois/10.15468/dl.tef68s	https://api.datacite.org/dois/{v}	id
datacite-provider-detail	https://api.datacite.org/providers/acjp	https://api.datacite.org/providers/{v}	id
datacite-client-detail	https://api.datacite.org/clients/gesis.gesis	https://api.datacite.org/clients/{v}	id
datacite-dois-by-client	https://api.datacite.org/dois?client-id=gesis.gesis&page[size]=5	https://api.datacite.org/dois/{v}	id
datacite-dois-by-provider	https://api.datacite.org/dois?provider-id=acjp&page[size]=5	https://api.datacite.org/dois/{v}	id
datacite-dois-related-identifier	https://api.datacite.org/dois?query=relatedIdentifiers.relatedIdentifier:10.7717/peerj.4375&page[size]=5	https://api.datacite.org/dois/{v}	id
datacite-dois-by-orcid	https://api.datacite.org/dois?query=creators.nameIdentifiers.nameIdentifier:*0000-0001-6187-6610*&page[size]=5	https://api.datacite.org/dois/{v}	id
datacite-repositories	https://api.datacite.org/repositories?page[size]=5	https://api.datacite.org/clients/{v}	id
datacite-prefixes	https://api.datacite.org/prefixes?page[size]=5	https://api.datacite.org/prefixes/{v}	id
datacite-dois-title-query	https://api.datacite.org/dois?query=titles.title:graphene&page[size]=5&affiliation=true&publisher=true	https://api.datacite.org/dois/{v}	id
ror-org-detail-v1	https://api.ror.org/organizations/https://ror.org/02kpeqv85	https://api.ror.org/organizations/{v}	id
ror-org-detail-v2	https://api.ror.org/v2/organizations/02kpeqv85	https://api.ror.org/v2/organizations/{v}	id
ror-search-v2	https://api.ror.org/v2/organizations?query=kyoto	https://api.ror.org/v2/organizations/{v}	id
ror-filter-types-country	https://api.ror.org/organizations?filter=types:Education,country.country_code:JP	https://api.ror.org/v2/organizations/{v}	id
orcid-record-full	https://pub.orcid.org/v3.0/0000-0001-6187-6610/record	https://pub.orcid.org/v3.0/{v}/record	orcid
orcid-person	https://pub.orcid.org/v3.0/0000-0001-6187-6610/person	https://pub.orcid.org/v3.0/{v}/person	orcid
orcid-fundings	https://pub.orcid.org/v3.0/0000-0001-5109-3700/fundings	https://pub.orcid.org/v3.0/{v}/fundings	orcid
orcid-educations	https://pub.orcid.org/v3.0/0000-0001-5109-3700/educations	https://pub.orcid.org/v3.0/{v}/educations	orcid
gleif-lei-managing-lou	https://api.gleif.org/api/v1/lei-records/5493001KJTIIGC8Y1R12/managing-lou	https://api.gleif.org/api/v1/lei-records/{v}/managing-lou	lei
gleif-lei-direct-parent-relationship	https://api.gleif.org/api/v1/lei-records/5493001KJTIIGC8Y1R12/direct-parent-relationship	https://api.gleif.org/api/v1/lei-records/{v}/direct-parent-relationship	lei
gleif-lei-direct-child-relationships	https://api.gleif.org/api/v1/lei-records/7LTWFZYICNSX8D621K86/direct-child-relationships?page[size]=15	https://api.gleif.org/api/v1/lei-records/{v}/direct-child-relationships?page[size]=50	lei
gleif-lei-ultimate-children	https://api.gleif.org/api/v1/lei-records/7LTWFZYICNSX8D621K86/ultimate-children?page[size]=15	https://api.gleif.org/api/v1/lei-records/{v}/ultimate-children?page[size]=50	lei
gleif-lei-field-modifications	https://api.gleif.org/api/v1/lei-records/7LTWFZYICNSX8D621K86/field-modifications?page[size]=20	https://api.gleif.org/api/v1/lei-records/{v}/field-modifications?page[size]=100	lei
gleif-lei-filter-owns	https://api.gleif.org/api/v1/lei-records?filter[owns]=5493001KJTIIGC8Y1R12&page[size]=10	https://api.gleif.org/api/v1/lei-records/{v}	lei
gleif-lei-filter-isin	https://api.gleif.org/api/v1/lei-records?filter[isin]=US0378331005	https://api.gleif.org/api/v1/lei-records/{v}/direct-children	lei
gleif-lei-filter-fulltext	https://api.gleif.org/api/v1/lei-records?filter[fulltext]=Toyota&page[size]=10	https://api.gleif.org/api/v1/lei-records/{v}	lei
gleif-lei-filter-entity-names	https://api.gleif.org/api/v1/lei-records?filter[entity.names]=Toyota&page[size]=10	https://api.gleif.org/api/v1/lei-records/{v}	lei
gleif-fuzzycompletions	https://api.gleif.org/api/v1/fuzzycompletions?field=entity.legalName&q=Toyota	https://api.gleif.org/api/v1/lei-records/{v}	lei
gleif-autocompletions	https://api.gleif.org/api/v1/autocompletions?field=fulltext&q=Toyota	https://api.gleif.org/api/v1/lei-records/{v}	lei
gleif-lei-filter-lapsed	https://api.gleif.org/api/v1/lei-records?filter[registration.status]=LAPSED&page[size]=10	https://api.gleif.org/api/v1/lei-records/{v}	lei
gleif-lei-filter-nonconforming	https://api.gleif.org/api/v1/lei-records?filter[conformityFlag]=NON_CONFORMING&page[size]=10	https://api.gleif.org/api/v1/lei-records/{v}/direct-parent-relationship	lei
ncbi-elink-citedin	https://eutils.ncbi.nlm.nih.gov/entrez/eutils/elink.fcgi?dbfrom=pubmed&db=pubmed&linkname=pubmed_pubmed_citedin&id=29456894&retmode=json	https://eutils.ncbi.nlm.nih.gov/entrez/eutils/elink.fcgi?dbfrom=pubmed&db=pubmed&linkname=pubmed_pubmed_citedin&id={v}&retmode=json	pmid
ncbi-elink-pubmed-pmc	https://eutils.ncbi.nlm.nih.gov/entrez/eutils/elink.fcgi?dbfrom=pubmed&db=pmc&id=29456894&retmode=json	https://eutils.ncbi.nlm.nih.gov/entrez/eutils/elink.fcgi?dbfrom=pubmed&db=pmc&id={v}&retmode=json	pmid
ncbi-efetch-pubmed-xml	https://eutils.ncbi.nlm.nih.gov/entrez/eutils/efetch.fcgi?db=pubmed&id=29456894&retmode=xml	https://eutils.ncbi.nlm.nih.gov/entrez/eutils/efetch.fcgi?db=pubmed&id={v}&retmode=xml	pmid
ncbi-esummary-gene	https://eutils.ncbi.nlm.nih.gov/entrez/eutils/esummary.fcgi?db=gene&id=672&retmode=json	https://eutils.ncbi.nlm.nih.gov/entrez/eutils/esummary.fcgi?db=gene&id={v}&retmode=json	uid
pmc-oa-service	https://www.ncbi.nlm.nih.gov/pmc/utils/oa/oa.fcgi?id=PMC5815332	https://www.ncbi.nlm.nih.gov/pmc/utils/oa/oa.fcgi?id={v}	pmcid
europepmc-citations	https://www.ebi.ac.uk/europepmc/webservices/rest/MED/29456894/citations?format=json&pageSize=25	https://www.ebi.ac.uk/europepmc/webservices/rest/MED/{v}/citations?format=json&pageSize=100	pmid
europepmc-references	https://www.ebi.ac.uk/europepmc/webservices/rest/MED/29456894/references?format=json&pageSize=25	https://www.ebi.ac.uk/europepmc/webservices/rest/MED/{v}/references?format=json&pageSize=100	pmid
europepmc-core-record	https://www.ebi.ac.uk/europepmc/webservices/rest/search?query=EXT_ID:29456894&resultType=core&format=json	https://www.ebi.ac.uk/europepmc/webservices/rest/search?query=EXT_ID:{v}&resultType=core&format=json	pmid
europepmc-fulltext-xml	https://www.ebi.ac.uk/europepmc/webservices/rest/PMC5815332/fullTextXML	https://www.ebi.ac.uk/europepmc/webservices/rest/{v}/fullTextXML	pmcid
europepmc-annotations	https://www.ebi.ac.uk/europepmc/annotations_api/annotationsByArticleIds?articleIds=MED:29456894&format=JSON	https://www.ebi.ac.uk/europepmc/annotations_api/annotationsByArticleIds?articleIds=MED:{v}&format=JSON	pmid
europepmc-search-by-grant-id	https://www.ebi.ac.uk/europepmc/webservices/rest/search?query=%28GRANT_ID%3A%22MR%2FN013468%2F1%22%29&format=json	https://www.ebi.ac.uk/europepmc/webservices/rest/search?query=%28GRANT_ID%3A%22{v}%22%29&resultType=core&format=json	grantId
europepmc-search-by-grant-agency	https://www.ebi.ac.uk/europepmc/webservices/rest/search?query=GRANT_AGENCY:%22Wellcome%20Trust%22&format=json&pageSize=10	https://www.ebi.ac.uk/europepmc/webservices/rest/search?query=EXT_ID:{v}&resultType=core&format=json	pmid
opencitations-index-citations	https://api.opencitations.net/index/v2/citations/doi:10.7717/peerj.4375	https://api.opencitations.net/index/v2/citations/doi:{v}	doi
opencitations-index-references	https://api.opencitations.net/index/v2/references/doi:10.7717/peerj.4375	https://api.opencitations.net/index/v2/references/doi:{v}	doi
opencitations-citation-count	https://api.opencitations.net/index/v2/citation-count/doi:10.7717/peerj.4375	https://api.opencitations.net/index/v2/citation-count/doi:{v}	doi
opencitations-meta-doi	https://api.opencitations.net/meta/v1/metadata/doi:10.7717/peerj.4375	https://api.opencitations.net/meta/v1/metadata/doi:{v}	doi
opencitations-meta-author	https://api.opencitations.net/meta/v1/author/orcid:0000-0001-6187-6610	https://api.opencitations.net/meta/v1/author/orcid:{v}	orcid
openaire-research-products	https://api.openaire.eu/graph/v1/researchProducts?search=climate&pageSize=10	https://api.openaire.eu/graph/v1/researchProducts?pid={v}	id
openaire-research-product-by-pid	https://api.openaire.eu/graph/v1/researchProducts?pid=10.7717/peerj.4375	https://api.openaire.eu/graph/v1/researchProducts?pid={v}	doi
openaire-projects-search	https://api.openaire.eu/graph/v1/projects?search=hydrogen&pageSize=10	https://api.openaire.eu/graph/v1/projects?id={v}	id
openaire-project-by-id	https://api.openaire.eu/graph/v1/projects?id=corda__h2020::6c228bea4ee8a4ef22cd1d4fa079b63a	https://api.openaire.eu/graph/v1/projects?id={v}	id
openaire-products-by-project	https://api.openaire.eu/graph/v1/researchProducts?relProjectId=corda__h2020::6c228bea4ee8a4ef22cd1d4fa079b63a&pageSize=5	https://api.openaire.eu/graph/v1/researchProducts?relProjectId={v}&pageSize=100	id
openaire-organizations-search	https://api.openaire.eu/graph/v1/organizations?search=Kyoto&pageSize=5	https://api.openaire.eu/graph/v1/organizations?search={v}&pageSize=50	legalName
openaire-datasources-search	https://api.openaire.eu/graph/v1/dataSources?search=Zenodo&pageSize=5	https://api.openaire.eu/graph/v1/dataSources?search={v}&pageSize=50	officialName
openaire-legacy-publications-by-doi	https://api.openaire.eu/search/publications?doi=10.7717/peerj.4375&format=json	https://api.openaire.eu/search/publications?doi={v}&format=json	doi
cordis-search-projects-query	https://cordis.europa.eu/api/search/results?q=contenttype%3D%27project%27%20AND%20%27hydrogen%27&format=json&p=1&num=10	https://cordis.europa.eu/project/id/{v}	reference
cordis-search-results-query	https://cordis.europa.eu/api/search/results?q=contenttype%3D%27result%27%20AND%20%27hydrogen%27&format=json&p=1&num=5	https://cordis.europa.eu/project/id/{v}	relatedProjectReference
gtr-project-detail	https://gtr.ukri.org/gtr/api/projects/03E282E3-DFF0-4794-ADE0-00B1A7BA0ED8	https://gtr.ukri.org/gtr/api/projects/{v}	id
gtr-organisation-detail	https://gtr.ukri.org/gtr/api/organisations/6380BFC8-096F-4D6F-8151-869D08B3288F	https://gtr.ukri.org/gtr/api/organisations/{v}	id
gtr-organisations-search	https://gtr.ukri.org/gtr/api/organisations?q=oxford&s=10	https://gtr.ukri.org/gtr/api/organisations/{v}	id
gtr-persons-search	https://gtr.ukri.org/gtr/api/persons?q=smith&s=10	https://gtr.ukri.org/gtr/api/persons/{v}	id
gtr-funds	https://gtr.ukri.org/gtr/api/funds?s=10	https://gtr.ukri.org/gtr/api/funds/{v}	id
gtr-outcomes-publications	https://gtr.ukri.org/gtr/api/outcomes/publications?s=10	https://gtr.ukri.org/gtr/api/projects/{v}	id
hal-document-detail	https://api.archives-ouvertes.fr/search/?q=docid:1000000&wt=json&fl=*	https://api.archives-ouvertes.fr/search/?q=docid:{v}&wt=json&fl=*	docid
theses-fr-search	https://theses.fr/api/v1/theses/recherche/?q=graphene&nombre=10	https://theses.fr/api/v1/theses/these/{v}	id
theses-fr-these-detail	https://theses.fr/api/v1/theses/these/2023UPASP027	https://theses.fr/api/v1/theses/these/{v}	nnt
theses-fr-personne-search	https://theses.fr/api/v1/personnes/recherche/?q=dupont&nombre=10	https://theses.fr/api/v1/personnes/personne/{v}	id
theses-fr-personne-detail	https://theses.fr/api/v1/personnes/personne/113403755	https://theses.fr/api/v1/personnes/personne/{v}	id
theses-fr-in-progress	https://theses.fr/api/v1/theses/recherche/?q=*&nombre=10&filtres=%5Bstatus%3DenCours%5D	https://theses.fr/api/v1/theses/these/{v}	id
idref-id-crosswalk	https://www.idref.fr/services/idref2id/081530307	https://www.idref.fr/services/idref2id/{v}	ppn
idref-record-json	https://www.idref.fr/081530307.json	https://www.idref.fr/{v}.json	ppn
jstage-articles-by-issn	https://api.jstage.jst.go.jp/searchapi/do?service=3&issn=1347-4715&start=1&count=10	https://api.jstage.jst.go.jp/searchapi/do?service=3&issn={v}&start=1&count=100	issn
jstage-articles-text-search	https://api.jstage.jst.go.jp/searchapi/do?service=3&text=graphene&start=1&count=10	https://api.jstage.jst.go.jp/searchapi/do?service=3&text={v}&start=1&count=100	text
jstage-volumes-by-journal	https://api.jstage.jst.go.jp/searchapi/do?service=2&cdjournal=jsme1958&start=1&count=10	https://api.jstage.jst.go.jp/searchapi/do?service=2&cdjournal={v}&start=1&count=100	cdjournal
jstage-journals	https://api.jstage.jst.go.jp/searchapi/do?service=1&pubyearfrom=2024&start=1&count=10	https://api.jstage.jst.go.jp/searchapi/do?service=2&cdjournal={v}&start=1&count=100	cdjournal
cinii-crid-detail	https://cir.nii.ac.jp/crid/1390282679433021440.json	https://cir.nii.ac.jp/crid/{v}.json	crid
ndl-search-sru	https://ndlsearch.ndl.go.jp/api/sru?operation=searchRetrieve&query=title%3D%22graphene%22&maximumRecords=5&recordSchema=dcndl	https://ndlsearch.ndl.go.jp/api/sru?operation=searchRetrieve&query={v}&maximumRecords=100&recordSchema=dcndl	query
littlesis-entity-detail	https://littlesis.org/api/entities/1	https://littlesis.org/api/entities/{v}	id
littlesis-entity-connections	https://littlesis.org/api/entities/1/connections	https://littlesis.org/api/entities/{v}/connections	id
littlesis-entity-lists	https://littlesis.org/api/entities/1/lists	https://littlesis.org/api/entities/{v}/lists	id
littlesis-entity-extensions	https://littlesis.org/api/entities/1/extensions	https://littlesis.org/api/entities/{v}/extensions	id
wikidata-entitydata-json	https://www.wikidata.org/wiki/Special:EntityData/Q336264.json	https://www.wikidata.org/wiki/Special:EntityData/{v}.json	id
wikidata-wbgetclaims	https://www.wikidata.org/w/api.php?action=wbgetclaims&entity=Q336264&format=json	https://www.wikidata.org/w/api.php?action=wbgetclaims&entity={v}&format=json	id
wikidata-backlinks	https://www.wikidata.org/w/api.php?action=query&list=backlinks&bltitle=Q336264&format=json&bllimit=10	https://www.wikidata.org/wiki/Special:EntityData/{v}.json	title
semanticscholar-paper-by-doi-graph	https://api.semanticscholar.org/graph/v1/paper/DOI:10.7717/peerj.4375?fields=title,authors,references.title,citations.title	https://api.semanticscholar.org/graph/v1/paper/DOI:{v}?fields=title,abstract,authors,externalIds,references.title,references.externalIds,citations.title,citations.externalIds	doi
unpaywall-doi	https://api.unpaywall.org/v2/10.7717/peerj.4375?email=rayanchouialkessal@gmail.com	https://api.unpaywall.org/v2/{v}?email=rayanchouialkessal@gmail.com	doi
us-phl-carto-opa-properties	https://phl.carto.com/api/v2/sql?q=SELECT%20*%20FROM%20opa_properties_public%20LIMIT%205	https://phl.carto.com/api/v2/sql?q=SELECT%20*%20FROM%20assessments%20WHERE%20parcel_number=%27{v}%27	parcel_number
us-phl-carto-assessments	https://phl.carto.com/api/v2/sql?q=SELECT%20*%20FROM%20assessments%20LIMIT%205	https://phl.carto.com/api/v2/sql?q=SELECT%20*%20FROM%20assessments%20WHERE%20parcel_number=%27{v}%27	parcel_number
us-phl-carto-li-permits	https://phl.carto.com/api/v2/sql?q=SELECT%20*%20FROM%20li_permits%20LIMIT%205	https://phl.carto.com/api/v2/sql?q=SELECT%20*%20FROM%20violations%20WHERE%20opa_account_num=%27{v}%27%20LIMIT%20200	opa_account_num
us-phl-carto-violations	https://phl.carto.com/api/v2/sql?q=SELECT%20*%20FROM%20violations%20LIMIT%205	https://phl.carto.com/api/v2/sql?q=SELECT%20*%20FROM%20violations%20WHERE%20opa_account_num=%27{v}%27%20LIMIT%20200	opa_account_num
us-phl-carto-311	https://phl.carto.com/api/v2/sql?q=SELECT%20*%20FROM%20public_cases_fc%20LIMIT%205	https://phl.carto.com/api/v2/sql?q=SELECT%20*%20FROM%20public_cases_fc%20WHERE%20service_request_id={v}	service_request_id
us-ma-ocpf-reports-log	https://api.ocpf.us/reports/log	https://api.ocpf.us/report/{v}	reportId
us-ma-ocpf-report-detail	https://api.ocpf.us/report/1038377	https://api.ocpf.us/report/{v}	reportId
us-ma-ocpf-filer	https://api.ocpf.us/filer/15021	https://api.ocpf.us/filer/{v}	cpfId
us-ma-ocpf-report-list	https://api.ocpf.us/reports/reportList/15021?baseReportTypeId=2	https://api.ocpf.us/reports/reportList/{v}?baseReportTypeId=2	cpfId
us-ma-ocpf-base-report-types	https://api.ocpf.us/reports/baseReportTypes/15021	https://api.ocpf.us/reports/baseReportTypes/{v}	cpfId
us-ma-ocpf-legal-actions	https://api.ocpf.us/legal/actions	https://api.ocpf.us/filer/{v}	subjectCpfId
us-ma-ocpf-nonfilers	https://api.ocpf.us/legal/nonfilers	https://api.ocpf.us/filer/{v}	cpfId
us-ma-ocpf-barred-filers	https://api.ocpf.us/filers/barred	https://api.ocpf.us/filer/{v}	cpfId
us-ma-ocpf-municipalities	https://api.ocpf.us/municipalities	https://api.ocpf.us/filer/{v}	cpfId
us-ma-ocpf-iepacs	https://api.ocpf.us/miscreports/iepacs/reports/2026	https://api.ocpf.us/report/{v}	reportId
us-lacounty-assessor-search	https://portal.assessor.lacounty.gov/api/search?search=1234%20main	https://portal.assessor.lacounty.gov/api/parceldetail?ain={v}	AIN
us-lacounty-assessor-parceldetail	https://portal.assessor.lacounty.gov/api/parceldetail?ain=2516018019	https://portal.assessor.lacounty.gov/api/parceldetail?ain={v}	AIN
us-lacounty-assessor-ownership-history	https://portal.assessor.lacounty.gov/api/parcel_ownershiphistory?ain=2516018019	https://portal.assessor.lacounty.gov/api/parcel_ownershiphistory?ain={v}	AIN
us-lacounty-assessor-assessment-history	https://portal.assessor.lacounty.gov/api/parcel_assessmenthistory?ain=2516018019	https://portal.assessor.lacounty.gov/api/parcel_assessmenthistory?ain={v}	AIN
us-lacounty-assessor-parcel-change	https://portal.assessor.lacounty.gov/api/parcel_parcelchange?ain=2516018019	https://portal.assessor.lacounty.gov/api/parcel_parcelchange?ain={v}	AIN
us-nyc-justfix-wow-portfolio	https://api.justfix.org/api/address?block=02472&lot=0001&borough=2	https://api.justfix.org/api/address/buildinginfo?bbl={v}	bbl
us-nyc-justfix-wow-buildinginfo	https://api.justfix.org/api/address/buildinginfo?bbl=3016200001	https://api.justfix.org/api/address/buildinginfo?bbl={v}	bbl
us-nyc-justfix-wow-indicatorhistory	https://api.justfix.org/api/address/indicatorhistory?bbl=2024720001	https://api.justfix.org/api/address/indicatorhistory?bbl={v}	bbl
us-nyc-justfix-wow-aggregate	https://api.justfix.org/api/address/aggregate?bbl=3016200001	https://api.justfix.org/api/address/aggregate?bbl={v}	bbl
us-nyc-geosearch-search	https://geosearch.planninglabs.nyc/v2/search?text=1000%20Grand%20Concourse%20Bronx	https://api.justfix.org/api/address/buildinginfo?bbl={v}	addendum.pad.bbl
us-dc-citizenatlas-findlocation	https://citizenatlas.dc.gov/newwebservices/locationverifier.asmx/findLocation2?str=1600+Pennsylvania+Ave+NW&f=json	https://citizenatlas.dc.gov/newwebservices/locationverifier.asmx/findSSLFromAID2?AID={v}&f=json	ADDRESS_ID
us-dc-citizenatlas-ssl-from-aid	https://citizenatlas.dc.gov/newwebservices/locationverifier.asmx/findSSLFromAID2?AID=293211&f=json	https://citizenatlas.dc.gov/newwebservices/locationverifier.asmx/findAddFromSSL2?Square={v}&Lot=0800&Suffix=S&f=json	SQUARE
us-dc-citizenatlas-addr-from-ssl	https://citizenatlas.dc.gov/newwebservices/locationverifier.asmx/findAddFromSSL2?Square=0187&Lot=0800&Suffix=S&f=json	https://citizenatlas.dc.gov/newwebservices/locationverifier.asmx/findLocation2?str={v}&f=json	FULLADDRESS
us-ca-dcc-cannabis-search	https://as-dcc-pub-cann-w-p-002.azurewebsites.net/licenses/filteredSearch?searchQuery=green&pageSize=50&pageNumber=1	https://as-dcc-pub-cann-w-p-002.azurewebsites.net/licenses/{v}	id
us-ca-dcc-cannabis-detail	https://as-dcc-pub-cann-w-p-002.azurewebsites.net/licenses/16186	https://as-dcc-pub-cann-w-p-002.azurewebsites.net/licenses/{v}	id
us-sf-311-open311-requests	https://mobile311.sfgov.org/open311/v2/requests.json?page_size=5	https://mobile311.sfgov.org/open311/v2/requests/{v}.json	service_request_id
us-sf-311-open311-request-detail	https://mobile311.sfgov.org/open311/v2/requests/101004634285.json	https://mobile311.sfgov.org/open311/v2/requests/{v}.json	service_request_id
us-sf-311-open311-services	https://mobile311.sfgov.org/open311/v2/services.json	https://mobile311.sfgov.org/open311/v2/requests.json?service_code={v}	service_code
us-brookline-311-open311-requests	https://spot.brooklinema.gov/open311/v2/requests.json	https://spot.brooklinema.gov/open311/v2/requests/{v}.json	service_request_id
us-brookline-311-open311-request-detail	https://spot.brooklinema.gov/open311/v2/requests/SR-138499.json	https://spot.brooklinema.gov/open311/v2/requests/{v}.json	service_request_id
us-austin-apd-crime-arcgis	https://maps.austintexas.gov/arcgis/rest/services/CrimeViewer_new/APD_Reported_Crimes_new/FeatureServer/0/query?where=1%3D1&outFields=*&resultRecordCount=2&f=json	https://maps.austintexas.gov/arcgis/rest/services/CrimeViewer_new/APD_Reported_Crimes_new/FeatureServer/0/query?objectIds={v}&outFields=*&f=json	OBJECTID
us-legistar-seattle-matters	https://webapi.legistar.com/v1/seattle/matters?$top=50	https://webapi.legistar.com/v1/seattle/matters/{v}	MatterId
us-lacounty-arcgis-services	https://public.gis.lacounty.gov/public/rest/services?f=json	https://public.gis.lacounty.gov/public/rest/services/{v}?f=json	folders
us-kingcounty-arcgis-services	https://gismaps.kingcounty.gov/arcgis/rest/services?f=json	https://gismaps.kingcounty.gov/arcgis/rest/services/{v}?f=json	folders
us-miamidade-arcgis-services	https://gisweb.miamidade.gov/arcgis/rest/services?f=json	https://gisweb.miamidade.gov/arcgis/rest/services/{v}?f=json	folders
us-austin-arcgis-services	https://maps.austintexas.gov/arcgis/rest/services?f=json	https://maps.austintexas.gov/arcgis/rest/services/{v}?f=json	folders
us-tceq-arcgis-services	https://gisweb.tceq.texas.gov/arcgis/rest/services?f=json	https://gisweb.tceq.texas.gov/arcgis/rest/services/{v}?f=json	folders
