# id	url	reason  (rejected 2026-10-05 before any probe, on dedupe against the 18,457-id tree)
FR_DATAGOUV_DATASETS	https://www.data.gouv.fr/api/1/datasets/?page=1&page_size=100	duplicate: an existing scheduled row already fetches this listing with the same non-paging parameters — vsrc15_fr_opendata_5.c :: https://www.data.gouv.fr/api/1/datasets/?page_size=100
FR_DATAGOUV_ORGS	https://www.data.gouv.fr/api/1/organizations/?page=1&page_size=100	duplicate: an existing scheduled row already fetches this listing with the same non-paging parameters — vsrc14_fr_government_1.c :: https://www.data.gouv.fr/api/1/organizations/?page_size=100
FR_ODS_ECONOMIE	https://data.economie.gouv.fr/api/explore/v2.1/catalog/datasets?limit=100&offset=0	duplicate: an existing scheduled row already fetches this unfiltered listing; it differs only by order_by/field selection — vsrc13_europe_data_3.c
FR_ODS_PARIS	https://opendata.paris.fr/api/explore/v2.1/catalog/datasets?limit=100&offset=0	duplicate: an existing scheduled row already fetches this unfiltered listing; it differs only by order_by/field selection — vsrc13_europe_data_4.c
FR_ODS_IDFM	https://data.iledefrance-mobilites.fr/api/explore/v2.1/catalog/datasets?limit=100&offset=0	duplicate: an existing scheduled row already fetches this unfiltered listing; it differs only by order_by/field selection — vsrc14_fr_opendata_1.c
FR_ODS_SNCF	https://ressources.data.sncf.com/api/explore/v2.1/catalog/datasets?limit=100&offset=0	duplicate: an existing scheduled row already fetches this unfiltered listing; it differs only by order_by/field selection — vsrc14_fr_opendata_1.c
FR_ODS_NANTES	https://data.nantesmetropole.fr/api/explore/v2.1/catalog/datasets?limit=100&offset=0	duplicate: an existing scheduled row already fetches this unfiltered listing; it differs only by order_by/field selection — vsrc13_europe_data_4.c; vsrc15_fr_opendata_3.c
FR_ODS_RENNES	https://data.rennesmetropole.fr/api/explore/v2.1/catalog/datasets?limit=100&offset=0	duplicate: an existing scheduled row already fetches this unfiltered listing; it differs only by order_by/field selection — od_ods_fr_rennes.c; vsrc13_europe_data_4.c; vsrc15_fr_opendata_3.c; vsrc15_fr_opendata_4.c
FR_ODS_TOULOUSE	https://data.toulouse-metropole.fr/api/explore/v2.1/catalog/datasets?limit=100&offset=0	duplicate: an existing scheduled row already fetches this unfiltered listing; it differs only by order_by/field selection — od_ods_fr_toulouse.c; vsrc13_europe_data_5.c; vsrc15_fr_opendata_4.c
FR_ODS_BORDEAUX	https://opendata.bordeaux-metropole.fr/api/explore/v2.1/catalog/datasets?limit=100&offset=0	duplicate: an existing scheduled row already fetches this unfiltered listing; it differs only by order_by/field selection — vsrc13_europe_data_2.c; vsrc15_fr_opendata_4.c; vsrc15_fr_opendata_5.c
FR_ODS_ANGERS	https://data.angers.fr/api/explore/v2.1/catalog/datasets?limit=100&offset=0	duplicate: an existing scheduled row already fetches this unfiltered listing; it differs only by order_by/field selection — vsrc13_europe_data_2.c; vsrc15_fr_opendata_1.c
FR_ODS_STRASBOURG	https://data.strasbourg.eu/api/explore/v2.1/catalog/datasets?limit=100&offset=0	duplicate: an existing scheduled row already fetches this unfiltered listing; it differs only by order_by/field selection — vsrc13_europe_data_5.c
FR_ODS_OCCITANIE	https://data.laregion.fr/api/explore/v2.1/catalog/datasets?limit=100&offset=0	duplicate: an existing scheduled row already fetches this unfiltered listing; it differs only by order_by/field selection — vsrc13_europe_data_3.c; vsrc15_fr_opendata_3.c
FR_ODS_BRETAGNE	https://data.bretagne.bzh/api/explore/v2.1/catalog/datasets?limit=100&offset=0	duplicate: an existing scheduled row already fetches this unfiltered listing; it differs only by order_by/field selection — vsrc13_europe_data_2.c
FR_ODS_ISSY	https://data.issy.com/api/explore/v2.1/catalog/datasets?limit=100&offset=0	duplicate: an existing scheduled row already fetches this unfiltered listing; it differs only by order_by/field selection — vsrc13_europe_data_3.c
FR_GEOAPI_COMMUNES	https://geo.api.gouv.fr/communes?fields=nom,code,codeDepartement,population&format=json	duplicate: an existing scheduled row already fetches this unfiltered listing; it differs only by order_by/field selection — vsrc13_europe_env_1.c; vsrc14_fr_prefectural_1.c; vsrc14_fr_prefectural_2.c
FR_ODS_EDUCATION	https://data.education.gouv.fr/api/explore/v2.1/catalog/datasets?limit=100&offset=0	duplicate: an existing scheduled row already fetches this unfiltered listing; it differs only by order_by/field selection — vsrc14_fr_opendata_1.c
FR_ODS_ESR	https://data.enseignementsup-recherche.gouv.fr/api/explore/v2.1/catalog/datasets?limit=100&offset=0	duplicate: an existing scheduled row already fetches this unfiltered listing; it differs only by order_by/field selection — vsrc14_fr_opendata_1.c
FR_ODS_AIXMARSEILLE	https://data.ampmetropole.fr/api/explore/v2.1/catalog/datasets?limit=100&offset=0	duplicate: an existing scheduled row already fetches this unfiltered listing; it differs only by order_by/field selection — vsrc13_europe_data_2.c; vsrc15_fr_opendata_1.c
FR_ODS_RESEAUX_ENERGIES	https://opendata.reseaux-energies.fr/api/explore/v2.1/catalog/datasets?limit=100&offset=0	duplicate: merged on main by batch 36 (PR #35) after this set was deduped — hp3b36_france.c :: FR_ODS_OPENDATA_RESEAU https://opendata.reseaux-energies.fr/api/explore/v2.1/catalog/datasets (same catalogue; differs only in limit/order_by, and that row already walks offset)  (rejected 2026-10-06)
