JO30_LIB_NDL_OPENSEARCH_BOOKS_NDC0_9	https://ndlsearch.ndl.go.jp/api/opensearch?dpid=iss-ndl-opac&mediatype=books&ndc=3&from=2026-01-01&cnt=500	OpenSearch answers at most 500 records per query: idx=401&cnt=200 returned 100 items and idx=501 returned 0 (totalResults reported 10,143). With a fixed from-date the row would be a static 500-record view that never changes, not a feed. NDL coverage kept on OAI-PMH, which follows resumptionToken to the end.
JO30_LIB_NDL_OPENSEARCH_PERIODICALS	https://ndlsearch.ndl.go.jp/api/opensearch?dpid=iss-ndl-opac&mediatype=periodicals&from=2026-01-01&cnt=500	same 500-record window (117,660 matching records, idx=501 -> 0 items); dpgroupid is ignored by the server (every value returned the unfiltered 50,345)
JO30_LIB_NDL_OPENSEARCH_NEWSPAPERS	https://ndlsearch.ndl.go.jp/api/opensearch?dpid=iss-ndl-opac&mediatype=newspapers&from=2026-01-01&cnt=500	same 500-record window (25,666 matching)
JO30_LIB_NDL_OPENSEARCH_DIGITAL	https://ndlsearch.ndl.go.jp/api/opensearch?dpid=iss-ndl-opac&mediatype=digital&from=2026-01-01&cnt=500	same 500-record window (15,752 matching)
JO30_LIB_NDL_OPENSEARCH_NATIONAL_BOOKS	https://ndlsearch.ndl.go.jp/api/opensearch?dpid=iss-ndl-opac-national&mediatype=books&ndc=3&from=2026-01-01&cnt=500	same 500-record window; also every ndc=N count was byte-identical to dpid=iss-ndl-opac (10,143 for ndc=3), i.e. the same records twice
JO30_LIB_NDL_OPENSEARCH_NDL_DL	https://ndlsearch.ndl.go.jp/api/opensearch?dpid=ndl-dl&from=2026-01-01&cnt=500	same 500-record window (4,951 matching); the same records are reached exhaustively by the OAI-PMH A-set rows
JO30_LIB_NDL_OPENSEARCH_DOCTORAL	https://ndlsearch.ndl.go.jp/api/opensearch?mediatype=doctoral&from=2026-01-01&cnt=500	same 500-record window (5,272 matching; idx=501 -> 0); covered exhaustively by OAI-PMH set A00014
JO30_LIB_NDL_SRU_BOOKS	https://ndlsearch.ndl.go.jp/api/sru?operation=searchRetrieve&query=dpid%3Diss-ndl-opac%20AND%20mediatype%3D1%20AND%20from%3D2026-09-01&maximumRecords=500&recordSchema=dcndl&startRecord=501	SRU rejects startRecord=501 with diagnostic 'illegal startRecord value' (same 500 window as OpenSearch); mediatype=1 rejected as 'illegal mediaType value'; then rate-limited (Too Many Requests/同時アクセス数の上限)
JO30_LIB_NDL_OPENSEARCH_KIDS	https://ndlsearch.ndl.go.jp/api/opensearch?dpid=iss-ndl-opac-kids&cnt=1&from=2026-09-01	totalResults 0
JO30_LIB_NDL_OPENSEARCH_DNAVI	https://ndlsearch.ndl.go.jp/api/opensearch?dpid=dnavi&cnt=1&from=2026-09-01	totalResults 0 (also jdcat, warp, crd, rnavi, jpsearch as dpid -> 0)
JO30_LIB_NDL_OAI_A00006	https://ndlsearch.ndl.go.jp/api/oaipmh?verb=ListRecords&metadataPrefix=oai_dc&set=A00006&from=2025-01-01	noRecordsMatch (also A00007, A00027, A00028, A00029, A00078 重要文化財/洋古書/NDL sub-sets/児童書)
JO30_LIB_NDL_OAI_B00007	https://ndlsearch.ndl.go.jp/api/oaipmh?verb=ListRecords&metadataPrefix=oai_dc&set=B00007&from=2025-01-01	noRecordsMatch (also B00145, B00157, B00165, B00176, B00177)
JO30_LIB_NDL_OAI_A00000	https://ndlsearch.ndl.go.jp/api/oaipmh?verb=ListRecords&metadataPrefix=oai_dc&set=A00000&from=2025-01-01	823,485 records but it is the parent of every A-set; registering it beside the typed children would fetch each record twice. Children A00001/2/3/14/15/16/17/22/24 registered instead.
JO30_LIB_NDL_OAI_A00031	https://ndlsearch.ndl.go.jp/api/oaipmh?verb=ListRecords&metadataPrefix=oai_dc&set=A00031&from=2025-01-01	records carry setSpec A00001 too — child of the registered 図書 set (also A00026, A00019 child of A00002, A00004/A00005/A00008 children of A00003, A00018/A00020 children of A00016)
JO30_LIB_NDL_OAI_B00040	https://ndlsearch.ndl.go.jp/api/oaipmh?verb=ListRecords&metadataPrefix=oai_dc&set=B00040&from=2025-01-01	市町村: records carry B00027 地方公共団体, which is already registered (JPN_NDL_OAIPMH_ONLINE_PUB_B00027); same for B00028 都道府県, B00039/B00048-B00141 per-prefecture sets, B00174/B00175 特別地方公共団体
JO30_LIB_NDL_OAI_B00155	https://ndlsearch.ndl.go.jp/api/oaipmh?verb=ListRecords&metadataPrefix=oai_dc&set=B00155&from=2025-01-01	国税庁: records carry B00017 財務省, already registered; the same nesting covers B00142 (under B00005), B00144/B00147 (under B00013), B00146, B00148-B00153, B00156, B00158-B00164, B00166-B00173 (under their ministry sets B00011-B00024)
JO30_LIB_NDL_OAI_B00031	https://ndlsearch.ndl.go.jp/api/oaipmh?verb=ListRecords&metadataPrefix=oai_dc&set=B00031&from=2025-01-01	child of B00030 学術機関 (registered in this beat); B00032/B00041/B00042/B00043 likewise sum exactly to B00030
JO30_LIB_JPS_FUKUI_PERDB	https://jpsearch.go.jp/api/item/search/fukui?size=100&from=0	per-database item endpoint returns {"title":"permission-denied","detail":"fukui"} without an API key; the jps-cross endpoint with f-db= is used instead
JO30_LIB_JPS_DIGNL	https://jpsearch.go.jp/api/item/search/jps-cross?keyword=&f-db=dignl&size=500&from=0	国立国会図書館デジタルコレクション (5,038,003) is reached exhaustively through the OAI-PMH A-set rows; the jps-cross window is 2,000 records
JO30_LIB_JPS_BIBNL	https://jpsearch.go.jp/api/item/search/jps-cross?keyword=&f-db=bibnl&size=500&from=0	全国書誌 (6,842,166) — a 2,000-record window of the national bibliography is not a usable view of it; not added
JO30_LIB_JPS_SPARQL	https://jpsearch.go.jp/rdf/sparql/	SPARQL OFFSET lives inside the query text, which the engine's page_param/next_path cannot advance; not pageable as a row
JO30_LIB_ADEAC_SAPPORO_CATALOG	https://adeac.jp/sapporo-lib/catalog-list	ADEAC exposes no API/RSS/JSON: catalog-list is an ASP.NET page paged by javascript __doPostBack, /sapporo-lib/catalog answers 404; ADEAC content is taken through Japan Search f-db=adeac (280,605 records) instead
JO30_LIB_CALIL_CHECK	https://api.calil.jp/check?appkey=&isbn=4334926940&format=json	the holdings/check endpoint needs an appkey; the library endpoint does not and is registered
JO30_LIB_WINJ_SENDAI	https://lib-opac.smt.city.sendai.jp/winj/rss/pc/newly_1.rss	404 (best-reader_1 also 404); winj RSS is not enabled on this host
JO30_LIB_WINJ_TOCHIGI	https://kensaku.lib.pref.tochigi.lg.jp/winj/rss/pc/newly_1.rss	connection failed (curl 000)
JO30_LIB_WINJ_MIYAZAKI	http://www.lib.pref.miyazaki.lg.jp/winj/rss/pc/newly_1.rss	404
JO30_LIB_WINJ_TOTTORI	http://www.library.pref.tottori.jp/winj/rss/pc/newly_1.rss	404
JO30_LIB_WINJ_OITA	https://library.pref.oita.jp/winj/rss/pc/newly_1.rss	404
JO30_LIB_WINJ_YAMAGATA	https://opac.lib.pref.yamagata.jp/winj/rss/pc/newly_1.rss	404
JO30_LIB_WINJ_FUKUSHIMA	https://opac.library.fcs.ed.jp/winj/rss/pc/newly_1.rss	connection failed (curl 000)
JO30_LIB_WINJ_NIIGATA_CITY	https://opac.niigatacitylib.jp/winj/rss/pc/newly_1.rss	404
JO30_LIB_WINJ_NIIGATA_PREF	https://opac.pref-lib.niigata.niigata.jp/winj/rss/pc/newly_1.rss	404
JO30_LIB_WINJ_TOKYO_METRO	https://catalog.library.metro.tokyo.lg.jp/winj/rss/pc/newly_1.rss	404 (best-reader_1 also 404)
JO30_LIB_WINJ_YOKOHAMA_NEWLY	https://opac.lib.city.yokohama.lg.jp/winj/rss/pc/newly_1.rss	404 for newly_1..4 (only the best-reader/best-reservation feeds exist on this host and are registered)
JO30_LIB_WINJ_TOKUSHIMA_BEST	https://alislibopac.bunmori.tokushima.jp/winj/rss/pc/best-reader_1.rss	404 (best-reader_2, best-reservation_1/2 also 404)
JO30_LIB_HIROSHIMA_CITY_NEWLY_101	https://www.library.city.hiroshima.jp/winj/rss/pc/newly_101.rss	NDC sub-category feeds (newly_101..112, 221..223, 331..332) are subsets of the registered newly_1..4 feeds (same bibid links); registering both would store every arrival twice
JO30_LIB_HIROSHIMA_CITY_BEST_RESERVATION_NOW	https://www.library.city.hiroshima.jp/winj/rss/pc/best-reservation-now_1.rss	one-item ranking that re-ranks the same current reservations as best-reservation_1; best-reader_2/3 and best-reservation_2 likewise omitted as lower-value duplicates of the category-1 rankings
JO30_LIB_OSAKA_CITY_EVENT_NEWS	https://www.oml.city.osaka.lg.jp/rss_event_news.xml	repeats rss_event.xml item-for-item (same first item and pubDate)
JO30_LIB_OSAKA_CITY_NEW_ARRIVALS	https://www.oml.city.osaka.lg.jp/licsxp-opac/WOpacMsgNewMenuDispAction.do	the LiCS-Re new-arrivals menu is HTML with no RSS link (page grepped for rss/xml/feed: none); the only OML new-arrivals RSS found is a third-party GitHub Pages rebuild, not the library
JO30_LIB_TAKASAKI_RSS10_N1	https://lib.city.takasaki.gunma.jp/rss/rss10-n1.xml	same 4 items as rss10.xml (registered)
JO30_LIB_NARA_PREF_GALLERY	https://www.library.pref.nara.jp/gallery_block/feed	HTTP 500
JO30_LIB_CURRENT_NDL_FEED	https://current.ndl.go.jp/feed	1,077 bytes, 0 items
JO30_LIB_JOSAI_SOKUHOU	https://libopac.josai.ac.jp/search/journal/sokuhou/sokuhou-rss.html	page only links the retired opac.ndl.go.jp/rss/000000095416.xml journal feed, not a Josai feed
JO30_LIB_SAPPORO_CITY_KOHO_RSS	https://www.city.sapporo.jp/koho/hp/rss/index.html	city-wide public-relations RSS index, not a library feed; www.library.city.sapporo.jp answers 403
JO30_LIB_PREF_LIBRARY_NO_FEED	https://www.library.pref.gifu.lg.jp/	home pages fetched and grepped for rss/atom/feed links with none found: gifu, hyogo, iwate, kagoshima, mie, shimane, tottori, okinawa, gunma, miyagi, ishikawa, ibaraki, saitama, fukuoka, kanagawa, nagano (knowledge), aomori, oita, saga, ehime, toyama, tochigi, okayama, shiga, fukui, wakayama, nagasaki-lmc, yamagata; city libraries nagoya, kyoto, sendai, kumamoto, kawasaki, chiba, hamamatsu, sakai, kobe, okayama, kitakyushu, shizuoka, niigata, toshima
JO30_LIB_ADEAC_ORG_LIST	https://adeac.jp/organization/all	HTML directory of 191 institutions; no machine-readable listing and each institution page is javascript-paged (see ADEAC reject above)
JO30_LIB_JPS_API_DOC	https://jpsearch.go.jp/static/api/	403 for both WebFetch and curl (documentation only; parameters were established by measurement: f-db honoured, size=500 accepted, hit=0 for from>=1950, sort ignored)
