id	url	kind	items	name	name_ja	collector	category	lang	tags	interval	description	_verdict	_note
us-data-boston-gov-org-boston-centers-for-youth-families-org	https://data.boston.gov/api/3/action/package_search?fq=organization:boston-centers-for-youth-families-org&rows=100	json:result.results		Analyze Boston — org-boston-centers-for-youth-families-org (United States)		us_opendata	opendata	en	us,ckan,opendata,org-boston-centers-for-youth-families-org	86400	Everything published by Boston Centers for Youth & Families on this portal: every dataset with its resources, licence, tags and last-modified date. Served by the CKAN platform at data.boston.gov.	EMPTY_RESULTSET	{"help": "https://data.boston.gov/api/3/action/help_show?name=package_search", "success": true, "res
us-data-boston-gov-org-boston-ems-org	https://data.boston.gov/api/3/action/package_search?fq=organization:boston-ems-org&rows=100	json:result.results		Analyze Boston — org-boston-ems-org (United States)		us_opendata	opendata	en	us,ckan,opendata,org-boston-ems-org	86400	Everything published by Boston Emergency Medical Services on this portal: every dataset with its resources, licence, tags and last-modified date. Served by the CKAN platform at data.boston.gov.	EMPTY_RESULTSET	{"help": "https://data.boston.gov/api/3/action/help_show?name=package_search", "success": true, "res
us-data-boston-gov-org-election-department-org	https://data.boston.gov/api/3/action/package_search?fq=organization:election-department-org&rows=100	json:result.results		Analyze Boston — org-election-department-org (United States)		us_opendata	opendata	en	us,ckan,opendata,org-election-department-org	86400	Everything published by Election Department on this portal: every dataset with its resources, licence, tags and last-modified date. Served by the CKAN platform at data.boston.gov.	EMPTY_RESULTSET	{"help": "https://data.boston.gov/api/3/action/help_show?name=package_search", "success": true, "res
us-data-boston-gov-org-fair-housing-and-equity-org	https://data.boston.gov/api/3/action/package_search?fq=organization:fair-housing-and-equity-org&rows=100	json:result.results		Analyze Boston — org-fair-housing-and-equity-org (United States)		us_opendata	opendata	en	us,ckan,opendata,org-fair-housing-and-equity-org	86400	Everything published by Fair Housing and Equity on this portal: every dataset with its resources, licence, tags and last-modified date. Served by the CKAN platform at data.boston.gov.	EMPTY_RESULTSET	{"help": "https://data.boston.gov/api/3/action/help_show?name=package_search", "success": true, "res
us-data-boston-gov-org-intergovernmental-relations-org	https://data.boston.gov/api/3/action/package_search?fq=organization:intergovernmental-relations-org&rows=100	json:result.results		Analyze Boston — org-intergovernmental-relations-org (United States)		us_opendata	opendata	en	us,ckan,opendata,org-intergovernmental-relations-org	86400	Everything published by Intergovernmental Relations on this portal: every dataset with its resources, licence, tags and last-modified date. Served by the CKAN platform at data.boston.gov.	EMPTY_RESULTSET	{"help": "https://data.boston.gov/api/3/action/help_show?name=package_search", "success": true, "res
us-data-boston-gov-org-mayor-s-office-org	https://data.boston.gov/api/3/action/package_search?fq=organization:mayor-s-office-org&rows=100	json:result.results		Analyze Boston — org-mayor-s-office-org (United States)		us_opendata	opendata	en	us,ckan,opendata,org-mayor-s-office-org	86400	Everything published by Mayor's Office on this portal: every dataset with its resources, licence, tags and last-modified date. Served by the CKAN platform at data.boston.gov.	EMPTY_RESULTSET	{"help": "https://data.boston.gov/api/3/action/help_show?name=package_search", "success": true, "res
us-data-boston-gov-org-mayor-s-office-for-immigrant-advancement	https://data.boston.gov/api/3/action/package_search?fq=organization:mayor-s-office-for-immigrant-advancement-org&rows=100	json:result.results		Analyze Boston — org-mayor-s-office-for-immigrant-advancement (United States)		us_opendata	opendata	en	us,ckan,opendata,org-mayor-s-office-for-immigrant-advancement	86400	Everything published by Mayor's Office for Immigrant Advancement on this portal: every dataset with its resources, licence, tags and last-modified date. Served by the CKAN platform at data.boston.gov.	EMPTY_RESULTSET	{"help": "https://data.boston.gov/api/3/action/help_show?name=package_search", "success": true, "res
us-data-boston-gov-org-mayor-s-office-of-emergency-management-s	https://data.boston.gov/api/3/action/package_search?fq=organization:mayor-s-office-of-emergency-management-services-org&rows=100	json:result.results		Analyze Boston — org-mayor-s-office-of-emergency-management-s (United States)		us_opendata	opendata	en	us,ckan,opendata,org-mayor-s-office-of-emergency-management-s	86400	Everything published by Mayor's Office of Emergency Management Services on this portal: every dataset with its resources, licence, tags and last-modified date. Served by the CKAN platform at data.boston.gov.	EMPTY_RESULTSET	{"help": "https://data.boston.gov/api/3/action/help_show?name=package_search", "success": true, "res
us-data-boston-gov-org-neighborhood-services-org	https://data.boston.gov/api/3/action/package_search?fq=organization:neighborhood-services-org&rows=100	json:result.results		Analyze Boston — org-neighborhood-services-org (United States)		us_opendata	opendata	en	us,ckan,opendata,org-neighborhood-services-org	86400	Everything published by Neighborhood Services on this portal: every dataset with its resources, licence, tags and last-modified date. Served by the CKAN platform at data.boston.gov.	EMPTY_RESULTSET	{"help": "https://data.boston.gov/api/3/action/help_show?name=package_search", "success": true, "res
us-data-boston-gov-org-office-of-arts-culture-org	https://data.boston.gov/api/3/action/package_search?fq=organization:office-of-arts-culture-org&rows=100	json:result.results		Analyze Boston — org-office-of-arts-culture-org (United States)		us_opendata	opendata	en	us,ckan,opendata,org-office-of-arts-culture-org	86400	Everything published by Office of Arts & Culture on this portal: every dataset with its resources, licence, tags and last-modified date. Served by the CKAN platform at data.boston.gov.	EMPTY_RESULTSET	{"help": "https://data.boston.gov/api/3/action/help_show?name=package_search", "success": true, "res
es-opendata-aragon-es-activity	https://opendata.aragon.es/api/3/action/recently_changed_packages_activity_list?limit=100	json:result		Aragón Open Data — activity (Spain)		es_opendata	opendata	es	es,ckan,opendata,activity	86400	Recent publish/update activity — what this authority changed and when, which is the change-detection signal behind the catalogue. Served by the CKAN platform at opendata.aragon.es.	HTTP_ERR	BAD REQUEST
es-opendata-aragon-es-org-direccion-general-personal	https://opendata.aragon.es/api/3/action/package_search?fq=organization:direccion-general-personal&rows=100	json:result.results		Aragón Open Data — org-direccion-general-personal (Spain)		es_opendata	opendata	es	es,ckan,opendata,org-direccion-general-personal	86400	Everything published by Dirección General de Personal on this portal: every dataset with its resources, licence, tags and last-modified date. Served by the CKAN platform at opendata.aragon.es.	EMPTY_RESULTSET	{"help": "https://opendata.aragon.es/aod/api/3/action/help_show?name=package_search", "success": tru
it-opendata-comune-bari-it-orgs	https://opendata.comune.bari.it/api/3/action/organization_list?all_fields=true	json:result		Bari Open Data — orgs (Italy)		it_opendata	opendata	it	it,ckan,opendata,orgs	86400	Every publishing organisation on the portal with its title, description, package count and image. Served by the CKAN platform at opendata.comune.bari.it.	HTTP_ERR	Internal Server Error
it-dati-comune-milano-it-orgs	https://dati.comune.milano.it/api/3/action/organization_list?all_fields=true	json:result		City of Milan Open Data — orgs (Italy)		it_opendata	opendata	it	it,ckan,opendata,orgs	86400	Every publishing organisation on the portal with its title, description, package count and image. Served by the CKAN platform at dati.comune.milano.it.	HTTP_ERR	INTERNAL SERVER ERROR
us-data-sanjoseca-gov-org-airport	https://data.sanjoseca.gov/api/3/action/package_search?fq=organization:airport&rows=100	json:result.results		City of San Jose — org-airport (United States)		us_opendata	opendata	en	us,ckan,opendata,org-airport	86400	Everything published by Airport on this portal: every dataset with its resources, licence, tags and last-modified date. Served by the CKAN platform at data.sanjoseca.gov.	EMPTY_RESULTSET	{"help": "https://data.sanjoseca.gov/api/3/action/help_show?name=package_search", "success": true, "
us-data-sanjoseca-gov-org-city-auditors	https://data.sanjoseca.gov/api/3/action/package_search?fq=organization:city-auditors&rows=100	json:result.results		City of San Jose — org-city-auditors (United States)		us_opendata	opendata	en	us,ckan,opendata,org-city-auditors	86400	Everything published by City Auditors on this portal: every dataset with its resources, licence, tags and last-modified date. Served by the CKAN platform at data.sanjoseca.gov.	EMPTY_RESULTSET	{"help": "https://data.sanjoseca.gov/api/3/action/help_show?name=package_search", "success": true, "
us-data-sanjoseca-gov-org-city-manager-s-office	https://data.sanjoseca.gov/api/3/action/package_search?fq=organization:city-manager-s-office&rows=100	json:result.results		City of San Jose — org-city-manager-s-office (United States)		us_opendata	opendata	en	us,ckan,opendata,org-city-manager-s-office	86400	Everything published by City Manager's Office on this portal: every dataset with its resources, licence, tags and last-modified date. Served by the CKAN platform at data.sanjoseca.gov.	EMPTY_RESULTSET	{"help": "https://data.sanjoseca.gov/api/3/action/help_show?name=package_search", "success": true, "
us-data-sanjoseca-gov-org-economic-development	https://data.sanjoseca.gov/api/3/action/package_search?fq=organization:economic-development&rows=100	json:result.results		City of San Jose — org-economic-development (United States)		us_opendata	opendata	en	us,ckan,opendata,org-economic-development	86400	Everything published by Economic Development on this portal: every dataset with its resources, licence, tags and last-modified date. Served by the CKAN platform at data.sanjoseca.gov.	EMPTY_RESULTSET	{"help": "https://data.sanjoseca.gov/api/3/action/help_show?name=package_search", "success": true, "
us-data-sanjoseca-gov-org-environmental-services	https://data.sanjoseca.gov/api/3/action/package_search?fq=organization:environmental-services&rows=100	json:result.results		City of San Jose — org-environmental-services (United States)		us_opendata	opendata	en	us,ckan,opendata,org-environmental-services	86400	Everything published by Environmental Services on this portal: every dataset with its resources, licence, tags and last-modified date. Served by the CKAN platform at data.sanjoseca.gov.	EMPTY_RESULTSET	{"help": "https://data.sanjoseca.gov/api/3/action/help_show?name=package_search", "success": true, "
us-data-sanjoseca-gov-org-housing	https://data.sanjoseca.gov/api/3/action/package_search?fq=organization:housing&rows=100	json:result.results		City of San Jose — org-housing (United States)		us_opendata	opendata	en	us,ckan,opendata,org-housing	86400	Everything published by Housing on this portal: every dataset with its resources, licence, tags and last-modified date. Served by the CKAN platform at data.sanjoseca.gov.	EMPTY_RESULTSET	{"help": "https://data.sanjoseca.gov/api/3/action/help_show?name=package_search", "success": true, "
us-data-sanjoseca-gov-org-human-resources	https://data.sanjoseca.gov/api/3/action/package_search?fq=organization:human-resources&rows=100	json:result.results		City of San Jose — org-human-resources (United States)		us_opendata	opendata	en	us,ckan,opendata,org-human-resources	86400	Everything published by Human Resources on this portal: every dataset with its resources, licence, tags and last-modified date. Served by the CKAN platform at data.sanjoseca.gov.	EMPTY_RESULTSET	{"help": "https://data.sanjoseca.gov/api/3/action/help_show?name=package_search", "success": true, "
us-data-sanjoseca-gov-org-library	https://data.sanjoseca.gov/api/3/action/package_search?fq=organization:library&rows=100	json:result.results		City of San Jose — org-library (United States)		us_opendata	opendata	en	us,ckan,opendata,org-library	86400	Everything published by Library on this portal: every dataset with its resources, licence, tags and last-modified date. Served by the CKAN platform at data.sanjoseca.gov.	EMPTY_RESULTSET	{"help": "https://data.sanjoseca.gov/api/3/action/help_show?name=package_search", "success": true, "
us-data-sanjoseca-gov-org-public-works	https://data.sanjoseca.gov/api/3/action/package_search?fq=organization:public-works&rows=100	json:result.results		City of San Jose — org-public-works (United States)		us_opendata	opendata	en	us,ckan,opendata,org-public-works	86400	Everything published by Public Works on this portal: every dataset with its resources, licence, tags and last-modified date. Served by the CKAN platform at data.sanjoseca.gov.	EMPTY_RESULTSET	{"help": "https://data.sanjoseca.gov/api/3/action/help_show?name=package_search", "success": true, "
us-data-weho-org-views	https://data.weho.org/api/views/metadata/v1	json-array		City of West Hollywood Open Data — views (United States)		us_opendata	opendata	en	us,socrata,opendata,views	86400	Per-view metadata for every dataset on the domain. Served by the SOCRATA platform at data.weho.org.	TIMEOUT	timeout
it-www-dati-lombardia-it-views	https://www.dati.lombardia.it/api/views/metadata/v1	json-array		Data Regione Lombardia — views (Italy)		it_opendata	opendata	it	it,socrata,opendata,views	86400	Per-view metadata for every dataset on the domain. Served by the SOCRATA platform at www.dati.lombardia.it.	TOO_BIG	over 8MB
us-data-austintexas-gov-views	https://data.austintexas.gov/api/views/metadata/v1	json-array		data.austintexas.gov — views (United States)		us_opendata	opendata	en	us,socrata,opendata,views	86400	Per-view metadata for every dataset on the domain. Served by the SOCRATA platform at data.austintexas.gov.	TIMEOUT	timeout
fr-www-data-gouv-fr-reuses	https://www.data.gouv.fr/api/1/reuses/?page_size=100	json:data		data.gouv.fr — reuses (France)		fr_opendata	opendata	fr	fr,udata,opendata,reuses	86400	Declared reuses — who is building on this data and what they built, which is the downstream-attribution signal. Served by the UDATA platform at www.data.gouv.fr.	TOO_BIG	over 8MB
ie-data-gov-ie-org-3d	https://data.gov.ie/api/3/action/package_search?fq=organization:3d&rows=100	json:result.results		data.gov.ie — org-3d (Ireland)		ie_opendata	opendata	en	ie,ckan,opendata,org-3d	86400	Everything published by 3d on this portal: every dataset with its resources, licence, tags and last-modified date. Served by the CKAN platform at data.gov.ie.	EMPTY_RESULTSET	{"help": "https://data.gov.ie/api/3/action/help_show?name=package_search", "success": true, "result"
ie-data-gov-ie-org-an-garda-siochana	https://data.gov.ie/api/3/action/package_search?fq=organization:an-garda-siochana&rows=100	json:result.results		data.gov.ie — org-an-garda-siochana (Ireland)		ie_opendata	opendata	en	ie,ckan,opendata,org-an-garda-siochana	86400	Everything published by An Garda Síochána on this portal: every dataset with its resources, licence, tags and last-modified date. Served by the CKAN platform at data.gov.ie.	EMPTY_RESULTSET	{"help": "https://data.gov.ie/api/3/action/help_show?name=package_search", "success": true, "result"
ie-data-gov-ie-org-carlow-county-council	https://data.gov.ie/api/3/action/package_search?fq=organization:carlow-county-council&rows=100	json:result.results		data.gov.ie — org-carlow-county-council (Ireland)		ie_opendata	opendata	en	ie,ckan,opendata,org-carlow-county-council	86400	Everything published by Carlow County Council on this portal: every dataset with its resources, licence, tags and last-modified date. Served by the CKAN platform at data.gov.ie.	EMPTY_RESULTSET	{"help": "https://data.gov.ie/api/3/action/help_show?name=package_search", "success": true, "result"
ie-data-gov-ie-org-cavan-county-council	https://data.gov.ie/api/3/action/package_search?fq=organization:cavan-county-council&rows=100	json:result.results		data.gov.ie — org-cavan-county-council (Ireland)		ie_opendata	opendata	en	ie,ckan,opendata,org-cavan-county-council	86400	Everything published by Cavan County Council on this portal: every dataset with its resources, licence, tags and last-modified date. Served by the CKAN platform at data.gov.ie.	EMPTY_RESULTSET	{"help": "https://data.gov.ie/api/3/action/help_show?name=package_search", "success": true, "result"
ie-data-gov-ie-org-central-applications-office	https://data.gov.ie/api/3/action/package_search?fq=organization:central-applications-office&rows=100	json:result.results		data.gov.ie — org-central-applications-office (Ireland)		ie_opendata	opendata	en	ie,ckan,opendata,org-central-applications-office	86400	Everything published by Central Applications Office on this portal: every dataset with its resources, licence, tags and last-modified date. Served by the CKAN platform at data.gov.ie.	EMPTY_RESULTSET	{"help": "https://data.gov.ie/api/3/action/help_show?name=package_search", "success": true, "result"
ie-data-gov-ie-org-children-s-health-ireland	https://data.gov.ie/api/3/action/package_search?fq=organization:children-s-health-ireland&rows=100	json:result.results		data.gov.ie — org-children-s-health-ireland (Ireland)		ie_opendata	opendata	en	ie,ckan,opendata,org-children-s-health-ireland	86400	Everything published by Children's Health Ireland on this portal: every dataset with its resources, licence, tags and last-modified date. Served by the CKAN platform at data.gov.ie.	EMPTY_RESULTSET	{"help": "https://data.gov.ie/api/3/action/help_show?name=package_search", "success": true, "result"
ie-data-gov-ie-org-citizens-information-board	https://data.gov.ie/api/3/action/package_search?fq=organization:citizens-information-board&rows=100	json:result.results		data.gov.ie — org-citizens-information-board (Ireland)		ie_opendata	opendata	en	ie,ckan,opendata,org-citizens-information-board	86400	Everything published by Citizens Information Board on this portal: every dataset with its resources, licence, tags and last-modified date. Served by the CKAN platform at data.gov.ie.	EMPTY_RESULTSET	{"help": "https://data.gov.ie/api/3/action/help_show?name=package_search", "success": true, "result"
ie-data-gov-ie-org-coillte	https://data.gov.ie/api/3/action/package_search?fq=organization:coillte&rows=100	json:result.results		data.gov.ie — org-coillte (Ireland)		ie_opendata	opendata	en	ie,ckan,opendata,org-coillte	86400	Everything published by Coillte on this portal: every dataset with its resources, licence, tags and last-modified date. Served by the CKAN platform at data.gov.ie.	NET_ERR	timed out
ie-data-gov-ie-org-commissioners-of-irish-lights	https://data.gov.ie/api/3/action/package_search?fq=organization:commissioners-of-irish-lights&rows=100	json:result.results		data.gov.ie — org-commissioners-of-irish-lights (Ireland)		ie_opendata	opendata	en	ie,ckan,opendata,org-commissioners-of-irish-lights	86400	Everything published by Commissioners of Irish Lights on this portal: every dataset with its resources, licence, tags and last-modified date. Served by the CKAN platform at data.gov.ie.	NET_ERR	timed out
ie-data-gov-ie-org-commission-for-communications-regulation	https://data.gov.ie/api/3/action/package_search?fq=organization:commission-for-communications-regulation-ccr-comreg&rows=100	json:result.results		data.gov.ie — org-commission-for-communications-regulation (Ireland)		ie_opendata	opendata	en	ie,ckan,opendata,org-commission-for-communications-regulation	86400	Everything published by Commission for Communications Regulation (ComReg) on this portal: every dataset with its resources, licence, tags and last-modified date. Served by the CKAN platform at data.gov.ie.	NET_ERR	timed out
ie-data-gov-ie-org-commission-for-energy-regulation	https://data.gov.ie/api/3/action/package_search?fq=organization:commission-for-energy-regulation&rows=100	json:result.results		data.gov.ie — org-commission-for-energy-regulation (Ireland)		ie_opendata	opendata	en	ie,ckan,opendata,org-commission-for-energy-regulation	86400	Everything published by Commission for Regulation of Utilities on this portal: every dataset with its resources, licence, tags and last-modified date. Served by the CKAN platform at data.gov.ie.	NET_ERR	timed out
ie-data-gov-ie-org-department-of-further-and-higher-educati	https://data.gov.ie/api/3/action/package_search?fq=organization:department-of-further-and-higher-education-research-innovation-and-science&rows=100	json:result.results		data.gov.ie — org-department-of-further-and-higher-educati (Ireland)		ie_opendata	opendata	en	ie,ckan,opendata,org-department-of-further-and-higher-educati	86400	Everything published by Department of Further and Higher Education, Research, Innovation and Science on this portal: every dataset with its resources, licence, tags and last-modified date. Served by the CKAN platform at data.gov.ie.	EMPTY_RESULTSET	{"help": "https://data.gov.ie/api/3/action/help_show?name=package_search", "success": true, "result"
ie-data-gov-ie-org-department-of-rural-and-community-develo	https://data.gov.ie/api/3/action/package_search?fq=organization:department-of-rural-and-community-development&rows=100	json:result.results		data.gov.ie — org-department-of-rural-and-community-develo (Ireland)		ie_opendata	opendata	en	ie,ckan,opendata,org-department-of-rural-and-community-develo	86400	Everything published by Department of Rural and Community Development and the Gaeltacht on this portal: every dataset with its resources, licence, tags and last-modified date. Served by the CKAN platform at data.gov.ie.	EMPTY_RESULTSET	{"help": "https://data.gov.ie/api/3/action/help_show?name=package_search", "success": true, "result"
ie-data-gov-ie-org-department-of-the-taoiseach	https://data.gov.ie/api/3/action/package_search?fq=organization:department-of-the-taoiseach&rows=100	json:result.results		data.gov.ie — org-department-of-the-taoiseach (Ireland)		ie_opendata	opendata	en	ie,ckan,opendata,org-department-of-the-taoiseach	86400	Everything published by Department of the Taoiseach on this portal: every dataset with its resources, licence, tags and last-modified date. Served by the CKAN platform at data.gov.ie.	EMPTY_RESULTSET	{"help": "https://data.gov.ie/api/3/action/help_show?name=package_search", "success": true, "result"
ro-data-gov-ro-org-academia-de-politie-alexandru-ioan-cuza	https://data.gov.ro/api/3/action/package_search?fq=organization:academia-de-politie-alexandru-ioan-cuza&rows=100	json:result.results		Data.Gov.RO - Official Romanian OD Portal — org-academia-de-politie-alexandru-ioan-cuza (Romania)		ro_opendata	opendata	ro	ro,ckan,opendata,org-academia-de-politie-alexandru-ioan-cuza	86400	Everything published by Academia de Poliţie „Alexandru Ioan Cuza” on this portal: every dataset with its resources, licence, tags and last-modified date. Served by the CKAN platform at data.gov.ro.	EMPTY_RESULTSET	{"help": "https://data.gov.ro/api/3/action/help_show?name=package_search", "success": true, "result"
ro-data-gov-ro-org-administratia-nationala-a-rezervelor-de-	https://data.gov.ro/api/3/action/package_search?fq=organization:administratia-nationala-a-rezervelor-de-stat-si-probleme-sociale&rows=100	json:result.results		Data.Gov.RO - Official Romanian OD Portal — org-administratia-nationala-a-rezervelor-de- (Romania)		ro_opendata	opendata	ro	ro,ckan,opendata,org-administratia-nationala-a-rezervelor-de-	86400	Everything published by Administraţia Naţională a Rezervelor de Stat şi Probleme Speciale on this portal: every dataset with its resources, licence, tags and last-modified date. Served by the CKAN platform at data.gov.ro.	EMPTY_RESULTSET	{"help": "https://data.gov.ro/api/3/action/help_show?name=package_search", "success": true, "result"
ro-data-gov-ro-org-agentia-nationala-pentru-protectia-mediu	https://data.gov.ro/api/3/action/package_search?fq=organization:agentia-nationala-pentru-protectia-mediului&rows=100	json:result.results		Data.Gov.RO - Official Romanian OD Portal — org-agentia-nationala-pentru-protectia-mediu (Romania)		ro_opendata	opendata	ro	ro,ckan,opendata,org-agentia-nationala-pentru-protectia-mediu	86400	Everything published by Agenția Națională pentru Protecția Mediului on this portal: every dataset with its resources, licence, tags and last-modified date. Served by the CKAN platform at data.gov.ro.	TOO_BIG	over 8MB
ro-data-gov-ro-org-agentia-romana-de-asigurare-a-calitatii-	https://data.gov.ro/api/3/action/package_search?fq=organization:agentia-romana-de-asigurare-a-calitatii-in-invatamantul-preuniversitar&rows=100	json:result.results		Data.Gov.RO - Official Romanian OD Portal — org-agentia-romana-de-asigurare-a-calitatii- (Romania)		ro_opendata	opendata	ro	ro,ckan,opendata,org-agentia-romana-de-asigurare-a-calitatii-	86400	Everything published by Agenția Română de Asigurare a Calității în Învățământul Preuniversitar on this portal: every dataset with its resources, licence, tags and last-modified date. Served by the CKAN platform at data.gov.ro.	EMPTY_RESULTSET	{"help": "https://data.gov.ro/api/3/action/help_show?name=package_search", "success": true, "result"
ro-data-gov-ro-org-agentia-pentru-protectia-mediului-arges	https://data.gov.ro/api/3/action/package_search?fq=organization:agentia-pentru-protectia-mediului-arges&rows=100	json:result.results		Data.Gov.RO - Official Romanian OD Portal — org-agentia-pentru-protectia-mediului-arges (Romania)		ro_opendata	opendata	ro	ro,ckan,opendata,org-agentia-pentru-protectia-mediului-arges	86400	Everything published by Agenția pentru Protecția Mediului Argeș on this portal: every dataset with its resources, licence, tags and last-modified date. Served by the CKAN platform at data.gov.ro.	EMPTY_RESULTSET	{"help": "https://data.gov.ro/api/3/action/help_show?name=package_search", "success": true, "result"
ro-data-gov-ro-org-agentia-pentru-protectia-mediului-timis	https://data.gov.ro/api/3/action/package_search?fq=organization:agentia_pentru_protectia_mediului_timis&rows=100	json:result.results		Data.Gov.RO - Official Romanian OD Portal — org-agentia-pentru-protectia-mediului-timis (Romania)		ro_opendata	opendata	ro	ro,ckan,opendata,org-agentia-pentru-protectia-mediului-timis	86400	Everything published by Agenția pentru Protecția Mediului Timiș  on this portal: every dataset with its resources, licence, tags and last-modified date. Served by the CKAN platform at data.gov.ro.	EMPTY_RESULTSET	{"help": "https://data.gov.ro/api/3/action/help_show?name=package_search", "success": true, "result"
ro-data-gov-ro-org-agentia-pentru-protectia-mediului-vaslui	https://data.gov.ro/api/3/action/package_search?fq=organization:agentia-pentru-protectia-mediului-vaslui&rows=100	json:result.results		Data.Gov.RO - Official Romanian OD Portal — org-agentia-pentru-protectia-mediului-vaslui (Romania)		ro_opendata	opendata	ro	ro,ckan,opendata,org-agentia-pentru-protectia-mediului-vaslui	86400	Everything published by Agenția pentru Protecția Mediului Vaslui on this portal: every dataset with its resources, licence, tags and last-modified date. Served by the CKAN platform at data.gov.ro.	EMPTY_RESULTSET	{"help": "https://data.gov.ro/api/3/action/help_show?name=package_search", "success": true, "result"
ro-data-gov-ro-org-atlasul-social	https://data.gov.ro/api/3/action/package_search?fq=organization:atlasul-social&rows=100	json:result.results		Data.Gov.RO - Official Romanian OD Portal — org-atlasul-social (Romania)		ro_opendata	opendata	ro	ro,ckan,opendata,org-atlasul-social	86400	Everything published by Atlasul Social on this portal: every dataset with its resources, licence, tags and last-modified date. Served by the CKAN platform at data.gov.ro.	EMPTY_RESULTSET	{"help": "https://data.gov.ro/api/3/action/help_show?name=package_search", "success": true, "result"
ro-data-gov-ro-org-a-c-c-r-o-o	https://data.gov.ro/api/3/action/package_search?fq=organization:a-c-c-r-o-o&rows=100	json:result.results		Data.Gov.RO - Official Romanian OD Portal — org-a-c-c-r-o-o (Romania)		ro_opendata	opendata	ro	ro,ckan,opendata,org-a-c-c-r-o-o	86400	Everything published by Autoritatea Competentă pentru Reglementarea Operațiunilor Offshore la Marea Neagră on this portal: every dataset with its resources, licence, tags and last-modified date. Served by the CKAN platform at data.gov.ro.	EMPTY_RESULTSET	{"help": "https://data.gov.ro/api/3/action/help_show?name=package_search", "success": true, "result"
ro-data-gov-ro-org-anfpisdr	https://data.gov.ro/api/3/action/package_search?fq=organization:anfpisdr&rows=100	json:result.results		Data.Gov.RO - Official Romanian OD Portal — org-anfpisdr (Romania)		ro_opendata	opendata	ro	ro,ckan,opendata,org-anfpisdr	86400	Everything published by Autoritatea Națională pentru Formare Profesională Inițială în Sistem Dual din România on this portal: every dataset with its resources, licence, tags and last-modified date. Served by the CKAN platform at data.gov.ro.	EMPTY_RESULTSET	{"help": "https://data.gov.ro/api/3/action/help_show?name=package_search", "success": true, "result"
gb-data-gov-uk-groups	https://data.gov.uk/api/3/action/group_list?all_fields=true	json:result		Data.gov.uk — groups (United Kingdom)		gb_opendata	opendata	en	gb,ckan,opendata,groups	86400	Thematic groups/collections declared by the portal. Served by the CKAN platform at data.gov.uk.	HTTP_ERR	Forbidden
gb-data-gov-uk-tags	https://data.gov.uk/api/3/action/tag_list	json:result		Data.gov.uk — tags (United Kingdom)		gb_opendata	opendata	en	gb,ckan,opendata,tags	86400	The portal's full controlled vocabulary of dataset tags. Served by the CKAN platform at data.gov.uk.	HTTP_ERR	Forbidden
gb-data-gov-uk-activity	https://data.gov.uk/api/3/action/recently_changed_packages_activity_list?limit=100	json:result		Data.gov.uk — activity (United Kingdom)		gb_opendata	opendata	en	gb,ckan,opendata,activity	86400	Recent publish/update activity — what this authority changed and when, which is the change-detection signal behind the catalogue. Served by the CKAN platform at data.gov.uk.	HTTP_ERR	Forbidden
gb-data-gov-uk-org-3c-shared-services	https://data.gov.uk/api/3/action/package_search?fq=organization:3c-shared-services&rows=100	json:result.results		Data.gov.uk — org-3c-shared-services (United Kingdom)		gb_opendata	opendata	en	gb,ckan,opendata,org-3c-shared-services	86400	Everything published by 3C Shared Services  on this portal: every dataset with its resources, licence, tags and last-modified date. Served by the CKAN platform at data.gov.uk.	EMPTY_RESULTSET	{"help": "https://ckan.publishing.service.gov.uk/api/3/action/help_show?name=package_search", "succe
gb-data-gov-uk-org-aberdeenshire-council	https://data.gov.uk/api/3/action/package_search?fq=organization:aberdeenshire-council&rows=100	json:result.results		Data.gov.uk — org-aberdeenshire-council (United Kingdom)		gb_opendata	opendata	en	gb,ckan,opendata,org-aberdeenshire-council	86400	Everything published by Aberdeenshire Council on this portal: every dataset with its resources, licence, tags and last-modified date. Served by the CKAN platform at data.gov.uk.	EMPTY_RESULTSET	{"help": "https://ckan.publishing.service.gov.uk/api/3/action/help_show?name=package_search", "succe
gb-data-gov-uk-org-advanced-research-and-invention-agency	https://data.gov.uk/api/3/action/package_search?fq=organization:advanced-research-and-invention-agency&rows=100	json:result.results		Data.gov.uk — org-advanced-research-and-invention-agency (United Kingdom)		gb_opendata	opendata	en	gb,ckan,opendata,org-advanced-research-and-invention-agency	86400	Everything published by Advanced Research and Invention Agency on this portal: every dataset with its resources, licence, tags and last-modified date. Served by the CKAN platform at data.gov.uk.	EMPTY_RESULTSET	{"help": "https://ckan.publishing.service.gov.uk/api/3/action/help_show?name=package_search", "succe
gb-data-gov-uk-org-air-command	https://data.gov.uk/api/3/action/package_search?fq=organization:air-command&rows=100	json:result.results		Data.gov.uk — org-air-command (United Kingdom)		gb_opendata	opendata	en	gb,ckan,opendata,org-air-command	86400	Everything published by Air Command on this portal: every dataset with its resources, licence, tags and last-modified date. Served by the CKAN platform at data.gov.uk.	EMPTY_RESULTSET	{"help": "https://ckan.publishing.service.gov.uk/api/3/action/help_show?name=package_search", "succe
gb-data-gov-uk-org-angus-council	https://data.gov.uk/api/3/action/package_search?fq=organization:angus-council&rows=100	json:result.results		Data.gov.uk — org-angus-council (United Kingdom)		gb_opendata	opendata	en	gb,ckan,opendata,org-angus-council	86400	Everything published by Angus Council on this portal: every dataset with its resources, licence, tags and last-modified date. Served by the CKAN platform at data.gov.uk.	EMPTY_RESULTSET	{"help": "https://ckan.publishing.service.gov.uk/api/3/action/help_show?name=package_search", "succe
gb-data-gov-uk-org-army-command	https://data.gov.uk/api/3/action/package_search?fq=organization:army-command&rows=100	json:result.results		Data.gov.uk — org-army-command (United Kingdom)		gb_opendata	opendata	en	gb,ckan,opendata,org-army-command	86400	Everything published by Army Command on this portal: every dataset with its resources, licence, tags and last-modified date. Served by the CKAN platform at data.gov.uk.	EMPTY_RESULTSET	{"help": "https://ckan.publishing.service.gov.uk/api/3/action/help_show?name=package_search", "succe
gb-data-gov-uk-org-ashfield-district-council	https://data.gov.uk/api/3/action/package_search?fq=organization:ashfield-district-council&rows=100	json:result.results		Data.gov.uk — org-ashfield-district-council (United Kingdom)		gb_opendata	opendata	en	gb,ckan,opendata,org-ashfield-district-council	86400	Everything published by Ashfield District Council on this portal: every dataset with its resources, licence, tags and last-modified date. Served by the CKAN platform at data.gov.uk.	EMPTY_RESULTSET	{"help": "https://ckan.publishing.service.gov.uk/api/3/action/help_show?name=package_search", "succe
it-dati-emilia-romagna-it-datasets	https://dati.emilia-romagna.it/api/3/action/package_search?rows=100	json:result.results		dati.emilia-romagna.it — datasets (Italy)		it_opendata	opendata	it	it,ckan,opendata,datasets	86400	Dataset catalogue: title, notes, organization, licence, tags, resource list and modification dates for every published dataset. Served by the CKAN platform at dati.emilia-romagna.it.	TIMEOUT	timeout
it-dati-emilia-romagna-it-orgs	https://dati.emilia-romagna.it/api/3/action/organization_list?all_fields=true	json:result		dati.emilia-romagna.it — orgs (Italy)		it_opendata	opendata	it	it,ckan,opendata,orgs	86400	Every publishing organisation on the portal with its title, description, package count and image. Served by the CKAN platform at dati.emilia-romagna.it.	TIMEOUT	timeout
it-dati-emilia-romagna-it-groups	https://dati.emilia-romagna.it/api/3/action/group_list?all_fields=true	json:result		dati.emilia-romagna.it — groups (Italy)		it_opendata	opendata	it	it,ckan,opendata,groups	86400	Thematic groups/collections declared by the portal. Served by the CKAN platform at dati.emilia-romagna.it.	TIMEOUT	timeout
it-dati-emilia-romagna-it-tags	https://dati.emilia-romagna.it/api/3/action/tag_list	json:result		dati.emilia-romagna.it — tags (Italy)		it_opendata	opendata	it	it,ckan,opendata,tags	86400	The portal's full controlled vocabulary of dataset tags. Served by the CKAN platform at dati.emilia-romagna.it.	TIMEOUT	timeout
it-dati-emilia-romagna-it-activity	https://dati.emilia-romagna.it/api/3/action/recently_changed_packages_activity_list?limit=100	json:result		dati.emilia-romagna.it — activity (Italy)		it_opendata	opendata	it	it,ckan,opendata,activity	86400	Recent publish/update activity — what this authority changed and when, which is the change-detection signal behind the catalogue. Served by the CKAN platform at dati.emilia-romagna.it.	TIMEOUT	timeout
us-datacatalog-cookcountyil-gov-views	https://datacatalog.cookcountyil.gov/api/views/metadata/v1	json-array		Open Data Portal for Cook County Government — views (United States)		us_opendata	opendata	en	us,socrata,opendata,views	86400	Per-view metadata for every dataset on the domain. Served by the SOCRATA platform at datacatalog.cookcountyil.gov.	HTTP_ERR	Server Error
it-dati-toscana-it-orgs	https://dati.toscana.it/api/3/action/organization_list?all_fields=true	json:result		Open Data Regione Toscana — orgs (Italy)		it_opendata	opendata	it	it,ckan,opendata,orgs	86400	Every publishing organisation on the portal with its title, description, package count and image. Served by the CKAN platform at dati.toscana.it.	HTTP_ERR	INTERNAL SERVER ERROR
it-dati-toscana-it-activity	https://dati.toscana.it/api/3/action/recently_changed_packages_activity_list?limit=100	json:result		Open Data Regione Toscana — activity (Italy)		it_opendata	opendata	it	it,ckan,opendata,activity	86400	Recent publish/update activity — what this authority changed and when, which is the change-detection signal behind the catalogue. Served by the CKAN platform at dati.toscana.it.	HTTP_ERR	BAD REQUEST
it-dati-trentino-it-orgs	https://dati.trentino.it/api/3/action/organization_list?all_fields=true	json:result		Open Data Trentino — orgs (Italy)		it_opendata	opendata	it	it,ckan,opendata,orgs	86400	Every publishing organisation on the portal with its title, description, package count and image. Served by the CKAN platform at dati.trentino.it.	HTTP_ERR	INTERNAL SERVER ERROR
us-data-ny-gov-views	https://data.ny.gov/api/views/metadata/v1	json-array		Open New York — views (United States)		us_opendata	opendata	en	us,socrata,opendata,views	86400	Per-view metadata for every dataset on the domain. Served by the SOCRATA platform at data.ny.gov.	TIMEOUT	timeout
hu-www-opendata-hu-org-c4hu	https://www.opendata.hu/api/3/action/package_search?fq=organization:c4hu&rows=100	json:result.results		Opendata.hu — org-c4hu (Hungary)		hu_opendata	opendata	hu	hu,ckan,opendata,org-c4hu	86400	Everything published by Code for Hungary on this portal: every dataset with its resources, licence, tags and last-modified date. Served by the CKAN platform at www.opendata.hu.	EMPTY_RESULTSET	{"help": "\n Searches for packages satisfying a given search criteria.\n\n This action accepts
hu-www-opendata-hu-org-vume-ai	https://www.opendata.hu/api/3/action/package_search?fq=organization:vume-ai&rows=100	json:result.results		Opendata.hu — org-vume-ai (Hungary)		hu_opendata	opendata	hu	hu,ckan,opendata,org-vume-ai	86400	Everything published by Vume AI on this portal: every dataset with its resources, licence, tags and last-modified date. Served by the CKAN platform at www.opendata.hu.	EMPTY_RESULTSET	{"help": "\n Searches for packages satisfying a given search criteria.\n\n This action accepts
si-podatki-gov-si-activity	https://podatki.gov.si/api/3/action/recently_changed_packages_activity_list?limit=100	json:result		podatki.gov.si — activity (Slovenia)		si_opendata	opendata	sl	si,ckan,opendata,activity	86400	Recent publish/update activity — what this authority changed and when, which is the change-detection signal behind the catalogue. Served by the CKAN platform at podatki.gov.si.	EMPTY_RESULTSET	{ "help": "https://podatki.gov.si/api/3/action/help_show?name=recently_changed_packages_activity
lv-data-gov-lv-activity	https://data.gov.lv/api/3/action/recently_changed_packages_activity_list?limit=100	json:result		data.gov.lv — activity (Latvia)		lv_opendata	opendata	lv	lv,ckan,opendata,activity	86400	Recent publish/update activity — what this authority changed and when, which is the change-detection signal behind the catalogue. Served by the CKAN platform at data.gov.lv.	HTTP_ERR	BAD REQUEST
lv-data-gov-lv-org-as-latrailnet	https://data.gov.lv/api/3/action/package_search?fq=organization:as-latrailnet&rows=100	json:result.results		data.gov.lv — org-as-latrailnet (Latvia)		lv_opendata	opendata	lv	lv,ckan,opendata,org-as-latrailnet	86400	Everything published by AS "LatRailNet" on this portal: every dataset with its resources, licence, tags and last-modified date. Served by the CKAN platform at data.gov.lv.	EMPTY_RESULTSET	{"help": "https://data.gov.lv/dati/api/3/action/help_show?name=package_search", "success": true, "re
lv-data-gov-lv-org-balozu-komunala-saimnieciba	https://data.gov.lv/api/3/action/package_search?fq=organization:balozu-komunala-saimnieciba&rows=100	json:result.results		data.gov.lv — org-balozu-komunala-saimnieciba (Latvia)		lv_opendata	opendata	lv	lv,ckan,opendata,org-balozu-komunala-saimnieciba	86400	Everything published by Baložu komunālā saimniecība on this portal: every dataset with its resources, licence, tags and last-modified date. Served by the CKAN platform at data.gov.lv.	EMPTY_RESULTSET	{"help": "https://data.gov.lv/dati/api/3/action/help_show?name=package_search", "success": true, "re
lv-data-gov-lv-org-mdk	https://data.gov.lv/api/3/action/package_search?fq=organization:mdk&rows=100	json:result.results		data.gov.lv — org-mdk (Latvia)		lv_opendata	opendata	lv	lv,ckan,opendata,org-mdk	86400	Everything published by ĢDS Metadatu katalogs on this portal: every dataset with its resources, licence, tags and last-modified date. Served by the CKAN platform at data.gov.lv.	EMPTY_RESULTSET	{"help": "https://data.gov.lv/dati/api/3/action/help_show?name=package_search", "success": true, "re
lv-data-gov-lv-org-ieksejas-drosibas-birojs	https://data.gov.lv/api/3/action/package_search?fq=organization:ieksejas-drosibas-birojs&rows=100	json:result.results		data.gov.lv — org-ieksejas-drosibas-birojs (Latvia)		lv_opendata	opendata	lv	lv,ckan,opendata,org-ieksejas-drosibas-birojs	86400	Everything published by Iekšējās drošības birojs on this portal: every dataset with its resources, licence, tags and last-modified date. Served by the CKAN platform at data.gov.lv.	EMPTY_RESULTSET	{"help": "https://data.gov.lv/dati/api/3/action/help_show?name=package_search", "success": true, "re
lu-data-public-lu-reuses	https://data.public.lu/api/1/reuses/?page_size=100	json:data		data.public.lu — reuses (Luxembourg)		lu_opendata	opendata	fr	lu,udata,opendata,reuses	86400	Declared reuses — who is building on this data and what they built, which is the downstream-attribution signal. Served by the UDATA platform at data.public.lu.	TOO_BIG	over 8MB
uk-ckan-publishing-service-gov-uk-groups	https://ckan.publishing.service.gov.uk/api/3/action/group_list?all_fields=true	json:result		ckan.publishing.service.gov.uk — groups (United Kingdom)		uk_opendata	opendata	en	uk,ckan,opendata,groups	86400	Thematic groups/collections declared by the portal. Served by the CKAN platform at ckan.publishing.service.gov.uk.	HTTP_ERR	Forbidden
uk-ckan-publishing-service-gov-uk-tags	https://ckan.publishing.service.gov.uk/api/3/action/tag_list	json:result		ckan.publishing.service.gov.uk — tags (United Kingdom)		uk_opendata	opendata	en	uk,ckan,opendata,tags	86400	The portal's full controlled vocabulary of dataset tags. Served by the CKAN platform at ckan.publishing.service.gov.uk.	HTTP_ERR	Forbidden
uk-ckan-publishing-service-gov-uk-activity	https://ckan.publishing.service.gov.uk/api/3/action/recently_changed_packages_activity_list?limit=100	json:result		ckan.publishing.service.gov.uk — activity (United Kingdom)		uk_opendata	opendata	en	uk,ckan,opendata,activity	86400	Recent publish/update activity — what this authority changed and when, which is the change-detection signal behind the catalogue. Served by the CKAN platform at ckan.publishing.service.gov.uk.	HTTP_ERR	Forbidden
uk-ckan-publishing-service-gov-uk-org-3c-shared-services	https://ckan.publishing.service.gov.uk/api/3/action/package_search?fq=organization:3c-shared-services&rows=100	json:result.results		ckan.publishing.service.gov.uk — org-3c-shared-services (United Kingdom)		uk_opendata	opendata	en	uk,ckan,opendata,org-3c-shared-services	86400	Everything published by 3C Shared Services  on this portal: every dataset with its resources, licence, tags and last-modified date. Served by the CKAN platform at ckan.publishing.service.gov.uk.	EMPTY_RESULTSET	{"help": "https://ckan.publishing.service.gov.uk/api/3/action/help_show?name=package_search", "succe
uk-ckan-publishing-service-gov-uk-org-aberdeenshire-council	https://ckan.publishing.service.gov.uk/api/3/action/package_search?fq=organization:aberdeenshire-council&rows=100	json:result.results		ckan.publishing.service.gov.uk — org-aberdeenshire-council (United Kingdom)		uk_opendata	opendata	en	uk,ckan,opendata,org-aberdeenshire-council	86400	Everything published by Aberdeenshire Council on this portal: every dataset with its resources, licence, tags and last-modified date. Served by the CKAN platform at ckan.publishing.service.gov.uk.	EMPTY_RESULTSET	{"help": "https://ckan.publishing.service.gov.uk/api/3/action/help_show?name=package_search", "succe
uk-ckan-publishing-service-gov-uk-org-advanced-research-and-invention-agency	https://ckan.publishing.service.gov.uk/api/3/action/package_search?fq=organization:advanced-research-and-invention-agency&rows=100	json:result.results		ckan.publishing.service.gov.uk — org-advanced-research-and-invention-agency (United Kingdom)		uk_opendata	opendata	en	uk,ckan,opendata,org-advanced-research-and-invention-agency	86400	Everything published by Advanced Research and Invention Agency on this portal: every dataset with its resources, licence, tags and last-modified date. Served by the CKAN platform at ckan.publishing.service.gov.uk.	EMPTY_RESULTSET	{"help": "https://ckan.publishing.service.gov.uk/api/3/action/help_show?name=package_search", "succe
uk-ckan-publishing-service-gov-uk-org-air-command	https://ckan.publishing.service.gov.uk/api/3/action/package_search?fq=organization:air-command&rows=100	json:result.results		ckan.publishing.service.gov.uk — org-air-command (United Kingdom)		uk_opendata	opendata	en	uk,ckan,opendata,org-air-command	86400	Everything published by Air Command on this portal: every dataset with its resources, licence, tags and last-modified date. Served by the CKAN platform at ckan.publishing.service.gov.uk.	EMPTY_RESULTSET	{"help": "https://ckan.publishing.service.gov.uk/api/3/action/help_show?name=package_search", "succe
uk-ckan-publishing-service-gov-uk-org-angus-council	https://ckan.publishing.service.gov.uk/api/3/action/package_search?fq=organization:angus-council&rows=100	json:result.results		ckan.publishing.service.gov.uk — org-angus-council (United Kingdom)		uk_opendata	opendata	en	uk,ckan,opendata,org-angus-council	86400	Everything published by Angus Council on this portal: every dataset with its resources, licence, tags and last-modified date. Served by the CKAN platform at ckan.publishing.service.gov.uk.	EMPTY_RESULTSET	{"help": "https://ckan.publishing.service.gov.uk/api/3/action/help_show?name=package_search", "succe
uk-ckan-publishing-service-gov-uk-org-army-command	https://ckan.publishing.service.gov.uk/api/3/action/package_search?fq=organization:army-command&rows=100	json:result.results		ckan.publishing.service.gov.uk — org-army-command (United Kingdom)		uk_opendata	opendata	en	uk,ckan,opendata,org-army-command	86400	Everything published by Army Command on this portal: every dataset with its resources, licence, tags and last-modified date. Served by the CKAN platform at ckan.publishing.service.gov.uk.	EMPTY_RESULTSET	{"help": "https://ckan.publishing.service.gov.uk/api/3/action/help_show?name=package_search", "succe
uk-ckan-publishing-service-gov-uk-org-ashfield-district-council	https://ckan.publishing.service.gov.uk/api/3/action/package_search?fq=organization:ashfield-district-council&rows=100	json:result.results		ckan.publishing.service.gov.uk — org-ashfield-district-council (United Kingdom)		uk_opendata	opendata	en	uk,ckan,opendata,org-ashfield-district-council	86400	Everything published by Ashfield District Council on this portal: every dataset with its resources, licence, tags and last-modified date. Served by the CKAN platform at ckan.publishing.service.gov.uk.	EMPTY_RESULTSET	{"help": "https://ckan.publishing.service.gov.uk/api/3/action/help_show?name=package_search", "succe
us-data-delaware-gov-views	https://data.delaware.gov/api/views/metadata/v1	json-array		data.delaware.gov — views (United States)		us_opendata	opendata	en	us,socrata,opendata,views	86400	Per-view metadata for every dataset on the domain. Served by the SOCRATA platform at data.delaware.gov.	HTTP_ERR	Server Error
jp-catalog-data-metro-tokyo-lg-jp-activity	https://catalog.data.metro.tokyo.lg.jp/api/3/action/recently_changed_packages_activity_list?limit=100	json:result		catalog.data.metro.tokyo.lg.jp — activity (Japan)		jp_opendata	opendata	ja	jp,ckan,opendata,activity	86400	Recent publish/update activity — what this authority changed and when, which is the change-detection signal behind the catalogue. Served by the CKAN platform at catalog.data.metro.tokyo.lg.jp.	HTTP_ERR	BAD REQUEST
jp-data-city-yokohama-lg-jp-org-o0190	https://data.city.yokohama.lg.jp/api/3/action/package_search?fq=organization:o0190&rows=100	json:result.results		data.city.yokohama.lg.jp — org-o0190 (Japan)		jp_opendata	opendata	ja	jp,ckan,opendata,org-o0190	86400	Everything published by 脱炭素・GREEN×EXPO推進局 on this portal: every dataset with its resources, licence, tags and last-modified date. Served by the CKAN platform at data.city.yokohama.lg.jp.	EMPTY_RESULTSET	{"help": "https://data.city.yokohama.lg.jp/api/3/action/help_show?name=package_search", "success": t
us-opendata-maryland-gov-views	https://opendata.maryland.gov/api/views/metadata/v1	json-array		opendata.maryland.gov — views (United States)		us_opendata	opendata	en	us,socrata,opendata,views	86400	Per-view metadata for every dataset on the domain. Served by the SOCRATA platform at opendata.maryland.gov.	TIMEOUT	timeout
us-healthdata-gov-views	https://healthdata.gov/api/views/metadata/v1	json-array		healthdata.gov — views (United States)		us_opendata	opendata	en	us,socrata,opendata,views	86400	Per-view metadata for every dataset on the domain. Served by the SOCRATA platform at healthdata.gov.	TIMEOUT	timeout
de-datenregister-berlin-de-org-abteilung-gleichstellung	https://datenregister.berlin.de/api/3/action/package_search?fq=organization:abteilung-gleichstellung&rows=100	json:result.results		datenregister.berlin.de — org-abteilung-gleichstellung (Germany)		de_opendata	opendata	de	de,ckan,opendata,org-abteilung-gleichstellung	86400	Everything published by Abteilung Gleichstellung on this portal: every dataset with its resources, licence, tags and last-modified date. Served by the CKAN platform at datenregister.berlin.de.	EMPTY_RESULTSET	{"help": "https://datenregister.berlin.de/api/3/action/help_show?name=package_search", "success": tr
de-datenregister-berlin-de-org-berliner-vermessungsamter	https://datenregister.berlin.de/api/3/action/package_search?fq=organization:berliner-vermessungsamter&rows=100	json:result.results		datenregister.berlin.de — org-berliner-vermessungsamter (Germany)		de_opendata	opendata	de	de,ckan,opendata,org-berliner-vermessungsamter	86400	Everything published by Berliner Vermessungsämter on this portal: every dataset with its resources, licence, tags and last-modified date. Served by the CKAN platform at datenregister.berlin.de.	EMPTY_RESULTSET	{"help": "https://datenregister.berlin.de/api/3/action/help_show?name=package_search", "success": tr
de-datenregister-berlin-de-org-bezirksamt-spandau	https://datenregister.berlin.de/api/3/action/package_search?fq=organization:bezirksamt-spandau&rows=100	json:result.results		datenregister.berlin.de — org-bezirksamt-spandau (Germany)		de_opendata	opendata	de	de,ckan,opendata,org-bezirksamt-spandau	86400	Everything published by Bezirksamt Spandau on this portal: every dataset with its resources, licence, tags and last-modified date. Served by the CKAN platform at datenregister.berlin.de.	EMPTY_RESULTSET	{"help": "https://datenregister.berlin.de/api/3/action/help_show?name=package_search", "success": tr
de-ckan-govdata-de-orgs	https://ckan.govdata.de/api/3/action/organization_list?all_fields=true	json:result		ckan.govdata.de — orgs (Germany)		de_opendata	opendata	de	de,ckan,opendata,orgs	86400	Every publishing organisation on the portal with its title, description, package count and image. Served by the CKAN platform at ckan.govdata.de.	NET_ERR	[Errno 111] Connection refused
de-ckan-govdata-de-groups	https://ckan.govdata.de/api/3/action/group_list?all_fields=true	json:result		ckan.govdata.de — groups (Germany)		de_opendata	opendata	de	de,ckan,opendata,groups	86400	Thematic groups/collections declared by the portal. Served by the CKAN platform at ckan.govdata.de.	NET_ERR	[Errno 111] Connection refused
de-ckan-govdata-de-tags	https://ckan.govdata.de/api/3/action/tag_list	json:result		ckan.govdata.de — tags (Germany)		de_opendata	opendata	de	de,ckan,opendata,tags	86400	The portal's full controlled vocabulary of dataset tags. Served by the CKAN platform at ckan.govdata.de.	NET_ERR	[Errno 111] Connection refused
de-ckan-govdata-de-activity	https://ckan.govdata.de/api/3/action/recently_changed_packages_activity_list?limit=100	json:result		ckan.govdata.de — activity (Germany)		de_opendata	opendata	de	de,ckan,opendata,activity	86400	Recent publish/update activity — what this authority changed and when, which is the change-detection signal behind the catalogue. Served by the CKAN platform at ckan.govdata.de.	NET_ERR	[Errno 111] Connection refused
de-ckan-govdata-de-org-auswaertiges-amt	https://ckan.govdata.de/api/3/action/package_search?fq=organization:auswaertiges-amt&rows=100	json:result.results		ckan.govdata.de — org-auswaertiges-amt (Germany)		de_opendata	opendata	de	de,ckan,opendata,org-auswaertiges-amt	86400	Everything published by Auswärtiges Amt on this portal: every dataset with its resources, licence, tags and last-modified date. Served by the CKAN platform at ckan.govdata.de.	NET_ERR	[Errno 111] Connection refused
de-ckan-govdata-de-org-berlin-open-data	https://ckan.govdata.de/api/3/action/package_search?fq=organization:berlin-open-data&rows=100	json:result.results		ckan.govdata.de — org-berlin-open-data (Germany)		de_opendata	opendata	de	de,ckan,opendata,org-berlin-open-data	86400	Everything published by Berlin Open Data on this portal: every dataset with its resources, licence, tags and last-modified date. Served by the CKAN platform at ckan.govdata.de.	NET_ERR	[Errno 111] Connection refused
de-ckan-govdata-de-org-bundesagentur-fur-arbeit	https://ckan.govdata.de/api/3/action/package_search?fq=organization:bundesagentur-fur-arbeit&rows=100	json:result.results		ckan.govdata.de — org-bundesagentur-fur-arbeit (Germany)		de_opendata	opendata	de	de,ckan,opendata,org-bundesagentur-fur-arbeit	86400	Everything published by Bundesagentur für Arbeit on this portal: every dataset with its resources, licence, tags and last-modified date. Served by the CKAN platform at ckan.govdata.de.	NET_ERR	timed out
de-ckan-govdata-de-org-bundesamt-fur-bauwesen-und-raumordnung-b	https://ckan.govdata.de/api/3/action/package_search?fq=organization:bundesamt-fur-bauwesen-und-raumordnung-bbr&rows=100	json:result.results		ckan.govdata.de — org-bundesamt-fur-bauwesen-und-raumordnung-b (Germany)		de_opendata	opendata	de	de,ckan,opendata,org-bundesamt-fur-bauwesen-und-raumordnung-b	86400	Everything published by Bundesamt für Bauwesen und Raumordnung (BBR) on this portal: every dataset with its resources, licence, tags and last-modified date. Served by the CKAN platform at ckan.govdata.de.	NET_ERR	timed out
de-ckan-govdata-de-org-bundesamt-fur-justiz	https://ckan.govdata.de/api/3/action/package_search?fq=organization:bundesamt-fur-justiz&rows=100	json:result.results		ckan.govdata.de — org-bundesamt-fur-justiz (Germany)		de_opendata	opendata	de	de,ckan,opendata,org-bundesamt-fur-justiz	86400	Everything published by Bundesamt für Justiz on this portal: every dataset with its resources, licence, tags and last-modified date. Served by the CKAN platform at ckan.govdata.de.	NET_ERR	timed out
de-ckan-govdata-de-org-bvamt	https://ckan.govdata.de/api/3/action/package_search?fq=organization:bvamt&rows=100	json:result.results		ckan.govdata.de — org-bvamt (Germany)		de_opendata	opendata	de	de,ckan,opendata,org-bvamt	86400	Everything published by Bundesamt für Soziale Sicherung on this portal: every dataset with its resources, licence, tags and last-modified date. Served by the CKAN platform at ckan.govdata.de.	NET_ERR	timed out
de-ckan-govdata-de-org-bundesamt-fur-strahlenschutz	https://ckan.govdata.de/api/3/action/package_search?fq=organization:bundesamt-fur-strahlenschutz&rows=100	json:result.results		ckan.govdata.de — org-bundesamt-fur-strahlenschutz (Germany)		de_opendata	opendata	de	de,ckan,opendata,org-bundesamt-fur-strahlenschutz	86400	Everything published by Bundesamt für Strahlenschutz on this portal: every dataset with its resources, licence, tags and last-modified date. Served by the CKAN platform at ckan.govdata.de.	NET_ERR	timed out
de-ckan-govdata-de-org-bvl	https://ckan.govdata.de/api/3/action/package_search?fq=organization:bvl&rows=100	json:result.results		ckan.govdata.de — org-bvl (Germany)		de_opendata	opendata	de	de,ckan,opendata,org-bvl	86400	Everything published by Bundesamt für Verbraucherschutz und Lebensmittelsicherheit on this portal: every dataset with its resources, licence, tags and last-modified date. Served by the CKAN platform at ckan.govdata.de.	NET_ERR	[Errno 111] Connection refused
de-ckan-govdata-de-org-bafa	https://ckan.govdata.de/api/3/action/package_search?fq=organization:bafa&rows=100	json:result.results		ckan.govdata.de — org-bafa (Germany)		de_opendata	opendata	de	de,ckan,opendata,org-bafa	86400	Everything published by Bundesamt für Wirtschaft und Ausfuhrkontrolle on this portal: every dataset with its resources, licence, tags and last-modified date. Served by the CKAN platform at ckan.govdata.de.	NET_ERR	[Errno 111] Connection refused
de-ckan-govdata-de-org-baua	https://ckan.govdata.de/api/3/action/package_search?fq=organization:baua&rows=100	json:result.results		ckan.govdata.de — org-baua (Germany)		de_opendata	opendata	de	de,ckan,opendata,org-baua	86400	Everything published by Bundesanstalt für Arbeitsschutz und Arbeitsmedizin  on this portal: every dataset with its resources, licence, tags and last-modified date. Served by the CKAN platform at ckan.govdata.de.	NET_ERR	[Errno 111] Connection refused
de-ckan-govdata-de-org-bam	https://ckan.govdata.de/api/3/action/package_search?fq=organization:bam&rows=100	json:result.results		ckan.govdata.de — org-bam (Germany)		de_opendata	opendata	de	de,ckan,opendata,org-bam	86400	Everything published by Bundesanstalt für Materialforschung und -prüfung (BAM) on this portal: every dataset with its resources, licence, tags and last-modified date. Served by the CKAN platform at ckan.govdata.de.	NET_ERR	[Errno 111] Connection refused
de-ckan-govdata-de-org-bundesarchiv	https://ckan.govdata.de/api/3/action/package_search?fq=organization:bundesarchiv&rows=100	json:result.results		ckan.govdata.de — org-bundesarchiv (Germany)		de_opendata	opendata	de	de,ckan,opendata,org-bundesarchiv	86400	Everything published by Bundesarchiv on this portal: every dataset with its resources, licence, tags and last-modified date. Served by the CKAN platform at ckan.govdata.de.	NET_ERR	[Errno 111] Connection refused
de-ckan-govdata-de-org-badv	https://ckan.govdata.de/api/3/action/package_search?fq=organization:badv&rows=100	json:result.results		ckan.govdata.de — org-badv (Germany)		de_opendata	opendata	de	de,ckan,opendata,org-badv	86400	Everything published by Bundesausgleichsamt on this portal: every dataset with its resources, licence, tags and last-modified date. Served by the CKAN platform at ckan.govdata.de.	NET_ERR	timed out
de-ckan-govdata-de-org-bbsr	https://ckan.govdata.de/api/3/action/package_search?fq=organization:bbsr&rows=100	json:result.results		ckan.govdata.de — org-bbsr (Germany)		de_opendata	opendata	de	de,ckan,opendata,org-bbsr	86400	Everything published by Bundesinstitut für Bau-, Stadt- und Raumforschung (BBSR) im Bundesamt für Bauwesen und Raumordnung (BBR) on this portal: every dataset with its resources, licence, tags and last-modified date. Served by the CKAN platform at ckan.govdata.de.	NET_ERR	[Errno 111] Connection refused
de-ckan-govdata-de-org-bundesinstitut-fur-risikobewertung	https://ckan.govdata.de/api/3/action/package_search?fq=organization:bundesinstitut-fur-risikobewertung&rows=100	json:result.results		ckan.govdata.de — org-bundesinstitut-fur-risikobewertung (Germany)		de_opendata	opendata	de	de,ckan,opendata,org-bundesinstitut-fur-risikobewertung	86400	Everything published by Bundesinstitut für Risikobewertung on this portal: every dataset with its resources, licence, tags and last-modified date. Served by the CKAN platform at ckan.govdata.de.	NET_ERR	[Errno 111] Connection refused
de-ckan-govdata-de-org-bmf	https://ckan.govdata.de/api/3/action/package_search?fq=organization:bmf&rows=100	json:result.results		ckan.govdata.de — org-bmf (Germany)		de_opendata	opendata	de	de,ckan,opendata,org-bmf	86400	Everything published by Bundesministerium der Finanzen on this portal: every dataset with its resources, licence, tags and last-modified date. Served by the CKAN platform at ckan.govdata.de.	NET_ERR	timed out
de-ckan-govdata-de-org-bmvg	https://ckan.govdata.de/api/3/action/package_search?fq=organization:bmvg&rows=100	json:result.results		ckan.govdata.de — org-bmvg (Germany)		de_opendata	opendata	de	de,ckan,opendata,org-bmvg	86400	Everything published by Bundesministerium der Verteidigung on this portal: every dataset with its resources, licence, tags and last-modified date. Served by the CKAN platform at ckan.govdata.de.	NET_ERR	[Errno 111] Connection refused
de-ckan-govdata-de-org-bmi	https://ckan.govdata.de/api/3/action/package_search?fq=organization:bmi&rows=100	json:result.results		ckan.govdata.de — org-bmi (Germany)		de_opendata	opendata	de	de,ckan,opendata,org-bmi	86400	Everything published by Bundesministerium des Innern und Heimat on this portal: every dataset with its resources, licence, tags and last-modified date. Served by the CKAN platform at ckan.govdata.de.	NET_ERR	[Errno 111] Connection refused
de-ckan-govdata-de-org-bmas	https://ckan.govdata.de/api/3/action/package_search?fq=organization:bmas&rows=100	json:result.results		ckan.govdata.de — org-bmas (Germany)		de_opendata	opendata	de	de,ckan,opendata,org-bmas	86400	Everything published by Bundesministerium für Arbeit und Soziales on this portal: every dataset with its resources, licence, tags and last-modified date. Served by the CKAN platform at ckan.govdata.de.	NET_ERR	[Errno 111] Connection refused
de-ckan-govdata-de-org-bmel	https://ckan.govdata.de/api/3/action/package_search?fq=organization:bmel&rows=100	json:result.results		ckan.govdata.de — org-bmel (Germany)		de_opendata	opendata	de	de,ckan,opendata,org-bmel	86400	Everything published by Bundesministerium für Ernährung und Landwirtschaft on this portal: every dataset with its resources, licence, tags and last-modified date. Served by the CKAN platform at ckan.govdata.de.	NET_ERR	[Errno 111] Connection refused
de-ckan-govdata-de-org-bmfsfj	https://ckan.govdata.de/api/3/action/package_search?fq=organization:bmfsfj&rows=100	json:result.results		ckan.govdata.de — org-bmfsfj (Germany)		de_opendata	opendata	de	de,ckan,opendata,org-bmfsfj	86400	Everything published by Bundesministerium für Familie, Senioren, Frauen und Jugend on this portal: every dataset with its resources, licence, tags and last-modified date. Served by the CKAN platform at ckan.govdata.de.	NET_ERR	[Errno 111] Connection refused
de-ckan-govdata-de-org-bundesministerium-fur-bildung-und-forsch	https://ckan.govdata.de/api/3/action/package_search?fq=organization:bundesministerium-fur-bildung-und-forschung&rows=100	json:result.results		ckan.govdata.de — org-bundesministerium-fur-bildung-und-forsch (Germany)		de_opendata	opendata	de	de,ckan,opendata,org-bundesministerium-fur-bildung-und-forsch	86400	Everything published by Bundesministerium für Forschung, Technologie und Raumfahrt on this portal: every dataset with its resources, licence, tags and last-modified date. Served by the CKAN platform at ckan.govdata.de.	NET_ERR	[Errno 111] Connection refused
de-ckan-govdata-de-org-bmg	https://ckan.govdata.de/api/3/action/package_search?fq=organization:bmg&rows=100	json:result.results		ckan.govdata.de — org-bmg (Germany)		de_opendata	opendata	de	de,ckan,opendata,org-bmg	86400	Everything published by Bundesministerium für Gesundheit (BMG) on this portal: every dataset with its resources, licence, tags and last-modified date. Served by the CKAN platform at ckan.govdata.de.	NET_ERR	[Errno 111] Connection refused
de-ckan-govdata-de-org-bundesministerium-fur-umwelt-naturschutz	https://ckan.govdata.de/api/3/action/package_search?fq=organization:bundesministerium-fur-umwelt-naturschutz-nukleare-sicherheit-und-verbraucherschutz&rows=100	json:result.results		ckan.govdata.de — org-bundesministerium-fur-umwelt-naturschutz (Germany)		de_opendata	opendata	de	de,ckan,opendata,org-bundesministerium-fur-umwelt-naturschutz	86400	Everything published by Bundesministerium für Umwelt Naturschutz nukleare Sicherheit und Verbraucherschutz on this portal: every dataset with its resources, licence, tags and last-modified date. Served by the CKAN platform at ckan.govdata.de.	NET_ERR	[Errno 111] Connection refused
de-ckan-govdata-de-org-bmz	https://ckan.govdata.de/api/3/action/package_search?fq=organization:bmz&rows=100	json:result.results		ckan.govdata.de — org-bmz (Germany)		de_opendata	opendata	de	de,ckan,opendata,org-bmz	86400	Everything published by Bundesministerium für wirtschaftliche Zusammenarbeit und Entwicklung on this portal: every dataset with its resources, licence, tags and last-modified date. Served by the CKAN platform at ckan.govdata.de.	NET_ERR	timed out
de-ckan-govdata-de-org-bmwe	https://ckan.govdata.de/api/3/action/package_search?fq=organization:bmwe&rows=100	json:result.results		ckan.govdata.de — org-bmwe (Germany)		de_opendata	opendata	de	de,ckan,opendata,org-bmwe	86400	Everything published by Bundesministerium für Wirtschaft und Energie on this portal: every dataset with its resources, licence, tags and last-modified date. Served by the CKAN platform at ckan.govdata.de.	NET_ERR	[Errno 111] Connection refused
de-ckan-govdata-de-org-bsa	https://ckan.govdata.de/api/3/action/package_search?fq=organization:bsa&rows=100	json:result.results		ckan.govdata.de — org-bsa (Germany)		de_opendata	opendata	de	de,ckan,opendata,org-bsa	86400	Everything published by Bundessortenamt on this portal: every dataset with its resources, licence, tags and last-modified date. Served by the CKAN platform at ckan.govdata.de.	NET_ERR	timed out
de-ckan-govdata-de-org-bva	https://ckan.govdata.de/api/3/action/package_search?fq=organization:bva&rows=100	json:result.results		ckan.govdata.de — org-bva (Germany)		de_opendata	opendata	de	de,ckan,opendata,org-bva	86400	Everything published by Bundesverwaltungsamt on this portal: every dataset with its resources, licence, tags and last-modified date. Served by the CKAN platform at ckan.govdata.de.	NET_ERR	[Errno 111] Connection refused
de-ckan-govdata-de-org-bzst	https://ckan.govdata.de/api/3/action/package_search?fq=organization:bzst&rows=100	json:result.results		ckan.govdata.de — org-bzst (Germany)		de_opendata	opendata	de	de,ckan,opendata,org-bzst	86400	Everything published by Bundeszentralamt für Steuern on this portal: every dataset with its resources, licence, tags and last-modified date. Served by the CKAN platform at ckan.govdata.de.	NET_ERR	timed out
de-ckan-govdata-de-org-bfdi	https://ckan.govdata.de/api/3/action/package_search?fq=organization:bfdi&rows=100	json:result.results		ckan.govdata.de — org-bfdi (Germany)		de_opendata	opendata	de	de,ckan,opendata,org-bfdi	86400	Everything published by Der Bundesbeauftragte für den Datenschutz und die Informationsfreiheit on this portal: every dataset with its resources, licence, tags and last-modified date. Served by the CKAN platform at ckan.govdata.de.	NET_ERR	[Errno 111] Connection refused
de-ckan-govdata-de-org-deutsche-nationalbibliothek	https://ckan.govdata.de/api/3/action/package_search?fq=organization:deutsche-nationalbibliothek&rows=100	json:result.results		ckan.govdata.de — org-deutsche-nationalbibliothek (Germany)		de_opendata	opendata	de	de,ckan,opendata,org-deutsche-nationalbibliothek	86400	Everything published by Deutsche Nationalbibliothek on this portal: every dataset with its resources, licence, tags and last-modified date. Served by the CKAN platform at ckan.govdata.de.	NET_ERR	[Errno 111] Connection refused
de-ckan-govdata-de-org-deutsche-rentenversicherung-bund	https://ckan.govdata.de/api/3/action/package_search?fq=organization:deutsche-rentenversicherung-bund&rows=100	json:result.results		ckan.govdata.de — org-deutsche-rentenversicherung-bund (Germany)		de_opendata	opendata	de	de,ckan,opendata,org-deutsche-rentenversicherung-bund	86400	Everything published by Deutsche Rentenversicherung Bund on this portal: every dataset with its resources, licence, tags and last-modified date. Served by the CKAN platform at ckan.govdata.de.	NET_ERR	[Errno 111] Connection refused
de-ckan-govdata-de-org-dpma	https://ckan.govdata.de/api/3/action/package_search?fq=organization:dpma&rows=100	json:result.results		ckan.govdata.de — org-dpma (Germany)		de_opendata	opendata	de	de,ckan,opendata,org-dpma	86400	Everything published by Deutsches Patent- und Markenamt on this portal: every dataset with its resources, licence, tags and last-modified date. Served by the CKAN platform at ckan.govdata.de.	NET_ERR	[Errno 111] Connection refused
de-ckan-govdata-de-org-bkm	https://ckan.govdata.de/api/3/action/package_search?fq=organization:bkm&rows=100	json:result.results		ckan.govdata.de — org-bkm (Germany)		de_opendata	opendata	de	de,ckan,opendata,org-bkm	86400	Everything published by Die Beauftragte der Bundesregierung für Kultur und Medien on this portal: every dataset with its resources, licence, tags and last-modified date. Served by the CKAN platform at ckan.govdata.de.	NET_ERR	[Errno 111] Connection refused
de-ckan-govdata-de-org-fitko-foderale-it-kooperation	https://ckan.govdata.de/api/3/action/package_search?fq=organization:fitko-foderale-it-kooperation&rows=100	json:result.results		ckan.govdata.de — org-fitko-foderale-it-kooperation (Germany)		de_opendata	opendata	de	de,ckan,opendata,org-fitko-foderale-it-kooperation	86400	Everything published by FITKO (Föderale IT-Kooperation) on this portal: every dataset with its resources, licence, tags and last-modified date. Served by the CKAN platform at ckan.govdata.de.	NET_ERR	[Errno 111] Connection refused
de-ckan-govdata-de-org-freistaat-sachsen	https://ckan.govdata.de/api/3/action/package_search?fq=organization:freistaat-sachsen&rows=100	json:result.results		ckan.govdata.de — org-freistaat-sachsen (Germany)		de_opendata	opendata	de	de,ckan,opendata,org-freistaat-sachsen	86400	Everything published by Freistaat Sachsen on this portal: every dataset with its resources, licence, tags and last-modified date. Served by the CKAN platform at ckan.govdata.de.	NET_ERR	[Errno 111] Connection refused
de-ckan-govdata-de-org-fli	https://ckan.govdata.de/api/3/action/package_search?fq=organization:fli&rows=100	json:result.results		ckan.govdata.de — org-fli (Germany)		de_opendata	opendata	de	de,ckan,opendata,org-fli	86400	Everything published by Friedrich-Loeffler-Institut on this portal: every dataset with its resources, licence, tags and last-modified date. Served by the CKAN platform at ckan.govdata.de.	NET_ERR	[Errno 111] Connection refused
de-ckan-govdata-de-org-gdi-de	https://ckan.govdata.de/api/3/action/package_search?fq=organization:gdi-de&rows=100	json:result.results		ckan.govdata.de — org-gdi-de (Germany)		de_opendata	opendata	de	de,ckan,opendata,org-gdi-de	86400	Everything published by GDI-DE on this portal: every dataset with its resources, licence, tags and last-modified date. Served by the CKAN platform at ckan.govdata.de.	NET_ERR	[Errno 111] Connection refused
de-ckan-govdata-de-org-zoll	https://ckan.govdata.de/api/3/action/package_search?fq=organization:zoll&rows=100	json:result.results		ckan.govdata.de — org-zoll (Germany)		de_opendata	opendata	de	de,ckan,opendata,org-zoll	86400	Everything published by Generalzolldirektion on this portal: every dataset with its resources, licence, tags and last-modified date. Served by the CKAN platform at ckan.govdata.de.	NET_ERR	[Errno 111] Connection refused
de-ckan-govdata-de-org-itzbund	https://ckan.govdata.de/api/3/action/package_search?fq=organization:itzbund&rows=100	json:result.results		ckan.govdata.de — org-itzbund (Germany)		de_opendata	opendata	de	de,ckan,opendata,org-itzbund	86400	Everything published by ITZBund on this portal: every dataset with its resources, licence, tags and last-modified date. Served by the CKAN platform at ckan.govdata.de.	NET_ERR	[Errno 111] Connection refused
de-ckan-govdata-de-org-land-brandenburg	https://ckan.govdata.de/api/3/action/package_search?fq=organization:land-brandenburg&rows=100	json:result.results		ckan.govdata.de — org-land-brandenburg (Germany)		de_opendata	opendata	de	de,ckan,opendata,org-land-brandenburg	86400	Everything published by Land Brandenburg on this portal: every dataset with its resources, licence, tags and last-modified date. Served by the CKAN platform at ckan.govdata.de.	NET_ERR	[Errno 111] Connection refused
de-suche-transparenz-hamburg-de-activity	https://suche.transparenz.hamburg.de/api/3/action/recently_changed_packages_activity_list?limit=100	json:result		suche.transparenz.hamburg.de — activity (Germany)		de_opendata	opendata	de	de,ckan,opendata,activity	86400	Recent publish/update activity — what this authority changed and when, which is the change-detection signal behind the catalogue. Served by the CKAN platform at suche.transparenz.hamburg.de.	HTTP_ERR	BAD REQUEST
de-www-offenesdatenportal-de-activity	https://www.offenesdatenportal.de/api/3/action/recently_changed_packages_activity_list?limit=100	json:result		www.offenesdatenportal.de — activity (Germany)		de_opendata	opendata	de	de,ckan,opendata,activity	86400	Recent publish/update activity — what this authority changed and when, which is the change-detection signal behind the catalogue. Served by the CKAN platform at www.offenesdatenportal.de.	HTTP_ERR	BAD REQUEST
de-www-offenesdatenportal-de-org-stadt-bottrop	https://www.offenesdatenportal.de/api/3/action/package_search?fq=organization:stadt-bottrop&rows=100	json:result.results		www.offenesdatenportal.de — org-stadt-bottrop (Germany)		de_opendata	opendata	de	de,ckan,opendata,org-stadt-bottrop	86400	Everything published by Stadt Bottrop on this portal: every dataset with its resources, licence, tags and last-modified date. Served by the CKAN platform at www.offenesdatenportal.de.	EMPTY_RESULTSET	{"help": "https://www.offenesdatenportal.de/api/3/action/help_show?name=package_search", "success": 
de-www-offenesdatenportal-de-org-stadt-goch	https://www.offenesdatenportal.de/api/3/action/package_search?fq=organization:stadt-goch&rows=100	json:result.results		www.offenesdatenportal.de — org-stadt-goch (Germany)		de_opendata	opendata	de	de,ckan,opendata,org-stadt-goch	86400	Everything published by Stadt Goch on this portal: every dataset with its resources, licence, tags and last-modified date. Served by the CKAN platform at www.offenesdatenportal.de.	EMPTY_RESULTSET	{"help": "https://www.offenesdatenportal.de/api/3/action/help_show?name=package_search", "success": 
de-www-offenesdatenportal-de-org-stadt-tonisvorst	https://www.offenesdatenportal.de/api/3/action/package_search?fq=organization:stadt-tonisvorst&rows=100	json:result.results		www.offenesdatenportal.de — org-stadt-tonisvorst (Germany)		de_opendata	opendata	de	de,ckan,opendata,org-stadt-tonisvorst	86400	Everything published by Stadt Tönisvorst on this portal: every dataset with its resources, licence, tags and last-modified date. Served by the CKAN platform at www.offenesdatenportal.de.	EMPTY_RESULTSET	{"help": "https://www.offenesdatenportal.de/api/3/action/help_show?name=package_search", "success": 
de-opendata-schleswig-holstein-de-activity	https://opendata.schleswig-holstein.de/api/3/action/recently_changed_packages_activity_list?limit=100	json:result		opendata.schleswig-holstein.de — activity (Germany)		de_opendata	opendata	de	de,ckan,opendata,activity	86400	Recent publish/update activity — what this authority changed and when, which is the change-detection signal behind the catalogue. Served by the CKAN platform at opendata.schleswig-holstein.de.	HTTP_ERR	Bad Request
de-opendata-schleswig-holstein-de-org-amt-hohe-elbgeest	https://opendata.schleswig-holstein.de/api/3/action/package_search?fq=organization:amt-hohe-elbgeest&rows=100	json:result.results		opendata.schleswig-holstein.de — org-amt-hohe-elbgeest (Germany)		de_opendata	opendata	de	de,ckan,opendata,org-amt-hohe-elbgeest	86400	Everything published by Amt Hohe Elbgeest on this portal: every dataset with its resources, licence, tags and last-modified date. Served by the CKAN platform at opendata.schleswig-holstein.de.	EMPTY_RESULTSET	{"help": "https://opendata.schleswig-holstein.de/api/3/action/help_show?name=package_search", "succe
de-opendata-schleswig-holstein-de-org-amt-kellinghusen	https://opendata.schleswig-holstein.de/api/3/action/package_search?fq=organization:amt-kellinghusen&rows=100	json:result.results		opendata.schleswig-holstein.de — org-amt-kellinghusen (Germany)		de_opendata	opendata	de	de,ckan,opendata,org-amt-kellinghusen	86400	Everything published by Amt Kellinghusen on this portal: every dataset with its resources, licence, tags and last-modified date. Served by the CKAN platform at opendata.schleswig-holstein.de.	EMPTY_RESULTSET	{"help": "https://opendata.schleswig-holstein.de/api/3/action/help_show?name=package_search", "succe
de-opendata-schleswig-holstein-de-org-amt-mitteldithmarschen	https://opendata.schleswig-holstein.de/api/3/action/package_search?fq=organization:amt-mitteldithmarschen&rows=100	json:result.results		opendata.schleswig-holstein.de — org-amt-mitteldithmarschen (Germany)		de_opendata	opendata	de	de,ckan,opendata,org-amt-mitteldithmarschen	86400	Everything published by Amt Mitteldithmarschen on this portal: every dataset with its resources, licence, tags and last-modified date. Served by the CKAN platform at opendata.schleswig-holstein.de.	EMPTY_RESULTSET	{"help": "https://opendata.schleswig-holstein.de/api/3/action/help_show?name=package_search", "succe
