id	url	verdict	kind	items	http	bytes	note
JPMUNI_ODA_UPDATE	https://www.city.oda.lg.jp/feed/	PASS	rss	892	200	261251	
JPMUNI_KITAKYUSHU_UPDATE	https://www.city.kitakyushu.lg.jp/index.rdf	PASS	rss	116	200	55553	
JPMUNI_TSURUOKA_UPDATE	https://www.city.tsuruoka.lg.jp/rss_news.xml	PASS	rss	100	200	52270	
JPMUNI_MAIZURU_UPDATE	https://www.city.maizuru.kyoto.jp/rss/rss.xml	PASS	rss	100	200	28640	
JPMUNI_FURANO_UPDATE	https://www.city.furano.hokkaido.jp/life/docs/rss.xml	PASS	rss	100	200	29282	
JPMUNI_SAKATA_UPDATE	https://www.city.sakata.lg.jp/rss_news.xml	PASS	rss	100	200	53321	
JPMUNI_SAGAE_UPDATE	https://www.city.sagae.yamagata.jp/rss_news.xml	PASS	rss	100	200	53369	
JPMUNI_TAINAI_UPDATE	https://www.city.tainai.niigata.jp/shinchaku/shinchaku.xml	PASS	rss	100	200	69776	
JPMUNI_YUBARI_UPDATE	https://www.city.yubari.lg.jp/rss/10/list1.xml	PASS	rss	100	200	69068	
JPMUNI_ASAHI_UPDATE	https://www.city.asahi.lg.jp/rss/10/list1.xml	PASS	rss	100	200	82675	
JPMUNI_TOON_UPDATE	https://www.city.toon.ehime.jp/rss/10/list1.xml	PASS	rss	100	200	68848	
JPMUNI_ABASHIRI_UPDATE	https://www.city.abashiri.hokkaido.jp/rss/10/list1.xml	PASS	rss	100	200	72949	
JPMUNI_MATSUSAKA_UPDATE	https://www.city.matsusaka.mie.jp/rss/10/list1.xml	PASS	rss	100	200	71054	
JPMUNI_MURAKAMI_UPDATE	https://www.city.murakami.lg.jp/rss/10/list1.xml	PASS	rss	100	200	404490	
JPMUNI_DAZAIFU_UPDATE	https://www.city.dazaifu.lg.jp/rss/10/list1.xml	PASS	rss	100	200	80980	
JPMUNI_AGEO_UPDATE	https://www.city.ageo.lg.jp/rss/10/list1.xml	PASS	rss	100	200	71627	
JPMUNI_KASHIMA_UPDATE	https://www.city.kashima.ibaraki.jp/rss/10/list1.xml	PASS	rss	100	200	315181	
JPMUNI_MIYAKONOJO_UPDATE	https://www.city.miyakonojo.miyazaki.jp/rss/10/list1.xml	PASS	rss	100	200	83630	
JPMUNI_SHIMANTO_UPDATE	https://www.city.shimanto.lg.jp/rss/10/list1.xml	PASS	rss	100	200	69463	
JPMUNI_KONOSU_UPDATE	https://www.city.kounosu.saitama.jp/rss/10/list1.xml	PASS	rss	100	200	71300	
JPMUNI_MARUGAME_UPDATE	https://www.city.marugame.lg.jp/rss/10/list1.xml	PASS	rss	100	200	73296	
JPMUNI_SHIJONAWATE_UPDATE	https://www.city.shijonawate.lg.jp/rss/10/list1.xml	PASS	rss	100	200	71643	
JPMUNI_SHUNAN_UPDATE	https://www.city.shunan.lg.jp/rss/10/list1.xml	PASS	rss	100	200	73642	
JPMUNI_ZENTSUJI_UPDATE	https://www.city.zentsuji.kagawa.jp/rss/10/list1.xml	PASS	rss	100	200	70761	
JPMUNI_KAMINOYAMA_UPDATE	https://www.city.kaminoyama.yamagata.jp/rss/10/list1.xml	PASS	rss	100	200	53086	
JPMUNI_KITAKATA_UPDATE	https://www.city.kitakata.fukushima.jp/rss/10/list1.xml	PASS	rss	100	200	77624	
JPMUNI_HACHIMANTAI_UPDATE	https://www.city.hachimantai.lg.jp/rss/10/list1.xml	PASS	rss	100	200	404450	
JPMUNI_FUJIYOSHIDA_UPDATE	https://www.city.fujiyoshida.yamanashi.jp/rss/10/list1.xml	PASS	rss	100	200	72920	
JPMUNI_UJI_UPDATE	https://www.city.uji.kyoto.jp/rss/10/list1.xml	PASS	rss	100	200	73779	
JPMUNI_NATORI_UPDATE	https://www.city.natori.miyagi.jp/rss/10/list1.xml	PASS	rss	100	200	82252	
JPMUNI_SHIOGAMA_UPDATE	https://www.city.shiogama.miyagi.jp/rss/10/list1.xml	PASS	rss	100	200	298705	
JPMUNI_NOBEOKA_UPDATE	https://www.city.nobeoka.miyazaki.jp/rss/10/list1.xml	PASS	rss	100	200	71693	
JPMUNI_YAMAGATA_UPDATE	https://www.city.yamagata.gifu.jp/rss/10/list1.xml	PASS	rss	100	200	304081	
JPMUNI_MISHIMA_UPDATE	https://www.city.mishima.shizuoka.jp/rss/10/list1.xml	PASS	rss	100	200	78562	
JPMUNI_MITSUKE_UPDATE	https://www.city.mitsuke.niigata.jp/rss/10/list1.xml	PASS	rss	100	200	70582	
JPMUNI_EBETSU_UPDATE	https://www.city.ebetsu.hokkaido.jp/rss/10/list1.xml	PASS	rss	100	200	75989	
JPMUNI_IWAKUNI_UPDATE	https://www.city.iwakuni.lg.jp/rss/10/list1.xml	PASS	rss	100	200	49053	
JPMUNI_SUMOTO_UPDATE	https://www.city.sumoto.lg.jp/rss/10/list1.xml	PASS	rss	100	200	72935	
JPMUNI_MAKURAZAKI_UPDATE	https://www.city.makurazaki.lg.jp/rss/10/list1.xml	PASS	rss	100	200	72287	
JPMUNI_ANNAKA_UPDATE	https://www.city.annaka.lg.jp/rss/10/list1.xml	PASS	rss	100	200	66815	
JPMUNI_TAKATSUKI_UPDATE	https://www.city.takatsuki.osaka.jp/rss/10/list1.xml	PASS	rss	100	200	72330	
JPMUNI_KAKUDA_UPDATE	https://www.city.kakuda.lg.jp/rss/10/list1.xml	PASS	rss	100	200	396865	
JPMUNI_HITA_UPDATE	https://www.city.hita.oita.jp/rss/10/list1.xml	PASS	rss	100	200	88232	
JPMUNI_KATSUURA_UPDATE	https://www.city.katsuura.lg.jp/rss/10/list1.xml	PASS	rss	100	200	71343	
JPMUNI_HAGI_UPDATE	https://www.city.hagi.lg.jp/rss/10/list1.xml	PASS	rss	100	200	46885	
JPMUNI_MITO_UPDATE	https://www.city.mito.lg.jp/rss/10/list1.xml	PASS	rss	100	200	70875	
JPMUNI_GERO_UPDATE	https://www.city.gero.lg.jp/rss/10/list1.xml	PASS	rss	100	200	66233	
JPMUNI_IWADE_UPDATE	https://www.city.iwade.lg.jp/rss/10/list1.xml	PASS	rss	100	200	69598	
JPMUNI_AWAJI_UPDATE	https://www.city.awaji.lg.jp/rss/10/list1.xml	PASS	rss	100	200	67367	
JPMUNI_OWARIASAHI_UPDATE	https://www.city.owariasahi.lg.jp/rss/10/list1.xml	PASS	rss	100	200	65960	
JPMUNI_GAMAGORI_UPDATE	https://www.city.gamagori.lg.jp/rss/10/list1.xml	PASS	rss	100	200	80366	
JPMUNI_KAWACHINAGANO_UPDATE	https://www.city.kawachinagano.lg.jp/rss/10/list1.xml	PASS	rss	100	200	54593	
JPMUNI_KAI_UPDATE	https://www.city.kai.yamanashi.jp/rss/10/list1.xml	PASS	rss	100	200	83918	
JPMUNI_KAMOGAWA_UPDATE	https://www.city.kamogawa.lg.jp/rss/10/list1.xml	PASS	rss	100	200	73354	
JPMUNI_YAMANASHI_UPDATE	https://www.city.yamanashi.yamanashi.jp/rss/10/list1.xml	PASS	rss	100	200	77871	
JPMUNI_OME_UPDATE	https://www.city.ome.tokyo.jp/rss/10/list1.xml	PASS	rss	100	200	70315	
JPMUNI_TSUKUMI_UPDATE	https://www.city.tsukumi.oita.jp/rss/10/list1.xml	PASS	rss	100	200	68479	
JPMUNI_MIYOSHI_UPDATE	https://www.city.miyoshi.hiroshima.jp/rss/10/list1.xml	PASS	rss	100	200	69148	
JPMUNI_TODA_UPDATE	https://www.city.toda.saitama.jp/rss/10/list1.xml	PASS	rss	100	200	77637	
JPMUNI_YUZAWA_UPDATE	https://www.city-yuzawa.jp/rss/10/list1.xml	PASS	rss	100	200	75726	
JPMUNI_DAITO_UPDATE	https://www.city.daito.lg.jp/rss/10/list1.xml	PASS	rss	100	200	73399	
JPMUNI_HIGASHIMATSUYAMA_UPDATE	https://www.city.higashimatsuyama.lg.jp/rss/10/list1.xml	PASS	rss	100	200	86892	
JPMUNI_KASHIBA_UPDATE	https://www.city.kashiba.lg.jp/rss/10/list1.xml	PASS	rss	100	200	68216	
JPMUNI_IIDA_UPDATE	https://www.city.iida.lg.jp/rss/10/list1.xml	PASS	rss	100	200	50591	
JPMUNI_TAKIKAWA_UPDATE	https://www.city.takikawa.lg.jp/rss/10/list1.xml	PASS	rss	100	200	80519	
JPMUNI_UEDA_UPDATE	https://www.city.ueda.nagano.jp/rss/10/list1.xml	PASS	rss	100	200	73909	
JPMUNI_NAGATO_UPDATE	https://www.city.nagato.yamaguchi.jp/rss/10/list1.xml	PASS	rss	100	200	70852	
JPMUNI_YAMAGUCHI_UPDATE	https://www.city.yamaguchi.lg.jp/rss/10/list1.xml	PASS	rss	100	200	70046	
JPMUNI_SUWA_UPDATE	https://www.city.suwa.lg.jp/rss/10/list1.xml	PASS	rss	100	200	70618	
JPMUNI_SHIROISHI_UPDATE	https://www.city.shiroishi.miyagi.jp/rss/10/list1.xml	PASS	rss	100	200	48117	
JPMUNI_ASAKURA_UPDATE	https://www.city.asakura.lg.jp/rss/10/list1.xml	PASS	rss	100	200	72055	
JPMUNI_HIDA_UPDATE	https://www.city.hida.gifu.jp/rss/10/list1.xml	PASS	rss	100	200	70941	
JPMUNI_KATSUYAMA_UPDATE	https://www.city.katsuyama.fukui.jp/rss/10/list1.xml	PASS	rss	100	200	47324	
JPMUNI_TSURUGA_UPDATE	https://www.city.tsuruga.lg.jp/rss/10/list1.xml	PASS	rss	100	200	70084	
JPMUNI_SAKADO_UPDATE	https://www.city.sakado.lg.jp/rss/10/list1.xml	PASS	rss	100	200	69412	
JPMUNI_UONUMA_UPDATE	https://www.city.uonuma.lg.jp/rss/10/list1.xml	PASS	rss	100	200	68347	
JPMUNI_GOTSU_UPDATE	https://www.city.gotsu.lg.jp/rss/10/list1.xml	PASS	rss	100	200	75267	
JPMUNI_MAKINOHARA_UPDATE	https://www.city.makinohara.shizuoka.jp/rss/10/list1.xml	PASS	rss	100	200	73411	
JPMUNI_MUKO_UPDATE	https://www.city.muko.kyoto.jp/rss/10/list1.xml	PASS	rss	100	200	75438	
JPMUNI_UENOHARA_UPDATE	https://www.city.uenohara.yamanashi.jp/rss/10/list1.xml	PASS	rss	100	200	85252	
JPMUNI_KASAI_UPDATE	https://www.city.kasai.hyogo.jp/rss/10/list1.xml	PASS	rss	100	200	76651	
JPMUNI_YUKUHASHI_UPDATE	https://www.city.yukuhashi.fukuoka.jp/rss/10/list1.xml	PASS	rss	100	200	71371	
JPMUNI_TAKAHASHI_UPDATE	https://www.city.takahashi.lg.jp/rss/10/list1.xml	PASS	rss	100	200	73388	
JPMUNI_SAKAIDE_UPDATE	https://www.city.sakaide.lg.jp/rss/10/list1.xml	PASS	rss	100	200	74879	
JPMUNI_ITOIGAWA_UPDATE	https://www.city.itoigawa.lg.jp/rss/10/list1.xml	PASS	rss	100	200	71157	
JPMUNI_GUJO_UPDATE	https://www.city.gujo.gifu.jp/rss.xml	PASS	rss	100	200	466793	
JPMUNI_SHIOJIRI_UPDATE	https://www.city.shiojiri.lg.jp/rss/10/list1.xml	PASS	rss	100	200	69813	
JPMUNI_MINOKAMO_UPDATE	https://www.city.minokamo.lg.jp/rss/10/list1.xml	PASS	rss	100	200	68337	
JPMUNI_SHIBUSHI_UPDATE	https://www.city.shibushi.lg.jp/rss/10/list1.xml	PASS	rss	100	200	68898	
JPMUNI_TOSU_UPDATE	https://www.city.tosu.lg.jp/rss/10/list1.xml	PASS	rss	100	200	68060	
JPMUNI_MANIWA_UPDATE	https://www.city.maniwa.lg.jp/rss/10/list1.xml	PASS	rss	100	200	71842	
JPMUNI_SAN_YO_ONODA_UPDATE	https://www.city.sanyo-onoda.lg.jp/rss/10/list1.xml	PASS	rss	100	200	74974	
JPMUNI_KASAOKA_UPDATE	https://www.city.kasaoka.okayama.jp/rss/10/list1.xml	PASS	rss	100	200	69828	
JPMUNI_BIZEN_UPDATE	https://www.city.bizen.okayama.jp/rss/10/list1.xml	PASS	rss	100	200	66722	
JPMUNI_MOTOMIYA_UPDATE	https://www.city.motomiya.lg.jp/rss/10/list1.xml	PASS	rss	100	200	51375	
JPMUNI_MINAMI_AWAJI_UPDATE	https://www.city.minamiawaji.hyogo.jp/rss/10/list1.xml	PASS	rss	100	200	74598	
JPMUNI_SOJA_UPDATE	https://www.city.soja.okayama.jp/rss/10/list1.xml	PASS	rss	100	200	68523	
JPMUNI_KUNISAKI_UPDATE	https://www.city.kunisaki.oita.jp/rss/10/list1.xml	PASS	rss	100	200	75553	
JPMUNI_SHIKI_UPDATE	https://www.city.shiki.lg.jp/rss/10/list1.xml	PASS	rss	100	200	69583	
JPMUNI_KAMI_UPDATE	https://www.city.kami.lg.jp/rss/10/list1.xml	PASS	rss	100	200	72910	
JPMUNI_MIKI_UPDATE	https://www.city.miki.lg.jp/rss/10/list1.xml	PASS	rss	100	200	68753	
JPMUNI_ASAKUCHI_UPDATE	https://www.city.asakuchi.lg.jp/rss/10/list1.xml	PASS	rss	100	200	66524	
JPMUNI_NONOICHI_UPDATE	https://www.city.nonoichi.lg.jp/rss/10/list1.xml	PASS	rss	100	200	65540	
JPMUNI_FUKUCHIYAMA_UPDATE	https://www.city.fukuchiyama.lg.jp/rss/10/list1.xml	PASS	rss	100	200	73761	
JPMUNI_HATSUKAICHI_UPDATE	https://www.city.hatsukaichi.hiroshima.jp/rss/10/list1.xml	PASS	rss	99	200	72669	
JPMUNI_YAITA_UPDATE	https://www.city.yaita.tochigi.jp/rss/10/list1.xml	PASS	rss	98	200	301969	
JPMUNI_MINOH_UPDATE	https://www.city.minoh.lg.jp/shinchaku/shinchaku.xml	PASS	rss	80	200	53785	
JPMUNI_SETOUCHI_UPDATE	https://www.city.setouchi.lg.jp/rss/10/list1.xml	PASS	rss	73	200	52967	
JPMUNI_MIHARA_UPDATE	https://www.city.mihara.hiroshima.jp/rss/10/list1.xml	PASS	rss	71	200	52348	
JPMUNI_RYUGASAKI_UPDATE	https://www.city.ryugasaki.ibaraki.jp/rss_news.xml	PASS	rss	69	200	35149	
JPMUNI_OJIYA_UPDATE	https://www.city.ojiya.niigata.jp/rss/10/list1.xml	PASS	rss	66	200	50734	
JPMUNI_ABIKO_UPDATE	https://www.city.abiko.chiba.jp/rss_news.xml	PASS	rss	56	200	29435	
JPMUNI_KAHOKU_UPDATE	https://www.city.kahoku.lg.jp/topics.xml	PASS	rss	54	200	15815	
JPMUNI_AMAMI_UPDATE	https://www.city.amami.lg.jp/shinchaku/shinchaku.xml	PASS	rss	50	200	33325	
JPMUNI_CHITOSE_UPDATE	https://www.city.chitose.lg.jp/news.rss	PASS	rss	50	200	13183	
JPMUNI_IYO_UPDATE	https://www.city.iyo.lg.jp/new/shinchaku.xml	PASS	rss	50	200	34967	
JPMUNI_KANOYA_UPDATE	https://www.city.kanoya.lg.jp/oshirase.xml	PASS	rss	50	200	36407	
JPMUNI_KANUMA_UPDATE	https://www.city.kanuma.tochigi.jp/rss/rss10.xml	PASS	rss	50	200	55148	
JPMUNI_AKO_HIGHLIGHTED	https://www.city.ako.lg.jp/chumoku/chumoku.xml	PASS	rss	50	200	34931	
JPMUNI_IZUNOKUNI_UPDATE	https://www.city.izunokuni.shizuoka.jp/oshirase/oshirase.xml	PASS	rss	50	200	36357	
JPMUNI_YOSHIKAWA_UPDATE	https://www.city.yoshikawa.saitama.jp/rss.xml	PASS	rss	50	200	17403	
JPMUNI_NANTAN_UPDATE	https://www.city.nantan.kyoto.jp/www/rss/shinchaku.xml	PASS	rss	50	200	19560	
JPMUNI_ONO_UPDATE	https://www.city.ono.fukui.jp/rss_news.xml	PASS	rss	49	200	24260	
JPMUNI_TAKU_UPDATE	https://www.city.taku.lg.jp/rss/10/list1.xml	PASS	rss	48	200	35218	
JPMUNI_JOETSU_UPDATE	https://www.city.joetsu.niigata.jp/rss/10/list1.xml	PASS	rss	47	200	44715	
JPMUNI_CHIKUSHINO_UPDATE	https://www.city.chikushino.fukuoka.jp/rss/10/list1.xml	PASS	rss	45	200	34071	
JPMUNI_NAKAGAWA_UPDATE	https://www.city.nakagawa.lg.jp/rss/10/list1.xml	PASS	rss	44	200	35137	
JPMUNI_ANJO_UPDATE	https://www.city.anjo.aichi.jp/shinchaku/shinchaku.xml	PASS	rss	40	200	30194	
JPMUNI_ASHIKAGA_UPDATE	https://www.city.ashikaga.tochigi.jp/rss/rss10.xml	PASS	rss	32	200	36547	
JPMUNI_NAYORO_UPDATE	http://www.city.nayoro.lg.jp/rss.xml	PASS	rss	32	200	22040	
JPMUNI_INZAI_UPDATE	https://www.city.inzai.lg.jp/rss/rss.xml	PASS	rss	30	200	8691	
JPMUNI_IGA_UPDATE	https://www.city.iga.lg.jp/rss/rss.xml	PASS	rss	30	200	8480	
JPMUNI_TOGANE_UPDATE	https://www.city.togane.chiba.jp/rss/rss.xml	PASS	rss	30	200	8871	
JPMUNI_IKOMA_UPDATE	https://www.city.ikoma.lg.jp/rss/rss.xml	PASS	rss	30	200	9731	
JPMUNI_TOMISATO_UPDATE	https://www.city.tomisato.lg.jp/rss/rss.xml	PASS	rss	30	200	8129	
JPMUNI_IWAKURA_UPDATE	https://www.city.iwakura.aichi.jp/rss/rss.xml	PASS	rss	30	200	8910	
JPMUNI_FUTTSU_UPDATE	https://www.city.futtsu.lg.jp/rss/rss.xml	PASS	rss	30	200	8206	
JPMUNI_AYABE_UPDATE	https://www.city.ayabe.lg.jp/rss/rss.xml	PASS	rss	30	200	8374	
JPMUNI_MOBARA_UPDATE	https://www.city.mobara.chiba.jp/rss/rss.xml	PASS	rss	30	200	8723	
JPMUNI_OGAKI_UPDATE	https://www.city.ogaki.lg.jp/rss/rss.xml	PASS	rss	30	200	8768	
JPMUNI_OMURA_UPDATE	https://www.city.omura.nagasaki.jp/shinchaku/shinchaku.xml	PASS	rss	30	200	25319	
JPMUNI_JOYO_UPDATE	https://www.city.joyo.kyoto.jp/rss/rss.xml	PASS	rss	30	200	8295	
JPMUNI_AKIRUNO_UPDATE	https://www.city.akiruno.tokyo.jp/rss/rss.xml	PASS	rss	30	200	8960	
JPMUNI_YAWATA_UPDATE	https://www.city.yawata.kyoto.jp/rss/rss.xml	PASS	rss	30	200	8511	
JPMUNI_MOTOSU_UPDATE	https://www.city.motosu.lg.jp/rss/rss.xml	PASS	rss	30	200	7824	
JPMUNI_KAIZU_UPDATE	https://www.city.kaizu.lg.jp/rss/rss.xml	PASS	rss	30	200	8126	
JPMUNI_INAZAWA_UPDATE	https://www.city.inazawa.aichi.jp/rss/rss.xml	PASS	rss	30	200	7967	
JPMUNI_HAMURA_UPDATE	https://www.city.hamura.tokyo.jp/rss/rss.xml	PASS	rss	30	200	9994	
JPMUNI_NAGAHAMA_UPDATE	https://www.city.nagahama.lg.jp/rss/rss.xml	PASS	rss	30	200	8652	
JPMUNI_GOSE_UPDATE	https://www.city.gose.nara.jp/rss/rss.xml	PASS	rss	30	200	7897	
JPMUNI_OWASE_UPDATE	https://www.city.owase.lg.jp/rss/rss.xml	PASS	rss	30	200	9881	
JPMUNI_SEKI_UPDATE	https://www.city.seki.lg.jp/rss/rss.xml	PASS	rss	30	200	9075	
JPMUNI_NAGAOKAKYO_UPDATE	https://www.city.nagaokakyo.lg.jp/rss/rss.xml	PASS	rss	30	200	8697	
JPMUNI_MINAMIBOSO_UPDATE	https://www.city.minamiboso.chiba.jp/rss/rss.xml	PASS	rss	30	200	9217	
JPMUNI_KIZUGAWA_UPDATE	https://www.city.kizugawa.lg.jp/rss/rss.xml	PASS	rss	30	200	8024	
JPMUNI_OAMISHIRASATO_UPDATE	https://www.city.oamishirasato.lg.jp/rss/rss.xml	PASS	rss	30	200	8516	
JPMUNI_TATEYAMA_UPDATE	https://www.city.tateyama.chiba.jp/news.rdf	PASS	rss	30	200	12985	
JPMUNI_TOMI_UPDATE	https://www.city.tomi.nagano.jp/rss.xml	PASS	rss	30	200	11673	
JPMUNI_RUMOI_UPDATE	https://www.e-rumoi.jp/rss.xml	PASS	rss	30	200	8592	
JPMUNI_HACHIOJI_UPDATE	https://www.city.hachioji.tokyo.jp/topics.xml	PASS	rss	29	200	11500	
JPMUNI_OITA_UPDATE	https://www.city.oita.oita.jp/oshiraseichiran/oshirase.xml	PASS	rss	24	200	17078	
JPMUNI_SHIBUKAWA_UPDATE	https://www.city.shibukawa.lg.jp/rss/rss10.xml	PASS	rss	24	200	27280	
JPMUNI_YANAI_UPDATE	https://www.city-yanai.jp/rss/10/list1.xml	PASS	rss	23	200	16929	
JPMUNI_FUKAGAWA_UPDATE	https://www.city.fukagawa.lg.jp/cms/rss.xml	PASS	rss	21	200	16491	
JPMUNI_ASHIYA_UPDATE	https://www.city.ashiya.lg.jp/oshirase/oshirase.xml	PASS	rss	20	200	15370	
JPMUNI_KIKUGAWA_UPDATE	https://www.city.kikugawa.shizuoka.jp/chuumoku.xml	PASS	rss	20	200	13710	
JPMUNI_KASHIMA_UPDATE_2	https://www.city.saga-kashima.lg.jp/rss/rss_output.php	PASS	rss	20	200	171035	
JPMUNI_SAKURA_UPDATE	https://www.city.tochigi-sakura.lg.jp/rss/rss10.xml	PASS	rss	20	200	22514	
JPMUNI_HIGASHINE_UPDATE	https://www.city.higashine.yamagata.jp/feed/rss	PASS	rss	20	200	80280	
JPMUNI_KUDAMATSU_UPDATE	https://www.city.kudamatsu.lg.jp/shinchaku/shinchaku.xml	PASS	rss	20	200	14981	
JPMUNI_CHIKUGO_UPDATE	https://www.city.chikugo.lg.jp/rss/top_news.xml	PASS	rss	20	200	7729	
JPMUNI_NIIMI_UPDATE	https://www.city.niimi.okayama.jp/rss/rss_search	PASS	rss	20	200	43895	
JPMUNI_SAPPORO_RECRUITMENT	https://www.city.sapporo.jp/boshu/boshuu.xml	PASS	rss	20	200	17113	
JPMUNI_KANZAKI_UPDATE	https://www.city.kanzaki.saga.jp/rss/rss.xml	PASS	rss	20	200	138989	
JPMUNI_NOSHIRO_UPDATE	https://www.city.noshiro.lg.jp/rss.xml	PASS	rss	20	200	31720	
JPMUNI_KOMAE_UPDATE	https://www.city.komae.tokyo.jp/rss.xml	PASS	rss	15	200	5824	
JPMUNI_YONAGO_UPDATE	https://www.city.yonago.lg.jp/services/rdf/rss10/1023.xml	PASS	rss	15	200	7780	
JPMUNI_CHICHIBU_UPDATE	https://www.city.chichibu.lg.jp/services/rdf/rss10/1070.xml	PASS	rss	15	200	6546	
JPMUNI_MISAWA_UPDATE	https://www.city.misawa.lg.jp/rss.xml	PASS	rss	15	200	5482	
JPMUNI_KURAYOSHI_UPDATE	https://www.city.kurayoshi.lg.jp/services/rdf/rss20/3782.xml	PASS	rss	15	200	3953	
JPMUNI_MIZUHO_UPDATE	https://www.city.mizuho.lg.jp/services/rdf/rss10/1034.xml	PASS	rss	15	200	7627	
JPMUNI_TOYOAKE_UPDATE	https://www.city.toyoake.lg.jp/services/rdf/rss10/1035.xml	PASS	rss	15	200	6308	
JPMUNI_HASHIMA_UPDATE	https://www.city.hashima.lg.jp/services/rdf/rss10/1035.xml	PASS	rss	15	200	6282	
JPMUNI_KOKA_UPDATE	https://www.city.koka.lg.jp/services/rdf/rss10/24916.xml	PASS	rss	15	200	6724	
JPMUNI_KANI_UPDATE	https://www.city.kani.lg.jp/services/rdf/rss10/30569.xml	PASS	rss	15	200	6559	
JPMUNI_IMARI_UPDATE	https://www.city.imari.saga.jp/services/rdf/rss10/1052.xml	PASS	rss	15	200	6803	
JPMUNI_TAKEO_UPDATE	https://www.city.takeo.lg.jp/rss.xml	PASS	rss	14	200	6876	
JPMUNI_TONAMI_UPDATE	https://www.city.tonami.toyama.jp/feed	PASS	rss	12	200	26241	
JPMUNI_TORIDE_UPDATE	https://www.city.toride.ibaraki.jp/shinchaku/shinchaku.xml	PASS	rss	10	200	9675	
JPMUNI_TSURUOKA_UPDATE_2	https://www.tsuruokacity.com/feed	PASS	rss	10	200	22769	
JPOD_GSP_MOJ_01HOKKAIDO	https://www.geospatial.jp/ckan/api/3/action/package_search?fq=organization:moj-01hokkaido&rows=100	PASS	json:result.results	100	200	512188	
JPOD_GSP_MOJ_02AOMORI	https://www.geospatial.jp/ckan/api/3/action/package_search?fq=organization:moj-02aomori&rows=100	PASS	json:result.results	40	200	205777	
JPOD_GSP_MOJ_03IWATE	https://www.geospatial.jp/ckan/api/3/action/package_search?fq=organization:moj-03iwate&rows=100	PASS	json:result.results	33	200	169025	
JPOD_GSP_MOJ_04MIYAGI	https://www.geospatial.jp/ckan/api/3/action/package_search?fq=organization:moj-04miyagi&rows=100	PASS	json:result.results	41	200	209732	
JPOD_GSP_MOJ_05AKITA	https://www.geospatial.jp/ckan/api/3/action/package_search?fq=organization:moj-05akita&rows=100	PASS	json:result.results	26	200	133185	
JPOD_GSP_MOJ_06YAMAGATA	https://www.geospatial.jp/ckan/api/3/action/package_search?fq=organization:moj-06yamagata&rows=100	PASS	json:result.results	35	200	179811	
JPOD_GSP_MOJ_07FUKUSHIMA	https://www.geospatial.jp/ckan/api/3/action/package_search?fq=organization:moj-07fukushima&rows=100	PASS	json:result.results	60	200	308971	
JPOD_GSP_MOJ_08IBARAKI	https://www.geospatial.jp/ckan/api/3/action/package_search?fq=organization:moj-08ibaraki&rows=100	PASS	json:result.results	44	200	227005	
JPOD_GSP_MOJ_09TOCHIGI	https://www.geospatial.jp/ckan/api/3/action/package_search?fq=organization:moj-09tochigi&rows=100	PASS	json:result.results	29	200	148112	
JPOD_GSP_MOJ_10GUNMA	https://www.geospatial.jp/ckan/api/3/action/package_search?fq=organization:moj-10gunma&rows=100	PASS	json:result.results	36	200	184539	
JPOD_GSP_MOJ_11SAITAMA	https://www.geospatial.jp/ckan/api/3/action/package_search?fq=organization:moj-11saitama&rows=100	PASS	json:result.results	80	200	411135	
JPOD_GSP_MOJ_12CHIBA	https://www.geospatial.jp/ckan/api/3/action/package_search?fq=organization:moj-12chiba&rows=100	PASS	json:result.results	63	200	322133	
JPOD_GSP_MOJ_13TOKYO	https://www.geospatial.jp/ckan/api/3/action/package_search?fq=organization:moj-13tokyo&rows=100	PASS	json:result.results	62	200	315111	
JPOD_GSP_MOJ_20NAGANO	https://www.geospatial.jp/ckan/api/3/action/package_search?fq=organization:moj-20nagano&rows=100	PASS	json:result.results	77	200	395922	
JPOD_GSP_MOJ_21GIFU	https://www.geospatial.jp/ckan/api/3/action/package_search?fq=organization:moj-21gifu&rows=100	PASS	json:result.results	46	200	235425	
JPOD_GSP_MOJ_22SHIZUOKA	https://www.geospatial.jp/ckan/api/3/action/package_search?fq=organization:moj-22shizuoka&rows=100	PASS	json:result.results	48	200	246149	
JPOD_GSP_MOJ_23AICHI	https://www.geospatial.jp/ckan/api/3/action/package_search?fq=organization:moj-23aichi&rows=100	PASS	json:result.results	77	200	393744	
JPOD_GSP_MOJ_24MIE	https://www.geospatial.jp/ckan/api/3/action/package_search?fq=organization:moj-24mie&rows=100	PASS	json:result.results	35	200	178854	
JPOD_GSP_MOJ_25SHIGA	https://www.geospatial.jp/ckan/api/3/action/package_search?fq=organization:moj-25shiga&rows=100	PASS	json:result.results	23	200	117672	
JPOD_GSP_MOJ_26KYOTO	https://www.geospatial.jp/ckan/api/3/action/package_search?fq=organization:moj-26kyoto&rows=100	PASS	json:result.results	36	200	184557	
JPOD_GSP_MOJ_27OSAKA	https://www.geospatial.jp/ckan/api/3/action/package_search?fq=organization:moj-27osaka&rows=100	PASS	json:result.results	73	200	372900	
JPOD_GSP_MOJ_28HYOGO	https://www.geospatial.jp/ckan/api/3/action/package_search?fq=organization:moj-28hyogo&rows=100	PASS	json:result.results	49	200	250600	
JPOD_GSP_MOJ_29NARA	https://www.geospatial.jp/ckan/api/3/action/package_search?fq=organization:moj-29nara&rows=100	PASS	json:result.results	39	200	199901	
JPOD_GSP_MOJ_30WAKAYAMA	https://www.geospatial.jp/ckan/api/3/action/package_search?fq=organization:moj-30wakayama&rows=100	PASS	json:result.results	31	200	160373	
JPOD_GSP_MOJ_31TOTTORI	https://www.geospatial.jp/ckan/api/3/action/package_search?fq=organization:moj-31tottori&rows=100	PASS	json:result.results	20	200	102807	
JPOD_GSP_MOJ_32SHIMANE	https://www.geospatial.jp/ckan/api/3/action/package_search?fq=organization:moj-32shimane&rows=100	PASS	json:result.results	22	200	112985	
JPOD_GSP_MOJ_33OKAYAMA	https://www.geospatial.jp/ckan/api/3/action/package_search?fq=organization:moj-33okayama&rows=100	PASS	json:result.results	44	200	218820	
JPOD_GSP_MOJ_34HIROSHIMA	https://www.geospatial.jp/ckan/api/3/action/package_search?fq=organization:moj-34hiroshima&rows=100	PASS	json:result.results	30	200	153649	
JPOD_GSP_MOJ_35YAMAGUCHI	https://www.geospatial.jp/ckan/api/3/action/package_search?fq=organization:moj-35yamaguchi&rows=100	PASS	json:result.results	21	200	107720	
JPOD_GSP_MOJ_36TOKUSHIMA	https://www.geospatial.jp/ckan/api/3/action/package_search?fq=organization:moj-36tokushima&rows=100	PASS	json:result.results	25	200	128318	
JPOD_GSP_MOJ_37KAGAWA	https://www.geospatial.jp/ckan/api/3/action/package_search?fq=organization:moj-37kagawa&rows=100	PASS	json:result.results	17	200	87065	
JPOD_GSP_MOJ_38EHIME	https://www.geospatial.jp/ckan/api/3/action/package_search?fq=organization:moj-38ehime&rows=100	PASS	json:result.results	21	200	107622	
JPOD_GSP_MOJ_39KOCHI	https://www.geospatial.jp/ckan/api/3/action/package_search?fq=organization:moj-39kochi&rows=100	PASS	json:result.results	35	200	179463	
JPOD_GSP_MOJ_40FUKUOKA	https://www.geospatial.jp/ckan/api/3/action/package_search?fq=organization:moj-40fukuoka&rows=100	PASS	json:result.results	80	200	409723	
JPOD_GSP_MOJ_41SAGA	https://www.geospatial.jp/ckan/api/3/action/package_search?fq=organization:moj-41saga&rows=100	PASS	json:result.results	24	200	122097	
JPOD_GSP_MOJ_42NAGASAKI	https://www.geospatial.jp/ckan/api/3/action/package_search?fq=organization:moj-42nagasaki&rows=100	PASS	json:result.results	25	200	128471	
JPOD_GSP_MOJ_43KUMAMOTO	https://www.geospatial.jp/ckan/api/3/action/package_search?fq=organization:moj-43kumamoto&rows=100	PASS	json:result.results	51	200	261832	
JPOD_GSP_MOJ_44OITA	https://www.geospatial.jp/ckan/api/3/action/package_search?fq=organization:moj-44oita&rows=100	PASS	json:result.results	19	200	97083	
JPOD_GSP_MOJ_45MIYAZAKI	https://www.geospatial.jp/ckan/api/3/action/package_search?fq=organization:moj-45miyazaki&rows=100	PASS	json:result.results	31	200	159621	
JPOD_GSP_MOJ_46KAGOSHIMA	https://www.geospatial.jp/ckan/api/3/action/package_search?fq=organization:moj-46kagoshima&rows=100	PASS	json:result.results	49	200	251876	
JPOD_GSP_MOJ_47OKINAWA	https://www.geospatial.jp/ckan/api/3/action/package_search?fq=organization:moj-47okinawa&rows=100	PASS	json:result.results	41	200	210674	
JPOD_GSP_AW3D	https://www.geospatial.jp/ckan/api/3/action/package_search?fq=organization:aw3d&rows=100	PASS	json:result.results	5	200	4324480	
JPOD_GSP_DATA_XFORMER	https://www.geospatial.jp/ckan/api/3/action/package_search?fq=organization:data-xformer&rows=100	PASS	json:result.results	5	200	103261	
JPOD_GSP_DCS_DATA_COLLABORATE	https://www.geospatial.jp/ckan/api/3/action/package_search?fq=organization:dcs-data-collaborate&rows=100	PASS	json:result.results	5	200	9951	
JPOD_GSP_N2EM	https://www.geospatial.jp/ckan/api/3/action/package_search?fq=organization:n2em&rows=100	PASS	json:result.results	22	200	14207112	
JPOD_GSP_CMJ	https://www.geospatial.jp/ckan/api/3/action/package_search?fq=organization:cmj&rows=100	PASS	json:result.results	6	200	8366696	
JPOD_GSP_AAS	https://www.geospatial.jp/ckan/api/3/action/package_search?fq=organization:aas&rows=100	PASS	json:result.results	78	200	42816654	
JPOD_GSP_FUKUSHIMA_072044	https://www.geospatial.jp/ckan/api/3/action/package_search?fq=organization:fukushima-072044&rows=100	PASS	json:result.results	7	200	34544	
JPOD_GSP_ATC	https://www.geospatial.jp/ckan/api/3/action/package_search?fq=organization:atc&rows=100	PASS	json:result.results	24	200	15256196	
JPOD_GSP_KYOUGIKAI2020	https://www.geospatial.jp/ckan/api/3/action/package_search?fq=organization:kyougikai2020&rows=100	PASS	json:result.results	48	200	276833	
JPOD_GSP_SAITAMA_111007	https://www.geospatial.jp/ckan/api/3/action/package_search?fq=organization:saitama-111007&rows=100	PASS	json:result.results	15	200	1344518	
JPOD_GSP_SAKURA	https://www.geospatial.jp/ckan/api/3/action/package_search?fq=organization:sakura&rows=100	PASS	json:result.results	5	200	2475785	
JPOD_GSP_TOCHIGI_092142	https://www.geospatial.jp/ckan/api/3/action/package_search?fq=organization:tochigi-092142&rows=100	PASS	json:result.results	25	200	85975	
JPOD_GSP_GEOTECH	https://www.geospatial.jp/ckan/api/3/action/package_search?fq=organization:geotech&rows=100	PASS	json:result.results	10	200	8415796	
JPOD_GSP_KANAGAWA_DIV	https://www.geospatial.jp/ckan/api/3/action/package_search?fq=organization:kanagawa-div&rows=100	PASS	json:result.results	5	200	98700	
JPOD_GSP_NEOPLANNINGLABO	https://www.geospatial.jp/ckan/api/3/action/package_search?fq=organization:neoplanninglabo&rows=100	PASS	json:result.results	5	200	1334934	
JPOD_GSP_AIGID	https://www.geospatial.jp/ckan/api/3/action/package_search?fq=organization:aigid&rows=100	PASS	json:result.results	61	200	1578047	
JPOD_GSP_IWATE_0232093	https://www.geospatial.jp/ckan/api/3/action/package_search?fq=organization:iwate-0232093&rows=100	PASS	json:result.results	38	200	127741	
JPOD_GSP_TOKYO_133817	https://www.geospatial.jp/ckan/api/3/action/package_search?fq=organization:tokyo-133817&rows=100	PASS	json:result.results	5	200	17533	
JPOD_GSP_SHIZUOKA_22206	https://www.geospatial.jp/ckan/api/3/action/package_search?fq=organization:shizuoka-22206&rows=100	PASS	json:result.results	7	200	40914	
JPOD_GSP_NIIGATA_152048	https://www.geospatial.jp/ckan/api/3/action/package_search?fq=organization:niigata-152048&rows=100	PASS	json:result.results	10	200	38674	
JPOD_GSP_TOKYO_132047	https://www.geospatial.jp/ckan/api/3/action/package_search?fq=organization:tokyo-132047&rows=100	PASS	json:result.results	10	200	34361	
JPOD_GSP_FUDOSAN	https://www.geospatial.jp/ckan/api/3/action/package_search?fq=organization:fudosan&rows=100	PASS	json:result.results	100	200	858719	
JPOD_GSP_TOKYO_SETAGAYA	https://www.geospatial.jp/ckan/api/3/action/package_search?fq=organization:tokyo-setagaya&rows=100	PASS	json:result.results	58	200	348323	
JPOD_GSP_TOKYO_131024	https://www.geospatial.jp/ckan/api/3/action/package_search?fq=organization:tokyo-131024&rows=100	PASS	json:result.results	15	200	72202	
JPOD_GSP_NNK	https://www.geospatial.jp/ckan/api/3/action/package_search?fq=organization:nnk&rows=100	PASS	json:result.results	6	200	7822390	
JPOD_GSP_HYOGO_ITAMI	https://www.geospatial.jp/ckan/api/3/action/package_search?fq=organization:hyogo-itami&rows=100	PASS	json:result.results	62	200	14695228	
JPOD_GSP_FUKUSHIMA_072028	https://www.geospatial.jp/ckan/api/3/action/package_search?fq=organization:fukushima-072028&rows=100	PASS	json:result.results	7	200	34129	
JPOD_GSP_NAGASAKI_42202	https://www.geospatial.jp/ckan/api/3/action/package_search?fq=organization:nagasaki-42202&rows=100	PASS	json:result.results	40	200	253300	
JPOD_GSP_CHIBA_122122	https://www.geospatial.jp/ckan/api/3/action/package_search?fq=organization:chiba-122122&rows=100	PASS	json:result.results	5	200	17773	
JPOD_GSP_TOCHIGI_092045	https://www.geospatial.jp/ckan/api/3/action/package_search?fq=organization:tochigi-092045&rows=100	PASS	json:result.results	100	200	332220	
JPOD_GSP_OKAYAMA_3320233	https://www.geospatial.jp/ckan/api/3/action/package_search?fq=organization:okayama-3320233&rows=100	PASS	json:result.results	5	200	18853	
JPOD_GSP_HYOGOPREF_OLDDATA	https://www.geospatial.jp/ckan/api/3/action/package_search?fq=organization:hyogopref-olddata&rows=100	PASS	json:result.results	7	200	9668934	
JPOD_GSP_NAIKAKUFU_003	https://www.geospatial.jp/ckan/api/3/action/package_search?fq=organization:naikakufu-003&rows=100	PASS	json:result.results	17	200	800900	
JPOD_GSP_NAIKAKUFU_002	https://www.geospatial.jp/ckan/api/3/action/package_search?fq=organization:naikakufu-002&rows=100	PASS	json:result.results	88	200	4162108	
JPOD_GSP_NAIKAKUFU_004	https://www.geospatial.jp/ckan/api/3/action/package_search?fq=organization:naikakufu-004&rows=100	PASS	json:result.results	100	200	3352427	
JPOD_GSP_NAIKAKUFU_001	https://www.geospatial.jp/ckan/api/3/action/package_search?fq=organization:naikakufu-001&rows=100	PASS	json:result.results	14	200	532295	
JPOD_GSP_NAIKAKUFU_01	https://www.geospatial.jp/ckan/api/3/action/package_search?fq=organization:naikakufu-01&rows=100	PASS	json:result.results	24	200	992923	
JPOD_GSP_NAIKAKUFU_03	https://www.geospatial.jp/ckan/api/3/action/package_search?fq=organization:naikakufu-03&rows=100	PASS	json:result.results	37	200	13097509	
JPOD_GSP_NAIKAKUFU_07	https://www.geospatial.jp/ckan/api/3/action/package_search?fq=organization:naikakufu-07&rows=100	PASS	json:result.results	11	200	7936982	
JPOD_GSP_NAIKAKUFU_04	https://www.geospatial.jp/ckan/api/3/action/package_search?fq=organization:naikakufu-04&rows=100	PASS	json:result.results	47	200	3703752	
JPOD_GSP_NAIKAKUFU_05	https://www.geospatial.jp/ckan/api/3/action/package_search?fq=organization:naikakufu-05&rows=100	PASS	json:result.results	9	200	1873723	
JPOD_GSP_NAIKAKUFU_02	https://www.geospatial.jp/ckan/api/3/action/package_search?fq=organization:naikakufu-02&rows=100	PASS	json:result.results	12	200	390825	
JPOD_GSP_NAIKAKUFU_08	https://www.geospatial.jp/ckan/api/3/action/package_search?fq=organization:naikakufu-08&rows=100	PASS	json:result.results	11	200	2063686	
JPOD_GSP_HOKKAIDO_012025	https://www.geospatial.jp/ckan/api/3/action/package_search?fq=organization:hokkaido-012025&rows=100	PASS	json:result.results	12	200	56298	
JPOD_GSP_GUNMA_102016	https://www.geospatial.jp/ckan/api/3/action/package_search?fq=organization:gunma-102016&rows=100	PASS	json:result.results	9	200	52020	
JPOD_GSP_HOKKAIDOPREF	https://www.geospatial.jp/ckan/api/3/action/package_search?fq=organization:hokkaidopref&rows=100	PASS	json:result.results	44	200	271557	
JPOD_GSP_AOMORI_TOWADA	https://www.geospatial.jp/ckan/api/3/action/package_search?fq=organization:aomori-towada&rows=100	PASS	json:result.results	15	200	67659	
JPOD_GSP_NIIGATA_152102	https://www.geospatial.jp/ckan/api/3/action/package_search?fq=organization:niigata-152102&rows=100	PASS	json:result.results	9	200	40259	
JPOD_GSP_TOKYO_131067	https://www.geospatial.jp/ckan/api/3/action/package_search?fq=organization:tokyo-131067&rows=100	PASS	json:result.results	34	200	114478	
JPOD_GSP_SAITAMA_113476	https://www.geospatial.jp/ckan/api/3/action/package_search?fq=organization:saitama-113476&rows=100	PASS	json:result.results	6	200	19396	
JPOD_GSP_SAITAMA_112291	https://www.geospatial.jp/ckan/api/3/action/package_search?fq=organization:saitama-112291&rows=100	PASS	json:result.results	8	200	36070	
JPOD_GSP_WAKAYAMAPREF	https://www.geospatial.jp/ckan/api/3/action/package_search?fq=organization:wakayamapref&rows=100	PASS	json:result.results	8	200	40002	
JPOD_GSP_TOKYO_131091	https://www.geospatial.jp/ckan/api/3/action/package_search?fq=organization:tokyo-131091&rows=100	PASS	json:result.results	21	200	73838	
JPOD_GSP_MLIT	https://www.geospatial.jp/ckan/api/3/action/package_search?fq=organization:mlit&rows=100	PASS	json:result.results	18	200	733509	
JPOD_GSP_GSI	https://www.geospatial.jp/ckan/api/3/action/package_search?fq=organization:gsi&rows=100	PASS	json:result.results	21	200	1671883	
JPOD_GSP_PREF_IWATE	https://www.geospatial.jp/ckan/api/3/action/package_search?fq=organization:pref-iwate&rows=100	PASS	json:result.results	9	200	34927	
JPOD_GSP_SHIMANEPREF	https://www.geospatial.jp/ckan/api/3/action/package_search?fq=organization:shimanepref&rows=100	PASS	json:result.results	7	200	20534	
JPOD_GSP_SAITAMA_112038	https://www.geospatial.jp/ckan/api/3/action/package_search?fq=organization:saitama-112038&rows=100	PASS	json:result.results	5	200	17233	
JPOD_GSP_CHIBA_122033	https://www.geospatial.jp/ckan/api/3/action/package_search?fq=organization:chiba-122033&rows=100	PASS	json:result.results	56	200	465079	
JPOD_GSP_KANAGAWA_142034	https://www.geospatial.jp/ckan/api/3/action/package_search?fq=organization:kanagawa-142034&rows=100	PASS	json:result.results	7	200	31554	
JPOD_GSP_SAITAMA_112119	https://www.geospatial.jp/ckan/api/3/action/package_search?fq=organization:saitama-112119&rows=100	PASS	json:result.results	5	200	17327	
JPOD_GSP_HOKKAIDO_011002	https://www.geospatial.jp/ckan/api/3/action/package_search?fq=organization:hokkaido-011002&rows=100	PASS	json:result.results	22	200	162819	
JPOD_GSP_TOKYO_131156	https://www.geospatial.jp/ckan/api/3/action/package_search?fq=organization:tokyo-131156&rows=100	PASS	json:result.results	11	200	53361	
JPOD_GSP_TOKYOMETRO	https://www.geospatial.jp/ckan/api/3/action/package_search?fq=organization:tokyometro&rows=100	PASS	json:result.results	7	200	2583777	
JPOD_GSP_TOKYO_132136	https://www.geospatial.jp/ckan/api/3/action/package_search?fq=organization:tokyo-132136&rows=100	PASS	json:result.results	22	200	99656	
JPOD_GSP_SAITAMA_114651	https://www.geospatial.jp/ckan/api/3/action/package_search?fq=organization:saitama-114651&rows=100	PASS	json:result.results	6	200	20097	
JPOD_GSP_OITAPREF_FOREST	https://www.geospatial.jp/ckan/api/3/action/package_search?fq=organization:oitapref-forest&rows=100	PASS	json:result.results	5	200	2662201	
JPOD_GSP_HYOGOPREF_RINMU_CHISAN	https://www.geospatial.jp/ckan/api/3/action/package_search?fq=organization:hyogopref-rinmu-chisan&rows=100	PASS	json:result.results	12	200	10981289	
JPOD_GSP_NAGANO_RINSEI	https://www.geospatial.jp/ckan/api/3/action/package_search?fq=organization:nagano-rinsei&rows=100	PASS	json:result.results	16	200	17965681	
JPOD_GSP_TOTTORI_RINSEI_KIKAKU	https://www.geospatial.jp/ckan/api/3/action/package_search?fq=organization:tottori-rinsei-kikaku&rows=100	PASS	json:result.results	9	200	3983146	
JPOD_GSP_EHIME_RINGYOU	https://www.geospatial.jp/ckan/api/3/action/package_search?fq=organization:ehime-ringyou&rows=100	PASS	json:result.results	7	200	99760	
JPOD_GSP_RINYA	https://www.geospatial.jp/ckan/api/3/action/package_search?fq=organization:rinya&rows=100	PASS	json:result.results	40	200	9651493	
JPOD_GSP_TOCHIGIPREF	https://www.geospatial.jp/ckan/api/3/action/package_search?fq=organization:tochigipref&rows=100	PASS	json:result.results	12	200	86413	
JPOD_GSP_PASCO	https://www.geospatial.jp/ckan/api/3/action/package_search?fq=organization:pasco&rows=100	PASS	json:result.results	11	200	15439850	
JPOD_GSP_KOCHIPREF_MORI	https://www.geospatial.jp/ckan/api/3/action/package_search?fq=organization:kochipref-mori&rows=100	PASS	json:result.results	9	200	298878	
JPOD_GSP_TOYAMA_SHINRINSEISAKU	https://www.geospatial.jp/ckan/api/3/action/package_search?fq=organization:toyama-shinrinseisaku&rows=100	PASS	json:result.results	11	200	20586535	
JPOD_GSP_TOCHIGIPREF_SHINRIN_SEIBI	https://www.geospatial.jp/ckan/api/3/action/package_search?fq=organization:tochigipref-shinrin-seibi&rows=100	PASS	json:result.results	7	200	137838	
JPOD_GSP_HOKKAIDO_013455	https://www.geospatial.jp/ckan/api/3/action/package_search?fq=organization:hokkaido-013455&rows=100	PASS	json:result.results	10	200	34115	
JPOD_GSP_AKITA_052035	https://www.geospatial.jp/ckan/api/3/action/package_search?fq=organization:akita-052035&rows=100	PASS	json:result.results	17	200	56392	
JPOD_GSP_KANAGAWA_141003	https://www.geospatial.jp/ckan/api/3/action/package_search?fq=organization:kanagawa-141003&rows=100	PASS	json:result.results	13	200	112149	
JPOD_GSP_TOKYO_132233	https://www.geospatial.jp/ckan/api/3/action/package_search?fq=organization:tokyo-132233&rows=100	PASS	json:result.results	14	200	59440	
JPOD_GSP_HOKKAIDOPREF_SR	https://www.geospatial.jp/ckan/api/3/action/package_search?fq=organization:hokkaidopref-sr&rows=100	PASS	json:result.results	19	200	422699	
JPOD_GSP_TOKYO_131237	https://www.geospatial.jp/ckan/api/3/action/package_search?fq=organization:tokyo-131237&rows=100	PASS	json:result.results	8	200	27341	
JPOD_GSP_OKINAWAPREF	https://www.geospatial.jp/ckan/api/3/action/package_search?fq=organization:okinawapref&rows=100	PASS	json:result.results	23	200	110597	
JPOD_GSP_MOJ_01HOKKAIDO_2022_2023	https://www.geospatial.jp/ckan/api/3/action/package_search?fq=organization:moj-01hokkaido-2022-2023&rows=100	PASS	json:result.results	100	200	467870	
JPOD_GSP_MOJ_08IBARAKI_2022_2023	https://www.geospatial.jp/ckan/api/3/action/package_search?fq=organization:moj-08ibaraki-2022-2023&rows=100	PASS	json:result.results	44	200	204741	
JPOD_GSP_MOJ_08IBARAKI_2024_2025	https://www.geospatial.jp/ckan/api/3/action/package_search?fq=organization:moj-08ibaraki-2024-2025&rows=100	PASS	json:result.results	44	200	229041	
JPOD_GSP_MOJ_09TOCHIGI_2022_2023	https://www.geospatial.jp/ckan/api/3/action/package_search?fq=organization:moj-09tochigi-2022-2023&rows=100	PASS	json:result.results	31	200	140520	
JPOD_GSP_MOJ_09TOCHIGI_2024_2025	https://www.geospatial.jp/ckan/api/3/action/package_search?fq=organization:moj-09tochigi-2024-2025&rows=100	PASS	json:result.results	29	200	151418	
JPOD_GSP_MOJ_10GUNMA_2022_2023	https://www.geospatial.jp/ckan/api/3/action/package_search?fq=organization:moj-10gunma-2022-2023&rows=100	PASS	json:result.results	38	200	174948	
JPOD_GSP_MOJ_10GUNMA_2024_2025	https://www.geospatial.jp/ckan/api/3/action/package_search?fq=organization:moj-10gunma-2024-2025&rows=100	PASS	json:result.results	36	200	187887	
JPOD_GSP_MOJ_11SAITAMA_2022_2023	https://www.geospatial.jp/ckan/api/3/action/package_search?fq=organization:moj-11saitama-2022-2023&rows=100	PASS	json:result.results	83	200	383248	
JPOD_GSP_MOJ_11SAITAMA_2024_2025	https://www.geospatial.jp/ckan/api/3/action/package_search?fq=organization:moj-11saitama-2024-2025&rows=100	PASS	json:result.results	80	200	418255	
JPOD_GSP_MOJ_12CHIBA_2022_2023	https://www.geospatial.jp/ckan/api/3/action/package_search?fq=organization:moj-12chiba-2022-2023&rows=100	PASS	json:result.results	63	200	292160	
JPOD_GSP_MOJ_12CHIBA_2024_2025	https://www.geospatial.jp/ckan/api/3/action/package_search?fq=organization:moj-12chiba-2024-2025&rows=100	PASS	json:result.results	63	200	327992	
JPOD_GSP_MOJ_13TOKYO_2022_2023	https://www.geospatial.jp/ckan/api/3/action/package_search?fq=organization:moj-13tokyo-2022-2023&rows=100	PASS	json:result.results	62	200	285145	
JPOD_GSP_MOJ_13TOKYO_2024_2025	https://www.geospatial.jp/ckan/api/3/action/package_search?fq=organization:moj-13tokyo-2024-2025&rows=100	PASS	json:result.results	62	200	320877	
JPOD_GSP_MOJ_14KANAGAWA_2022_2023	https://www.geospatial.jp/ckan/api/3/action/package_search?fq=organization:moj-14kanagawa-2022-2023&rows=100	PASS	json:result.results	59	200	277430	
JPOD_GSP_MOJ_14KANAGAWA_2024_2025	https://www.geospatial.jp/ckan/api/3/action/package_search?fq=organization:moj-14kanagawa-2024-2025&rows=100	PASS	json:result.results	59	200	309959	
JPOD_GSP_MOJ_15NIIGATA_2022_2023	https://www.geospatial.jp/ckan/api/3/action/package_search?fq=organization:moj-15niigata-2022-2023&rows=100	PASS	json:result.results	43	200	198397	
JPOD_GSP_MOJ_15NIIGATA_2024_2025	https://www.geospatial.jp/ckan/api/3/action/package_search?fq=organization:moj-15niigata-2024-2025&rows=100	PASS	json:result.results	44	200	227915	
JPOD_GSP_MOJ_16YAMANASHI_2022_2023	https://www.geospatial.jp/ckan/api/3/action/package_search?fq=organization:moj-16yamanashi-2022-2023&rows=100	PASS	json:result.results	27	200	125880	
JPOD_GSP_MOJ_16YAMANASHI_2024_2025	https://www.geospatial.jp/ckan/api/3/action/package_search?fq=organization:moj-16yamanashi-2024-2025&rows=100	PASS	json:result.results	27	200	141200	
JPOD_GSP_MOJ_17NAGANO_2022_2023	https://www.geospatial.jp/ckan/api/3/action/package_search?fq=organization:moj-17nagano-2022-2023&rows=100	PASS	json:result.results	79	200	367070	
JPOD_GSP_MOJ_17NAGANO_2024_2025	https://www.geospatial.jp/ckan/api/3/action/package_search?fq=organization:moj-17nagano-2024-2025&rows=100	PASS	json:result.results	77	200	402971	
JPOD_GSP_MOJ_18SHIZUOKA_2022_2023	https://www.geospatial.jp/ckan/api/3/action/package_search?fq=organization:moj-18shizuoka-2022-2023&rows=100	PASS	json:result.results	50	200	229021	
JPOD_GSP_MOJ_18SHIZUOKA_2024_2025	https://www.geospatial.jp/ckan/api/3/action/package_search?fq=organization:moj-18shizuoka-2024-2025&rows=100	PASS	json:result.results	49	200	254840	
JPOD_GSP_MOJ_19TTOYAMA_2022_2023	https://www.geospatial.jp/ckan/api/3/action/package_search?fq=organization:moj-19ttoyama-2022-2023&rows=100	PASS	json:result.results	18	200	80958	
JPOD_GSP_MOJ_19TTOYAMA_2024_2025	https://www.geospatial.jp/ckan/api/3/action/package_search?fq=organization:moj-19ttoyama-2024-2025&rows=100	PASS	json:result.results	15	200	78330	
JPOD_GSP_MOJ_20ISHIKAWA_2022_2023	https://www.geospatial.jp/ckan/api/3/action/package_search?fq=organization:moj-20ishikawa-2022-2023&rows=100	PASS	json:result.results	21	200	97322	
JPOD_GSP_MOJ_20ISHIKAWA_2024_2025	https://www.geospatial.jp/ckan/api/3/action/package_search?fq=organization:moj-20ishikawa-2024-2025&rows=100	PASS	json:result.results	21	200	109368	
JPOD_GSP_MOJ_21FUKUI_2022_2023	https://www.geospatial.jp/ckan/api/3/action/package_search?fq=organization:moj-21fukui-2022-2023&rows=100	PASS	json:result.results	18	200	83427	
JPOD_GSP_MOJ_21FUKUI_2024_2025	https://www.geospatial.jp/ckan/api/3/action/package_search?fq=organization:moj-21fukui-2024-2025&rows=100	PASS	json:result.results	18	200	93899	
JPOD_GSP_MOJ_22GIFU_2022_2023	https://www.geospatial.jp/ckan/api/3/action/package_search?fq=organization:moj-22gifu-2022-2023&rows=100	PASS	json:result.results	49	200	224255	
KOKKAI_SPEECH_ANY	https://kokkai.ndl.go.jp/api/speech?any=%E5%8D%8A%E5%B0%8E%E4%BD%93&recordPacking=json&maximumRecords=100	PASS	json:speechRecord	100	200	289512	
KOKKAI_SPEECH_SPEAKER	https://kokkai.ndl.go.jp/api/speech?speaker=%E5%B2%B8%E7%94%B0%E6%96%87%E9%9B%84&recordPacking=json&maximumRecords=100	PASS	json:speechRecord	100	200	178767	
KOKKAI_MEETING_ANY	https://kokkai.ndl.go.jp/api/meeting?any=%E9%98%B2%E8%A1%9B&recordPacking=json&maximumRecords=10	PASS	json:meetingRecord	10	200	1057176	
KOKKAI_MEETING_LIST	https://kokkai.ndl.go.jp/api/meeting_list?any=%E4%BA%88%E7%AE%97&recordPacking=json&maximumRecords=100	PASS	json:meetingRecord	100	200	557555	
NDL_OPENSEARCH_ANY	https://ndlsearch.ndl.go.jp/api/opensearch?any=%E5%8D%8A%E5%B0%8E%E4%BD%93&cnt=100	PASS	rss	100	200	238208	
NDL_OPENSEARCH_CREATOR	https://ndlsearch.ndl.go.jp/api/opensearch?creator=%E5%A4%8F%E7%9B%AE%E6%BC%B1%E7%9F%B3&cnt=100	PASS	rss	100	200	178666	
NDL_OPENSEARCH_PUBLISHER	https://ndlsearch.ndl.go.jp/api/opensearch?publisher=%E5%B2%A9%E6%B3%A2%E6%9B%B8%E5%BA%97&cnt=100	PASS	rss	100	200	333206	
EGOV_LAW_LIST_ACT	https://laws.e-gov.go.jp/api/2/laws?law_type=Act&limit=100	PASS	json:laws	100	200	188189	
EGOV_LAW_KEYWORD	https://laws.e-gov.go.jp/api/2/keyword?keyword=%E9%98%B2%E7%81%BD&limit=100	PASS	json:items	30	200	59087	
EGOV_LAW_REVISIONS	https://laws.e-gov.go.jp/api/2/law_revisions/325AC0000000131	PASS	json:revisions	36	200	27167	
YANOSHIN_TDNET_RECENT	https://webapi.yanoshin.jp/webapi/tdnet/list/recent.json?limit=100	PASS	json:items	100	200	69619	
YANOSHIN_EDINET_RECENT	https://webapi.yanoshin.jp/webapi/edinet/list/recent.json?limit=100	PASS	json:items	100	200	147061	
DREAMNEWS_FEED	https://www.dreamnews.jp/rss/	PASS	rss	50	200	414918	
ESTAT_LOD_SPARQL	https://data.e-stat.go.jp/lod/sparql/alldata/query?query=SELECT%20%3Fs%20%3Fp%20%3Fo%20WHERE%20%7B%3Fs%20%3Fp%20%3Fo%7D%20LIMIT%20100&format=json	PASS	json:results.bindings	100	200	32204	
GSI_ADDRESS_SEARCH	https://msearch.gsi.go.jp/address-search/AddressSearch?q=%E9%8A%80%E5%BA%A7	PASS	json-array	102	200	17837	
HEARTRAILS_STATION_NAME	https://express.heartrails.com/api/json?method=getStations&name=%E6%9D%B1%E4%BA%AC	PASS	json:response.station	13	200	1949	
HEARTRAILS_STATION_LINE	https://express.heartrails.com/api/json?method=getStations&line=JR%E5%B1%B1%E6%89%8B%E7%B7%9A	PASS	json:response.station	30	200	4524	
HEARTRAILS_GEO_CITIES	https://geoapi.heartrails.com/api/json?method=getCities&prefecture=%E6%9D%B1%E4%BA%AC%E9%83%BD	PASS	json:response.location	62	200	5193	
HEARTRAILS_GEO_TOWNS	https://geoapi.heartrails.com/api/json?method=getTowns&city=%E5%8D%83%E4%BB%A3%E7%94%B0%E5%8C%BA	PASS	json:response.location	400	200	152504	
P2PQUAKE_JMA_QUAKE	https://api.p2pquake.net/v2/jma/quake?limit=100	PASS	json-array	100	200	431940	
P2PQUAKE_JMA_TSUNAMI	https://api.p2pquake.net/v2/jma/tsunami?limit=100	PASS	json-array	72	200	101731	
CKAN_GEOSPATIAL_SEARCH	https://www.geospatial.jp/ckan/api/3/action/package_search?q=%E5%9C%B0%E7%B1%8D&rows=100	PASS	json:result.results	3	200	13856	
CKAN_GEOSPATIAL_RECENT	https://www.geospatial.jp/ckan/api/3/action/recently_changed_packages_activity_list?limit=100	PASS	json:result	100	200	27018337	
OPENBD_ISBN	https://api.openbd.jp/v1/get?isbn=9784873115658	PASS	json-array	1	200	1756	
MSTDNJP_LOCAL_TIMELINE	https://mstdn.jp/api/v1/timelines/public?local=true&limit=40	PASS	json-array	40	200	98072	
MSTDNJP_TAG_JISHIN	https://mstdn.jp/api/v1/timelines/tag/%E5%9C%B0%E9%9C%87?limit=40	PASS	json-array	40	200	178961	
MSTDNJP_TRENDING_TAGS	https://mstdn.jp/api/v1/trends/tags	PASS	json-array	10	200	4811	
MSTDNJP_DIRECTORY	https://mstdn.jp/api/v1/directory?limit=40&local=true	PASS	json-array	40	200	71129	
PAWOO_LOCAL_TIMELINE	https://pawoo.net/api/v1/timelines/public?local=true&limit=40	PASS	json-array	40	200	99279	
PAWOO_DIRECTORY	https://pawoo.net/api/v1/directory?limit=40&local=true	PASS	json-array	40	200	84757	
PAWOO_TAG_TIMELINE	https://pawoo.net/api/v1/timelines/tag/%E6%97%A5%E6%9C%AC?limit=40	PASS	json-array	40	200	232248	
VOCALODON_LOCAL	https://vocalodon.net/api/v1/timelines/public?local=true&limit=40	PASS	json-array	40	200	109857	
VOCALODON_TAG	https://vocalodon.net/api/v1/timelines/tag/%E9%9F%B3%E6%A5%BD?limit=40	PASS	json-array	40	200	262168	
OTOYA_LOCAL	https://otoya.space/api/v1/timelines/public?local=true&limit=40	PASS	json-array	40	200	108880	
IMASTODON_LOCAL	https://imastodon.net/api/v1/timelines/public?local=true&limit=40	PASS	json-array	40	200	111962	
MISSKEY_IO_TRENDING_TAGS	https://misskey.io/api/hashtags/trend	PASS	json-array	16	200	1609	
MISSKEY_IO_FEDERATION	https://misskey.io/api/federation/instances	PASS	json-array	30	200	24199	
QIITA_ITEMS_RECENT	https://qiita.com/api/v2/items?page=1&per_page=100	PASS	json-array	100	200	4788259	
QIITA_SEARCH	https://qiita.com/api/v2/items?query=%E5%8D%8A%E5%B0%8E%E4%BD%93&per_page=100	PASS	json-array	100	200	11176415	
QIITA_TAGS	https://qiita.com/api/v2/tags?per_page=100&sort=count	PASS	json-array	100	200	19005	
QIITA_TAG_ITEMS	https://qiita.com/api/v2/tags/Python/items?per_page=100	PASS	json-array	100	200	5755277	
ZENN_ARTICLES_LATEST	https://zenn.dev/api/articles?order=latest	PASS	json:articles	48	200	41175	
ZENN_ARTICLES_DAILY	https://zenn.dev/api/articles?order=daily	PASS	json:articles	48	200	50320	
ZENN_BOOKS	https://zenn.dev/api/books?order=latest	PASS	json:books	48	200	40373	
ZENN_TOPICS	https://zenn.dev/api/topics	PASS	json:topics	20	200	2935	
NOTE_SEARCH_NOTES	https://note.com/api/v3/searches?context=note&q=%E9%98%B2%E7%81%BD&size=20	PASS	json:data.notes.contents	20	200	40448	
NOTE_SEARCH_MAGAZINES	https://note.com/api/v3/searches?context=magazine&q=%E6%97%A5%E6%9C%AC&size=20	PASS	json:data.magazines.contents	20	200	37098	
NOTE_SEARCH_HASHTAGS	https://note.com/api/v3/searches?context=hashtag&q=%E9%98%B2%E7%81%BD&size=20	PASS	json:data.hashtags.contents	20	200	1523	
HATENA_BOOKMARK_SEARCH_TEXT	https://b.hatena.ne.jp/search/text?q=%E5%8D%8A%E5%B0%8E%E4%BD%93&mode=rss	PASS	rss	40	200	298813	
HATENA_BOOKMARK_SEARCH_TITLE	https://b.hatena.ne.jp/search/title?q=%E9%98%B2%E7%81%BD&mode=rss	PASS	rss	40	200	333281	
HATENA_ENTRYLIST_IT	https://b.hatena.ne.jp/entrylist/it.rss	PASS	rss	30	200	190098	
HATENA_ANOND_ENTRYLIST	https://b.hatena.ne.jp/entrylist?url=anond.hatelabo.jp&mode=rss	PASS	rss	30	200	176670	
HATELABO_ANOND_FEED	https://anond.hatelabo.jp/rss	PASS	rss	25	200	16275	
NICONICO_SNAPSHOT_TAG	https://snapshot.search.nicovideo.jp/api/v2/snapshot/video/contents/search?q=%E9%98%B2%E7%81%BD&targets=tagsExact&fields=contentId,title,userId,channelId,viewCounter,commentCounter,mylistCounter,startTime,tags,description&_sort=-startTime&_limit=100	PASS	json:data	100	200	155532	
NICONICO_SNAPSHOT_DESC	https://snapshot.search.nicovideo.jp/api/v2/snapshot/video/contents/search?q=%E4%BC%81%E6%A5%AD&targets=description&fields=contentId,title,userId,channelId,viewCounter,commentCounter,startTime,tags,description&_sort=-viewCounter&_limit=100	PASS	json:data	100	200	157173	
NAROU_SEARCH	https://api.syosetu.com/novelapi/api/?out=json&lim=100&word=%E9%98%B2%E7%81%BD	PASS	json-array	101	200	288796	
NAROU_USERS	https://api.syosetu.com/userapi/api/?out=json&lim=100&word=%E9%98%B2%E7%81%BD	PASS	json-array	3	200	467	
TOGETTER_HOT	https://togetter.com/rss/hot	PASS	rss	10	200	7361	
TOGETTER_RECENT	https://togetter.com/rss/recent	PASS	rss	10	200	7382	
ITMEDIA_BUSINESS_FEED	https://rss.itmedia.co.jp/rss/2.0/business.xml	PASS	rss	20	200	12293	
ITMEDIA_ENTERPRISE_FEED	https://rss.itmedia.co.jp/rss/2.0/enterprise.xml	PASS	rss	50	200	29377	
IMPRESS_INTERNET_WATCH	https://internet.watch.impress.co.jp/data/rss/1.0/iw/feed.rdf	PASS	rss	20	200	17338	
IMPRESS_PC_WATCH	https://pc.watch.impress.co.jp/data/rss/1.0/pcw/feed.rdf	PASS	rss	20	200	17435	
IMPRESS_KETAI_WATCH	https://k-tai.watch.impress.co.jp/data/rss/1.0/ktw/feed.rdf	PASS	rss	30	200	23012	
PUBLICKEY_FEED	https://www.publickey1.jp/atom.xml	PASS	atom	15	200	26538	
GIGAZINE_FEED	https://gigazine.net/news/rss_2.0/	PASS	rss	30	200	32210	
