id	verdict	emitted	available	entity
JPREPO_BIWAKO_SEIKEI_OAI	OK	431	431	
JPREPO_CHUKYO_U_OAI	SLOW	0	0	
JPREPO_CHUO_U_OAI	SLOW	0	0	
JPREPO_DOSHISHA_OAI	SLOW	0	0	
JPREPO_EHIME_U_OAI	SLOW	0	0	
JPREPO_FUKUOKA_EDU_OAI	SLOW	0	0	
JPREPO_FUKUOKA_U_OAI	SLOW	0	0	
JPREPO_GEIDAI_OAI	SLOW	0	0	
JPREPO_GIFU_U_OAI	SLOW	0	0	
JPREPO_GUNMA_U_OAI	SLOW	0	0	
JPREPO_HIROSAKI_OAI	SLOW	0	0	
JPREPO_HYOGO_U_OAI	SLOW	0	0	
JPREPO_IWATE_U_OAI	SLOW	0	0	
JPREPO_JISSEN_OAI	SLOW	0	0	
JPREPO_KAGAWA_U_OAI	SLOW	0	0	
JPREPO_KANAGAWA_U_OAI	SLOW	0	0	
JPREPO_KANAZAWA_U_OAI	SLOW	0	0	
JPREPO_KANSAI_U_OAI	SLOW	0	0	
JPREPO_KANSAIGAIDAI_OAI	SLOW	0	0	
JPREPO_KINDAI_OAI	SLOW	0	0	
JPREPO_KITASATO_OAI	OK	1142	1142	
JPREPO_KOBEGAKUIN_OAI	OK	546	546	
JPREPO_KURUME_IT_OAI	OK	390	390	
JPREPO_KWANSEI_OAI	SLOW	0	0	
JPREPO_KYOTOGAKUEN_OAI	SLOW	0	0	
JPREPO_KYUTECH_OAI	SLOW	0	0	
JPREPO_MEIJI_OAI	SLOW	0	0	
JPREPO_MEIJI_U_OAI	OK	638	638	
JPREPO_MEIKAI_OAI	OK	1272	1272	
JPREPO_MIE_U_OAI	SLOW	0	0	
JPREPO_MIYAZAKI_U_OAI	SLOW	0	0	
JPREPO_MUKOGAWA_OAI	SLOW	0	0	
JPREPO_NAGASAKI_U_OAI	SLOW	0	0	
JPREPO_NAIST_OAI	SLOW	0	0	
JPREPO_NARA_EDU_OAI	SLOW	0	0	
JPREPO_NARA_WU_OAI	SLOW	0	0	
JPREPO_NIHON_U_OAI	SLOW	0	0	
JPREPO_NIIGATA_U_OAI	SLOW	0	0	
JPREPO_NODAI_OAI	OK	1336	1336	
JPREPO_OBIRIN_OAI	SLOW	0	0	
JPREPO_OSAKA_KYOIKU_OAI	OK	4000	4000	
JPREPO_OTANI_OAI	SLOW	0	0	
JPREPO_OTEMAE_OAI	SLOW	0	0	
JPREPO_OTSUMA_OAI	OK	524	524	
JPREPO_REITAKU_OAI	OK	1232	1232	
JPREPO_RIKKYO_OAI	SLOW	0	0	
JPREPO_RISSHO_OAI	SLOW	0	0	
JPREPO_SAGA_U_OAI	SLOW	0	0	
JPREPO_SAITAMA_MED_OAI	OK	728	728	
JPREPO_SEIJO_OAI	SLOW	0	0	
JPREPO_SEIKEI_OAI	SLOW	0	0	
JPREPO_SEITOKU_OAI	SLOW	0	0	
JPREPO_SENSHU_U_OAI	SLOW	0	0	
JPREPO_SHIGA_MED_OAI	SLOW	0	0	
JPREPO_SHIGA_U_OAI	SLOW	0	0	
JPREPO_SHIZUOKA_OAI	SLOW	0	0	
JPREPO_SOPHIA_OAI	SLOW	0	0	
JPREPO_TAMAGAWA_OAI	SLOW	0	0	
JPREPO_TEZUKAYAMA_OAI	SLOW	0	0	
JPREPO_TOHOKU_OAI	SLOW	0	0	
JPREPO_TOHOKU_GAKUIN_OAI	SLOW	0	0	
JPREPO_TOKUSHIMA_U_OAI	SLOW	0	0	
JPREPO_TOKYO_FUKUSHI_OAI	OK	266	266	
JPREPO_TOKYO_KASEI_OAI	SLOW	0	0	
JPREPO_TOYO_OAI	SLOW	0	0	
JPREPO_TSUDA_OAI	OK	418	418	
JPREPO_TSUKUBA_OAI	SLOW	0	0	
JPREPO_TSUKUBA_TECH_OAI	SLOW	0	0	
JPREPO_TUAT_OAI	SLOW	0	0	
JPREPO_U_GAKUGEI_OAI	SLOW	0	0	
JPREPO_UEC_OAI	SLOW	0	0	
JPREPO_WAKAYAMA_U_OAI	SLOW	0	0	
JPREPO_WASEDA_OAI	SLOW	0	0	
JPREPO_YAMANASHI_OAI	SLOW	0	0	
JPREPO_ASAHIKAWA_MED_OAI	SLOW	0	0	
JPREPO_FERRIS_OAI	SLOW	0	0	
JPREPO_HOKUSEI_OAI	SLOW	0	0	
JPREPO_KITAMI_IT_OAI	SLOW	0	0	
JPREPO_KOBE_CUFS_OAI	SLOW	0	0	
JPREPO_KOBE_SHINWA_OAI	SLOW	0	0	
JPREPO_KOMAZAWA_U_OAI	SLOW	0	0	
JPREPO_KWASSUI_OAI	OK	1259	1259	
JPREPO_MURORAN_IT_OAI	SLOW	0	0	
JPREPO_NARAGAKUEN_OAI	SLOW	0	0	
JPREPO_NIFS_REPOSITORY_OAI	SLOW	0	0	
JPREPO_OBIHIRO_OAI	SLOW	0	0	
JPREPO_OSAKA_SHOIN_OAI	SLOW	0	0	
JPREPO_SAPPORO_U_OAI	SLOW	0	0	
JPREPO_SEIKA_OAI	OK	228	228	
JPREPO_SEISEN_OAI	OK	1155	1155	
JPREPO_SETSUNAN_OAI	SLOW	0	0	
JPREPO_SOKA_OAI	SLOW	0	0	
JPREPO_SURUGADAI_OAI	SLOW	0	0	
JPREPO_TAKUSHOKU_U_OAI	OK	996	996	
JPREPO_TEIKYO_U_OAI	SLOW	0	0	
JPBIZ_SMRJ_NATIONAL	OK	20	20	
JPBIZ_SMRJ_HOKKAIDO	OK	20	20	
JPBIZ_SMRJ_TOHOKU	OK	19	19	
JPBIZ_SMRJ_KANTO	OK	20	20	
JPBIZ_SMRJ_CHUBU	OK	20	20	
JPBIZ_SMRJ_HOKURIKU	OK	20	20	
JPBIZ_SMRJ_KINKI	OK	20	20	
JPBIZ_SMRJ_CHUGOKU	OK	20	20	
JPBIZ_SMRJ_SHIKOKU	OK	19	19	
JPBIZ_SMRJ_KYUSHU	OK	15	15	
JPBIZ_SMRJ_OKINAWA	OK	4	4	
JPBIZ_TOBEN	OK	15	15	
JPBIZ_AIBEN	OK	8	8	
JPBIZ_KANAZAWABEN	OK	15	15	
JPBIZ_MED_JMA	OK	15	15	
JPBIZ_MIYAZAKI_CCI	OK	15	15	
JPBIZ_NEWSCAST	OK	100	100	
JPBIZ_EHIMEBEN	OK	10	10	
JPBIZ_FBENGOSHIKAI	OK	10	10	
JPBIZ_FUKUBEN	OK	10	10	
JPBIZ_FUKUSHIMA_CCI	OK	10	10	
JPBIZ_GUNBEN	OK	10	10	
JPBIZ_HAKOBEN	OK	50	50	
JPBIZ_HIROBEN	OK	10	10	
JPBIZ_HYOGOBEN	OK	15	15	
JPBIZ_IBABEN	OK	10	10	
JPBIZ_JAAA	OK	10	10	
JPBIZ_JATA	OK	10	10	
JPBIZ_JCCA_CONSULT	OK	10	10	
JPBIZ_JEITA	OK	20	20	
JPBIZ_JHRA	OK	50	50	
JPBIZ_JMF	OK	10	10	
JPBIZ_JPAA	OK	10	10	
JPBIZ_JTA_TRUCK	OK	10	10	
JPBIZ_KABEN	OK	10	10	
JPBIZ_KAWASAKI_CCI	OK	10	10	
JPBIZ_KUMABEN	OK	10	10	
JPBIZ_MAEBASHI_CCI	OK	10	10	
JPBIZ_MIEBEN	OK	10	10	
JPBIZ_MIYABEN	OK	8	8	
JPBIZ_NABEN	OK	50	50	
JPBIZ_NAGANO_CCI	EMPTY_UPSTREAM	0	0	
JPBIZ_NBEN	OK	50	50	
JPBIZ_NICHIZEIREN	OK	10	10	
JPBIZ_NIIGATABEN	OK	10	10	
JPBIZ_NIIGATA_CCI	OK	50	50	
JPBIZ_OITA_CCI	OK	10	10	
JPBIZ_OKAYAMA_CCI	OK	50	50	
JPBIZ_SAGABEN	OK	10	10	
JPBIZ_SAITAMA_CCI	OK	2	2	
JPBIZ_SHIZUOKA_CCI	EMPTY_UPSTREAM	0	0	
JPBIZ_TOKUBEN	OK	10	10	
JPBIZ_TOMIBEN	OK	10	10	
JPBIZ_TOTTORI_CCI	OK	50	50	
JPBIZ_YAMABEN	OK	10	10	
JPBIZ_YOKOHAMA_CCI	OK	50	50	
JPBIZ_ZENKEN_SO	OK	4	4	
JPBIZ_ATPRESS	OK	100	100	
JPBIZ_VALUEPRESS	OK	200	200	
JPBIZ_ZAIKEI_RELEASES	OK	50	50	
JPBIZ_AZBIL_IR	OK	30	30	
JPBIZ_EISAI_NEWS	OK	15	15	
JPBIZ_SEVENANDI_NEWS	OK	20	20	
JPBIZ_SEVENANDI_DISCLOSE	OK	20	20	
JPBIZ_TOKIOMARINE_REL	OK	10	10	
JPBIZ_TOKIOMARINE_NEWS	OK	10	10	
JPBIZ_TOKIOMARINE_IR	OK	10	10	
JPBIZ_NURSE	OK	100	100	
JPBIZ_JCCU_NEWSRELEASE	OK	5	5	
JPBIZ_JCCU_ANNOUNCE	OK	5	5	
JPBIZ_JCCU_AREANEWS	OK	5	5	
JPBIZ_JCCU_INFO	OK	5	5	
JPBIZ_JCCU_SUGGESTION	OK	5	5	
JPOD_GSP_MOJ_22GIFU_2024_2025	OK	46	46	
JPOD_GSP_MOJ_23AICHI_2022_2023	OK	78	78	
JPOD_GSP_MOJ_23AICHI_2024_2025	OK	77	77	
JPOD_GSP_MOJ_24MIE_2022_2023	OK	35	35	
JPOD_GSP_MOJ_24MIE_2024_2025	OK	35	35	
JPOD_GSP_MOJ_25SHIGA_2022_2023	OK	25	25	
JPOD_GSP_MOJ_25SHIGA_2024_2025	OK	23	23	
JPOD_GSP_MOJ_26KYOTO_2022_2023	OK	36	36	
JPOD_GSP_MOJ_26KYOTO_2024_2025	OK	36	36	
JPOD_GSP_MOJ_27OSAKA_2022_2023	OK	73	73	
JPOD_GSP_MOJ_27OSAKA_2024_2025	OK	73	73	
JPOD_GSP_MOJ_28HYOGO_2022_2023	OK	50	50	
JPOD_GSP_MOJ_28HYOGO_2024_2025	OK	49	49	
JPOD_GSP_MOJ_29NARA_2022_2023	OK	40	40	
JPOD_GSP_MOJ_29NARA_2024_2025	OK	39	39	
JPOD_GSP_MOJ_30WAKAYAMA_2022_2023	OK	31	31	
JPOD_GSP_MOJ_30WAKAYAMA_2024_2025	OK	31	31	
JPOD_GSP_MOJ_31TOTTORI_2022_2023	OK	21	21	
JPOD_GSP_MOJ_31TOTTORI_2024_2025	OK	20	20	
JPOD_GSP_MOJ_32SHIMANE_2022_2023	OK	24	24	
JPOD_GSP_MOJ_32SHIMANE_2024_2025	OK	22	22	
JPOD_GSP_MOJ_33OKAYAMA_2022_2023	OK	42	42	
JPOD_GSP_MOJ_33OKAYAMA_2024_2025	OK	42	42	
JPOD_GSP_MOJ_34HIROSHIMA_2022_2023	OK	31	31	
JPOD_GSP_MOJ_34HIROSHIMA_2024_2025	OK	30	30	
JPOD_GSP_MOJ_35YAMAGUCHI_2022_2023	OK	23	23	
JPOD_GSP_MOJ_35YAMAGUCHI_2024_2025	OK	21	21	
JPOD_GSP_MOJ_36TOKUSHIMA_2022_2023	OK	26	26	
JPOD_GSP_MOJ_36TOKUSHIMA_2024_2025	OK	25	25	
JPOD_GSP_MOJ_37KAGAWA_2022_2023	OK	18	18	
JPOD_GSP_MOJ_37KAGAWA_2024_2025	OK	17	17	
JPOD_GSP_MOJ_38EHIME_2022_2023	OK	25	25	
JPOD_GSP_MOJ_38EHIME_2024_2025	OK	21	21	
JPOD_GSP_MOJ_39KOCHI_2022_2023	OK	35	35	
JPOD_GSP_MOJ_39KOCHI_2024_2025	OK	35	35	
JPOD_GSP_MOJ_40FUKUOKA_2022_2023	OK	81	81	
JPOD_GSP_MOJ_40FUKUOKA_2024_2025	OK	80	80	
JPOD_GSP_MOJ_41SAGA_2022_2023	OK	26	26	
JPOD_GSP_MOJ_41SAGA_2024_2025	OK	24	24	
JPOD_GSP_MOJ_42NAGASAKI_2022_2023	OK	27	27	
JPOD_GSP_MOJ_42NAGASAKI_2024_2025	OK	25	25	
JPOD_GSP_MOJ_43KUMAMOTO_2022_2023	OK	58	58	
JPOD_GSP_MOJ_43KUMAMOTO_2024_2025	OK	51	51	
JPOD_GSP_MOJ_44OITA_2022_2023	OK	21	21	
JPOD_GSP_MOJ_44OITA_2024_2025	OK	19	19	
JPOD_GSP_MOJ_45MIYAZAKI_2022_2023	OK	31	31	
JPOD_GSP_MOJ_46KAGOSHIMA_2024_2025	OK	48	48	
JPOD_GSP_MOJ_47OKINAWA_2022_2023	OK	42	42	
JPOD_GSP_MOJ_47OKINAWA_2024_2025	OK	41	41	
JPOD_GSP_AIGID_MOJ_MAP	OK	1000	1000	
JPOD_GSP_OKAYAMA_TSUYAMA	OK	43	43	
JPOD_GSP_CHIBA_122203	OK	7	7	
JPOD_GSP_CHIBA_122271	OK	21	21	
JPOD_GSP_OKINAWA_47208	OK	5	5	
JPOD_GSP_KANAGAWA_142158	OK	6	6	
JPOD_GSP_SAITAMA_FUKAYA	OK	21	21	
JPOD_GSP_TOKYO_132217	OK	13	13	
JPOD_GSP_SAITAMA_112020	OK	6	6	
JPOD_GSP_NIIGATA_152137	OK	6	6	
JPOD_GSP_AKITA_052108	OK	8	8	
JPOD_GSP_TOKYO_132098	OK	8	8	
JPOD_GSP_MIYAGI_042129	OK	9	9	
JPOD_GSP_SAITAMA_112461	OK	6	6	
JPOD_GSP_TOKYO_131105	OK	5	5	
JPOD_GSP_KANAGAWA_141500	OK	10	10	
JPOD_GSP_CHIBA_122106	OK	25	25	
JPOD_GSP_IBARAKIPREF	OK	8	8	
JPOD_GSP_SHIGA_25206	OK	8	8	
JPOD_GSP_SAITAMA_112232	OK	5	5	
JPOD_GSP_KANAGAWA_142051	OK	5	5	
JPOD_GSP_SHIZUOKA_22216	OK	11	11	
JPOD_GSP_CHIBA_122297	OK	17	17	
JPOD_GSP_OSAKA_OSAKA	OK	54	54	
JPOD_GSP_TOKYO_131164	OK	5	5	
JPOD_GSP_IWATE_SHINRIN	OK	17	17	
JPOD_GSP_TOCHIGI_094111	OK	12	12	
JPOD_GSP_TOCHIGI_094072	OK	5	5	
JPOD_GSP_FUKUSHIMA_072036	OK	29	29	
JPOD_GSP_OITA_TOSHI	OK	16	16	
JPOD_GSP_TOSHI	OK	526	526	
JPOD_GSP_NIIGATA_152021	OK	8	8	
JPOD_GSP_NAGASAKIPREF	OK	18	18	
JPOD_GSP_TOKUSHIMA_36206	OK	14	14	
JPOD_GSP_AOMORI_022012	OK	37	37	
JPOD_GSP_AOMORIPREF	OK	6	6	
JPOD_GSP_SHIZUOKAPREF	OK	405	405	
JPOD_GSP_SAITAMA_112097	OK	5	5	
JPOD_GSP_KAGAWAPREF	OK	8	8	
JPKAIGO_HOME_VISIT_LONG_TERM_CARE_PROVIDERS	OK	34956	34956	
JPKAIGO_HOME_VISIT_BATHING_CARE_PROVIDERS	OK	1580	1580	
JPKAIGO_HOME_VISIT_NURSING_PROVIDERS	OK	17292	17292	
JPKAIGO_HOME_VISIT_REHABILITATION_PROVIDERS	OK	5022	5022	
JPKAIGO_DAY_CARE_CENTRES	OK	24705	24705	
JPKAIGO_MEDICAL_DAY_CARE_CENTRES	OK	55	55	
JPKAIGO_DAY_REHABILITATION_PROVIDERS	OK	7748	7748	
JPKAIGO_WELFARE_EQUIPMENT_RENTAL_PROVIDERS	OK	7036	7036	
JPKAIGO_SHORT_STAY_DAILY_LIFE_CARE_FACILITIES	OK	11257	11257	
JPKAIGO_SHORT_STAY_MEDICAL_CARE_AT_HEALTH_FACILITIES	OK	3708	3708	
JPKAIGO_SHORT_STAY_MEDICAL_CARE_IN_HOSPITAL_WARDS	OK	146	146	
JPKAIGO_SHORT_STAY_MEDICAL_CARE_AT_KAIGO_IRYOIN	OK	184	184	
JPKAIGO_DEMENTIA_GROUP_HOMES	OK	14287	14287	
JPKAIGO_FEE_BASED_ELDERLY_HOMES_WITH_CARE	OK	4419	4419	
JPKAIGO_LOW_COST_ELDERLY_HOMES_WITH_CARE	OK	508	508	
JPKAIGO_SERVICED_SENIOR_HOUSING_WITH_CARE	OK	605	605	
JPKAIGO_FEE_BASED_ELDERLY_HOMES_EXTERNAL_SERVICE_TYPE	OK	8	8	
JPKAIGO_LOW_COST_ELDERLY_HOMES_EXTERNAL_SERVICE_TYPE	OK	5	5	
JPKAIGO_SERVICED_SENIOR_HOUSING_EXTERNAL_SERVICE_TYPE	OK	9	9	
JPKAIGO_COMMUNITY_BASED_FEE_ELDERLY_HOMES	OK	255	255	
JPKAIGO_COMMUNITY_BASED_LOW_COST_HOMES	OK	64	64	
JPKAIGO_COMMUNITY_BASED_SERVICED_HOUSING	OK	53	53	
JPKAIGO_WELFARE_EQUIPMENT_SALES_PROVIDERS	OK	5874	5874	
JPKAIGO_CARE_MANAGEMENT_OFFICES	OK	36503	36503	
JPKAIGO_SPECIAL_NURSING_HOMES_FOR_THE_ELDERLY	OK	8496	8496	
JPKAIGO_LONG_TERM_CARE_HEALTH_FACILITIES	OK	4126	4126	
JPKAIGO_LONG_TERM_CARE_WARD_HOSPITALS	OK	100	100	
JPKAIGO_COMMUNITY_BASED_SPECIAL_NURSING_HOMES	OK	2543	2543	
JPKAIGO_LONG_TERM_CARE_MEDICAL_FACILITIES	OK	905	905	
JPKAIGO_NIGHT_TIME_HOME_VISIT_CARE_PROVIDERS	OK	205	205	
JPKAIGO_DEMENTIA_DAY_CARE_CENTRES	OK	3133	3133	
JPKAIGO_SMALL_SCALE_MULTIFUNCTIONAL_HOME_CARE	OK	5498	5498	
JPKAIGO_ROUND_THE_CLOCK_HOME_VISIT_CARE_AND_NURSING	OK	1411	1411	
JPKAIGO_MULTIFUNCTIONAL_HOME_CARE_WITH_NURSING	OK	1074	1074	
JPKAIGO_COMMUNITY_BASED_DAY_CARE_CENTRES	OK	18180	18180	
JPKEIZAI_ABENO	OK	10	10	
JPKEIZAI_ADACHI	OK	10	10	
JPKEIZAI_AKABANE	OK	10	10	
JPKEIZAI_AKASAKA	OK	10	10	
JPKEIZAI_AKIBA	OK	10	10	
JPKEIZAI_AKITA	OK	10	10	
JPKEIZAI_AMAMI_MINAMISANTOU	OK	10	10	
JPKEIZAI_AOMORI	OK	10	10	
JPKEIZAI_ASAHIKAWA	OK	10	10	
JPKEIZAI_ASAKUSA	OK	10	10	
JPKEIZAI_ASHIKAGA	OK	10	10	
JPKEIZAI_ATAMI	OK	10	10	
JPKEIZAI_BIWAKO_OTSU	OK	10	10	
JPKEIZAI_BUNKYO	OK	10	10	
JPKEIZAI_CHIBA	OK	10	10	
JPKEIZAI_CHICHIBU	OK	10	10	
JPKEIZAI_CHIKUHO	OK	10	10	
JPKEIZAI_CHOFU	OK	10	10	
JPKEIZAI_CHOSHI	OK	10	10	
JPKEIZAI_DAISEN	OK	10	10	
JPKEIZAI_EDOGAWA	OK	10	10	
JPKEIZAI_FUKUI	OK	10	10	
JPKEIZAI_FUKUSHIMA	OK	10	10	
JPKEIZAI_FUNABASHI	OK	10	10	
JPKEIZAI_GINZA	OK	10	10	
JPKEIZAI_HACHINOHE	OK	10	10	
JPKEIZAI_HACHIOJI	OK	10	10	
JPKEIZAI_HAKATA	OK	10	10	
JPKEIZAI_HAMAMATSU	OK	10	10	
JPKEIZAI_HIGASHIOSAKA	OK	10	10	
JPKEIZAI_HIKONE	OK	10	10	
JPKEIZAI_HIMEJI	OK	10	10	
JPKEIZAI_HIROSAKI	OK	10	10	
JPKEIZAI_HIROSHIMA	OK	10	10	
JPKEIZAI_HONJO	OK	10	10	
JPKEIZAI_HYUGA	OK	10	10	
JPKEIZAI_ICHIGAYA	OK	10	10	
JPKEIZAI_ICHIKAWA	OK	10	10	
JPKEIZAI_IIDA	OK	10	10	
JPKEIZAI_IKEBUKURO	OK	10	10	
JPKEIZAI_IKI_TSUSHIMA	OK	10	10	
JPKEIZAI_IMABARI	OK	10	10	
JPKEIZAI_INA	OK	10	10	
JPKEIZAI_ISESHIMA	OK	10	10	
JPKEIZAI_ISHIGAKI	OK	10	10	
JPKEIZAI_ITABASHI	OK	10	10	
JPKEIZAI_ITO	OK	10	10	
JPKEIZAI_IZU	OK	10	10	
JPKEIZAI_IZUNOKUNI	OK	10	10	
JPKEIZAI_JIYUGAOKA	OK	10	10	
JPKEIZAI_KAGOSHIMA	OK	10	10	
JPKEIZAI_KAKOGAWA	OK	10	10	
JPKEIZAI_KAMAKURA	OK	10	10	
JPKEIZAI_KANAZAWA	OK	10	10	
JPKEIZAI_KARASUMA	OK	10	10	
JPKEIZAI_KARUIZAWA	OK	10	10	
JPKEIZAI_KASUKABE	OK	10	10	
JPKEIZAI_KATSUSHIKA	OK	10	10	
JPKEIZAI_KAWAGOE	OK	10	10	
JPKEIZAI_KAWAGUCHI	OK	10	10	
JPKEIZAI_KICHIJOJI	OK	10	10	
JPKEIZAI_KITAMI	OK	10	10	
JPKEIZAI_KITSUKI	OK	10	10	
JPKEIZAI_KOBE	OK	10	10	
JPKEIZAI_KOENJI	OK	10	10	
JPKEIZAI_KOFU	OK	10	10	
JPKEIZAI_KOHOKU	OK	10	10	
JPKEIZAI_KOKURA	OK	10	10	
JPKEIZAI_KOTO	OK	10	10	
JPKEIZAI_KUJUKURI	OK	10	10	
JPKEIZAI_KUMAGAYA	OK	10	10	
JPKEIZAI_KUMAMOTO	OK	10	10	
JPKEIZAI_KURASHIKI	OK	10	10	
JPKEIZAI_KYOBASHI	OK	10	10	
JPKEIZAI_KYODO	OK	10	10	
JPKEIZAI_KYOTANGO	OK	10	10	
JPKEIZAI_MACHIDA	OK	10	10	
JPKEIZAI_MATSUDO	OK	10	10	
JPKEIZAI_MATSUMOTO	OK	10	10	
JPKEIZAI_MEIEKI	OK	10	10	
JPKEIZAI_MITO	OK	10	10	
JPKEIZAI_MIYAZAKI	OK	10	10	
JPKEIZAI_MORIOKA	OK	10	10	
JPKEIZAI_MTFUJI	OK	10	10	
JPKEIZAI_MUNAKATA	OK	10	10	
JPKEIZAI_NAGAHAMA	OK	10	10	
JPKEIZAI_NAGASAKI	OK	10	10	
JPKEIZAI_NAKANO	OK	10	10	
JPKEIZAI_NAMBA	OK	10	10	
JPKEIZAI_NARA	OK	10	10	
JPKEIZAI_NARASHINO	OK	10	10	
JPKEIZAI_NERIMA	OK	10	10	
JPKEIZAI_NIHOMBASHI	OK	10	10	
JPKEIZAI_NIKOTAMA	OK	10	10	
JPKEIZAI_NISHITAMA	OK	10	10	
JPKEIZAI_ODAWARA_HAKONE	OK	10	10	
JPKEIZAI_OITA	OK	10	10	
JPKEIZAI_OKAYAMA	OK	10	10	
JPKEIZAI_OMIHACHIMAN	OK	10	10	
JPKEIZAI_OMIYA	OK	10	10	
JPKEIZAI_ONGA	OK	10	10	
JPKEIZAI_OSAKABAY	OK	10	10	
JPKEIZAI_OTARU	OK	10	10	
JPKEIZAI_ROPPONGI	OK	10	10	
JPKEIZAI_SAGA	OK	10	10	
JPKEIZAI_SAKAE	OK	10	10	
JPKEIZAI_SANCHA	OK	10	10	
JPKEIZAI_SAPPORO	OK	10	10	
JPKEIZAI_SAYAMA	OK	10	10	
JPKEIZAI_SEMBA	OK	10	10	
JPKEIZAI_SENDAI	OK	10	10	
JPKEIZAI_SHIMODA	OK	10	10	
JPKEIZAI_SHIMOKITA	OK	10	10	
JPKEIZAI_SHINAGAWA	OK	10	10	
JPKEIZAI_SHINBASHI	OK	10	10	
JPKEIZAI_SHINJUKU	OK	10	10	
JPKEIZAI_SHONAN	OK	10	10	
JPKEIZAI_SHUNAN	OK	10	10	
JPKEIZAI_SOTOBO	OK	10	10	
JPKEIZAI_SUMIDA	OK	10	10	
JPKEIZAI_TACHIKAWA	OK	10	10	
JPKEIZAI_TAKADANOBABA	OK	10	10	
JPKEIZAI_TAKAMATSU	OK	10	10	
JPKEIZAI_TAKASAKI	OK	10	10	
JPKEIZAI_TENJIN	OK	10	10	
JPKEIZAI_TOKUSHIMA	OK	10	10	
JPKEIZAI_TOKYOBAY	OK	10	10	
JPKEIZAI_TOTTORI	OK	10	10	
JPKEIZAI_TOYOTA	OK	10	10	
JPKEIZAI_TSUKUBA	OK	10	10	
JPKEIZAI_UMEDA	OK	10	10	
JPKEIZAI_UNNAN	OK	10	10	
JPKEIZAI_URAWA	OK	10	10	
JPKEIZAI_URAYASU	OK	10	10	
JPKEIZAI_UTSUNOMIYA	OK	10	10	
JPKEIZAI_WAKAYAMA	OK	10	10	
JPKEIZAI_YAKUSHIMA	OK	10	10	
JPKEIZAI_YAMAGUCHI	OK	10	10	
JPKEIZAI_YAMBARU	OK	10	10	
JPKEIZAI_YOKOSUKA	OK	10	10	
JPKEIZAI_YOKOTE	OK	10	10	
JPKEIZAI_ZUSHI_HAYAMA	OK	10	10	
JPMEDIA_HOKKAIDO_SHIMBUN	OK	53	53	
JPMEDIA_SANYO_SHIMBUN	OK	10	10	
JPMEDIA_KAHOKU_SHIMPO	OK	678	678	
JPMEDIA_RYUKYU_SHIMPO	OK	1000	1000	
JPMEDIA_TBC_TOHOKU	OK	10	10	
JPMEDIA_QAB_OKINAWA	OK	10	10	
JPMEDIA_RESPONSE_AUTO	OK	50	50	
JPMEDIA_CNET_JAPAN	OK	30	30	
JPMEDIA_ZDNET_JAPAN	OK	30	30	
JPMEDIA_TRAICY	OK	30	30	
JPMEDIA_TRAVELVOICE	OK	10	10	
JPMEDIA_RYUTSUU_NEWS	OK	50	50	
JPMEDIA_LOGMI	OK	20	20	
JPMEDIA_DENKI_SHIMBUN	OK	100	100	
JPMEDIA_SHOGAKUKAN	OK	20	20	
JPMEDIA_GENTOSHA	OK	15	15	
JPMEDIA_SHUEISHA	OK	387	387	
JPMUNI_AKO_UPDATE	OK	50	50	
JPMUNI_GUJO_UPDATE_2	OK	50	50	
JPMUNI_IZUNOKUNI_UPDATE_2	OK	44	44	
JPMUNI_MINOH_UPDATE_2	OK	30	30	
JPMUNI_OITA_EVENT	OK	21	21	
JPMUNI_ASHIYA_UPDATE_2	OK	20	20	
JPMUNI_KIKUGAWA_UPDATE_2	OK	20	20	
JPMUNI_KUDAMATSU_HIGHLIGHTED	OK	20	20	
JPMUNI_YONAGO_UPDATE_2	OK	15	15	
JPMUNI_CHICHIBU_UPDATE_2	OK	15	15	
JPMUNI_KURAYOSHI_UPDATE_2	OK	15	15	
JPMUNI_MIZUHO_UPDATE_2	OK	15	15	
JPMUNI_TOYOAKE_UPDATE_2	OK	15	15	
JPMUNI_KOKA_UPDATE_2	OK	15	15	
JPMUNI_KANI_UPDATE_2	OK	15	15	
JPMUNI_AMAMI_HIGHLIGHTED	OK	13	13	
JPMUNI_TORIDE_UPDATE_2	OK	10	10	
JPMUNI_OKINAWA_UPDATE	OK	10	10	
JPMUNI_KAMAISHI_UPDATE	OK	10	10	
JPMUNI_OMURA_HIGHLIGHTED	OK	10	10	
JPMUNI_KYOTANABE_UPDATE	OK	10	10	
JPMUNI_AISAI_UPDATE	OK	10	10	
JPMUNI_ANJO_EVENT	OK	10	10	
JPMUNI_HASUDA_UPDATE	OK	10	10	
JPMUNI_KIRISHIMA_UPDATE	OK	10	10	
JPMUNI_TAMANA_UPDATE	OK	10	10	
JPMUNI_KAGOSHIMA_HIGHLIGHTED	OK	10	10	
JPMUNI_ICHIKIKUSHIKINO_UPDATE	OK	10	10	
JPMUNI_SAKAI_UPDATE	OK	10	10	
JPMUNI_ASO_UPDATE	OK	10	10	
JPMUNI_FUJINOMIYA_UPDATE	OK	10	10	
JPMUNI_FUJI_UPDATE	OK	10	10	
JPMUNI_CHIBA_UPDATE	OK	10	10	
JPMUNI_KUWANA_UPDATE	OK	10	10	
JPMUNI_URUMA_UPDATE	OK	10	10	
JPMUNI_YOKOSUKA_UPDATE	OK	10	10	
JPMUNI_FUJISAWA_UPDATE	OK	10	10	
JPMUNI_BUZEN_UPDATE	OK	10	10	
JPMUNI_SAITO_UPDATE	OK	10	10	
JPMUNI_OMITAMA_UPDATE	OK	10	10	
JPMUNI_MYOKO_UPDATE	OK	9	9	
JPMUNI_SAKAIMINATO_UPDATE	OK	9	9	
JPMUNI_MINAMIUONUMA_UPDATE	OK	9	9	
JPMUNI_TAINAI_RECRUITMENT	OK	6	6	
JPMUNI_HIOKI_UPDATE	OK	5	5	
JPMUNI_KASHIWA_EMERGENCY	OK	3	3	
JPMUNI_AKO_RECRUITMENT	OK	50	50	
JPMUNI_KIKUGAWA_UPDATE_3	OK	20	20	
JPMUNI_KIKUGAWA_UPDATE_4	OK	20	20	
JPMUNI_KIKUGAWA_UPDATE_5	OK	20	20	
JPMUNI_YONAGO_UPDATE_3	OK	15	15	
JPMUNI_YONAGO_UPDATE_4	OK	15	15	
JPMUNI_KURAYOSHI_UPDATE_3	OK	15	15	
JPMUNI_KURAYOSHI_UPDATE_4	OK	15	15	
JPMUNI_TOYOAKE_UPDATE_3	OK	15	15	
JPMUNI_KOKA_UPDATE_3	OK	15	15	
JPMUNI_KANI_UPDATE_3	OK	15	15	
JPMUNI_KIRISHIMA_RECRUITMENT	OK	10	10	
JPMUNI_TAMANA_UPDATE_2	OK	10	10	
JPMUNI_KAGOSHIMA_UPDATE	OK	10	10	
JPMUNI_KAGOSHIMA_RECRUITMENT	OK	10	10	
JPMUNI_KAGOSHIMA_UPDATE_2	OK	10	10	
JPMUNI_KAGOSHIMA_HIGHLIGHTED_2	OK	10	10	
JPMUNI_ICHIKIKUSHIKINO_RECRUITMENT	OK	10	10	
JPMUNI_SAKAI_UPDATE_2	OK	10	10	
JPMUNI_CHIBA_UPDATE_2	OK	10	10	
JPMUNI_FUJISAWA_UPDATE_2	OK	10	10	
JPMUNI_SAITO_UPDATE_2	OK	10	10	
JPMUNI_MINOH_UPDATE_3	OK	8	8	
JPMUNI_HASUDA_HIGHLIGHTED	OK	6	6	
JPMUNI_HIOKI_HIGHLIGHTED	OK	5	5	
JPMUNI_HIOKI_RECRUITMENT	OK	5	5	
JPMUNI_YOKOSUKA_UPDATE_2	OK	3	3	
JPMUNI_KOKA_UPDATE_4	OK	2	2	
JPMUNI_ICHIKIKUSHIKINO_EVENT	OK	10	10	
